ID,Form_ID,Cognateset_ID,Morph_Index
1,1-2e832695acc0021e408170941763724b-10677,55770,1
2,2-2e832695acc0021e408170941763724b-12198,55770,1
3,3-3a3addff5e0ccdd6eb05814af7491679-13778,55770,1
4,4-20a6f30e93c39155150cc195c6c563ab-14023,55770,1
5,79-5e45d41167e4c2ddf23aa94f7a1a4872-69670,55770,1
6,80-5e45d41167e4c2ddf23aa94f7a1a4872-70770,55770,1
7,1-1213c62fceeefdeb5bd6ed9620494246-9865,55771,2
8,2-1213c62fceeefdeb5bd6ed9620494246-11385,55771,2
9,3-1213c62fceeefdeb5bd6ed9620494246-12938,55771,2
10,4-1213c62fceeefdeb5bd6ed9620494246-14067,55771,2
11,79-1213c62fceeefdeb5bd6ed9620494246-70335,55771,2
12,80-1213c62fceeefdeb5bd6ed9620494246-70814,55771,2
13,4-f7a657c78a15abb5302fcf8acfcfe148-16062,55772,1
14,79-845c5c73f0ed1cd33befc290a5feec50-69998,55772,1
15,80-845c5c73f0ed1cd33befc290a5feec50-71482,55772,1
16,2-0cb76ccfda2870bb9f51541586e84b03-15869,55772,2
17,72-d4579b2688d675235f402f6b4b43bcbf-59548,55773,0
18,1-d4579b2688d675235f402f6b4b43bcbf-10679,55773,1
19,2-d4579b2688d675235f402f6b4b43bcbf-12201,55773,1
20,4-3a1e8b6b304ab2584ea43bbcb228a9b6-16187,55773,1
21,79-3d6e42e3d28f98c1e38c354aa6a614ff-69878,55773,1
22,80-3d6e42e3d28f98c1e38c354aa6a614ff-71607,55773,1
23,74-9a97eda6d89f5c9e84560468a0679707-60167,55774,0
24,2-9a97eda6d89f5c9e84560468a0679707-11120,55774,1
25,3-c9e6cb9d0a8159d85f5044f794dda070-12679,55774,1
26,4-2427f3a81d0055bb2fee171d9256da6b-14037,55774,1
27,73-9a97eda6d89f5c9e84560468a0679707-59765,55774,1
28,80-6067891eadc43d2cf1d6520dabe67a26-70784,55774,1
29,1-c9e6cb9d0a8159d85f5044f794dda070-9622,55774,2
30,79-6067891eadc43d2cf1d6520dabe67a26-69907,55774,3
31,1-17d965747c701d6ffb406cad0f4265dc-10777,55775,1
32,2-17d965747c701d6ffb406cad0f4265dc-12312,55775,1
33,3-17d965747c701d6ffb406cad0f4265dc-13734,55775,1
34,4-ea466148f58967d9f9b461547294be55-14502,55775,1
35,79-ff3f6a193d65709c4db6487202608586-70001,55775,1
36,80-ff3f6a193d65709c4db6487202608586-71249,55775,1
37,4-34d1f91fb2e514b8576fab1a75a89a6b-14057,55776,1
38,1-34d1f91fb2e514b8576fab1a75a89a6b-15178,55776,1
39,72-282a002dd8c2cb4e4a722c302719e292-59612,55776,1
40,80-34d1f91fb2e514b8576fab1a75a89a6b-70804,55776,1
41,1-de1a950da85f5e3d18138d6710a83331-9765,55777,1
42,4-aa6f1ae52070735cb72e4f297360792d-14186,55777,1
43,79-2c5ca38849d1b0b961844c065214ff1a-68207,55777,1
44,80-2c5ca38849d1b0b961844c065214ff1a-70933,55777,1
45,1-34b569aa5f872cc9d12a7f4e5adf8ec0-10134,55778,0
46,2-34b569aa5f872cc9d12a7f4e5adf8ec0-11658,55778,0
47,4-34b569aa5f872cc9d12a7f4e5adf8ec0-14121,55778,0
48,74-50c91a1c1d28b21c7adfaea39f0aef61-60075,55778,0
49,80-34b569aa5f872cc9d12a7f4e5adf8ec0-70868,55778,0
50,3-50c91a1c1d28b21c7adfaea39f0aef61-13224,55778,1
51,1-d0b1ac85b47023da02270375366abaa7-9875,55779,2
52,2-d0b1ac85b47023da02270375366abaa7-11395,55779,2
53,4-2f9c691594932556ef427450338a74b7-14074,55779,2
54,79-35129a9245fd8dacde0daf975d61d700-69539,55779,2
55,80-35129a9245fd8dacde0daf975d61d700-70821,55779,2
56,3-bd5f4b0419caa97dd2f9b4d3238ff92f-12395,55780,0
57,4-5f28bb24a7de74b914b857430681746a-14104,55780,0
58,72-1e4483e833025ac10e6184e75cb2d19d-59288,55780,0
59,72-a0f7335349f683b437fbb8ebf1ef3445-59412,55780,0
60,75-07202a7e6cbfbabe27abba87989f807e-60341,55780,0
61,80-ca2613c72cae2ffd700f8e98f0f5263d-70851,55780,0
62,2-1e4483e833025ac10e6184e75cb2d19d-10848,55780,1
63,72-841a2d689ad86bd1611447453c22c6fc-59335,55780,1
64,73-07202a7e6cbfbabe27abba87989f807e-59795,55780,1
65,74-841a2d689ad86bd1611447453c22c6fc-59923,55780,1
66,79-ca2613c72cae2ffd700f8e98f0f5263d-69264,55780,1
67,3-bb7409e82cb01b88edc816a6b2f3ec7d-13038,55781,0
68,4-bb7409e82cb01b88edc816a6b2f3ec7d-14591,55781,0
69,79-18447835972112dff20bdca9604a7e57-68657,55781,0
70,80-18447835972112dff20bdca9604a7e57-71338,55781,0
71,1-bb7409e82cb01b88edc816a6b2f3ec7d-9950,55781,1
72,72-e7efda40b1c94805070cd9bf9638ae27-59359,55782,1
73,79-50cf81cddcdefedce553079b65392ab5-68570,55782,1
74,1-4ab4aca1c61c78b89338c3e3804e0e9d-9713,55782,2
75,4-906ef3ceb61fb3ab81914f0c3c2c9499-16157,55782,2
76,80-50cf81cddcdefedce553079b65392ab5-71577,55782,2
77,3-4ab4aca1c61c78b89338c3e3804e0e9d-12775,55782,3
78,1-ee5208ab62d1a569908fde449c87da98-10696,55783,1
79,2-ee5208ab62d1a569908fde449c87da98-12221,55783,1
80,3-ee5208ab62d1a569908fde449c87da98-13805,55783,1
81,4-ee5208ab62d1a569908fde449c87da98-16135,55783,1
82,79-917323de2a0ffbdf7371b2ec14f43689-69816,55783,1
83,80-917323de2a0ffbdf7371b2ec14f43689-71555,55783,1
84,1-69d4bb17f27c77514f91f524ecae24d0-10701,55784,2
85,2-69d4bb17f27c77514f91f524ecae24d0-12227,55784,2
86,4-69d4bb17f27c77514f91f524ecae24d0-16170,55784,2
87,79-b3d9f948c25f13e79b70077f03a01794-69712,55784,2
88,80-b3d9f948c25f13e79b70077f03a01794-71590,55784,2
89,3-dcab87ce57b56a3fd944a8108abf634c-13814,55784,3
90,1-b1b9a972ccd8c962a473909b97007eb4-10127,55785,1
91,2-b1b9a972ccd8c962a473909b97007eb4-11651,55785,1
92,4-b1b9a972ccd8c962a473909b97007eb4-14222,55785,1
93,72-b1b9a972ccd8c962a473909b97007eb4-59450,55785,1
94,74-b1b9a972ccd8c962a473909b97007eb4-60063,55785,1
95,80-b1b9a972ccd8c962a473909b97007eb4-70969,55785,1
96,1-d8ff99616fc9df8a54a32eec86ba8109-9608,55786,1
97,4-d8ff99616fc9df8a54a32eec86ba8109-14152,55786,1
98,12-d8ff99616fc9df8a54a32eec86ba8109-15029,55786,1
99,13-d8ff99616fc9df8a54a32eec86ba8109-15089,55786,1
100,74-d8ff99616fc9df8a54a32eec86ba8109-59935,55786,1
101,75-d8ff99616fc9df8a54a32eec86ba8109-60309,55786,1
102,79-d8ff99616fc9df8a54a32eec86ba8109-70461,55786,1
103,80-d8ff99616fc9df8a54a32eec86ba8109-70899,55786,1
104,2-d8ff99616fc9df8a54a32eec86ba8109-11110,55786,2
105,3-d8ff99616fc9df8a54a32eec86ba8109-12665,55786,2
106,10-d8ff99616fc9df8a54a32eec86ba8109-14908,55786,2
107,11-d8ff99616fc9df8a54a32eec86ba8109-14969,55786,2
108,73-d8ff99616fc9df8a54a32eec86ba8109-59763,55786,2
109,1-30056e1cab7a61d256fc8edd970d14f5-10122,55787,1
110,3-30056e1cab7a61d256fc8edd970d14f5-13212,55787,1
111,4-30056e1cab7a61d256fc8edd970d14f5-14539,55787,1
112,72-30056e1cab7a61d256fc8edd970d14f5-59445,55787,1
113,74-30056e1cab7a61d256fc8edd970d14f5-60052,55787,1
114,74-30056e1cab7a61d256fc8edd970d14f5-60053,55787,1
115,80-30056e1cab7a61d256fc8edd970d14f5-71286,55787,1
116,74-613d5e4f4cd6c68618ac86bd244c7153-60174,55788,1
117,79-d8ff99616fc9df8a54a32eec86ba8109-70461,55788,1
118,1-dcb1a632ff1b1ef686228460be95d73f-9613,55788,2
119,4-613d5e4f4cd6c68618ac86bd244c7153-15960,55788,2
120,80-d8ff99616fc9df8a54a32eec86ba8109-71380,55788,2
121,12-bab4ff04cc14af66e4d42c85f888cfe6-15048,55789,0
122,1-bab4ff04cc14af66e4d42c85f888cfe6-10237,55789,1
123,2-bab4ff04cc14af66e4d42c85f888cfe6-11754,55789,1
124,3-bab4ff04cc14af66e4d42c85f888cfe6-13325,55789,1
125,4-bab4ff04cc14af66e4d42c85f888cfe6-14194,55789,1
126,10-bab4ff04cc14af66e4d42c85f888cfe6-14927,55789,1
127,11-bab4ff04cc14af66e4d42c85f888cfe6-14988,55789,1
128,13-bab4ff04cc14af66e4d42c85f888cfe6-15108,55789,1
129,72-bab4ff04cc14af66e4d42c85f888cfe6-59381,55789,1
130,73-bab4ff04cc14af66e4d42c85f888cfe6-59788,55789,1
131,74-bab4ff04cc14af66e4d42c85f888cfe6-59970,55789,1
132,75-bab4ff04cc14af66e4d42c85f888cfe6-60334,55789,1
133,79-78bb6350aca1ac5a77dc3fafe6fa8a45-68415,55789,1
134,80-78bb6350aca1ac5a77dc3fafe6fa8a45-70941,55789,1
135,1-41d1de28e96dc1cde568d3b068fa17bb-9600,55790,0
136,4-41d1de28e96dc1cde568d3b068fa17bb-14123,55790,0
137,72-41d1de28e96dc1cde568d3b068fa17bb-59349,55790,0
138,80-41d1de28e96dc1cde568d3b068fa17bb-70870,55790,0
139,2-41d1de28e96dc1cde568d3b068fa17bb-11104,55790,1
140,3-41d1de28e96dc1cde568d3b068fa17bb-12656,55790,1
141,73-41d1de28e96dc1cde568d3b068fa17bb-59803,55790,1
142,75-41d1de28e96dc1cde568d3b068fa17bb-60348,55790,2
143,1-d8862646c09125096d06d16a074858e7-9820,55791,1
144,4-d8862646c09125096d06d16a074858e7-16127,55791,1
145,80-d8862646c09125096d06d16a074858e7-71547,55791,1
146,3-d8862646c09125096d06d16a074858e7-12891,55791,4
147,1-6b157916b43b09df5a22f658ccb92b64-9799,55792,1
148,2-6b157916b43b09df5a22f658ccb92b64-11319,55792,1
149,10-6b157916b43b09df5a22f658ccb92b64-14899,55792,1
150,11-6b157916b43b09df5a22f658ccb92b64-14960,55792,1
151,12-6b157916b43b09df5a22f658ccb92b64-15020,55792,1
152,13-6b157916b43b09df5a22f658ccb92b64-15080,55792,1
153,4-6b157916b43b09df5a22f658ccb92b64-16085,55792,1
154,72-6b157916b43b09df5a22f658ccb92b64-59369,55792,1
155,73-6b157916b43b09df5a22f658ccb92b64-59752,55792,1
156,74-6b157916b43b09df5a22f658ccb92b64-59958,55792,1
157,75-6b157916b43b09df5a22f658ccb92b64-60298,55792,1
158,79-74a5dd4dcf98ad8736286cc0b601efb6-69266,55792,1
159,80-74a5dd4dcf98ad8736286cc0b601efb6-70931,55792,1
160,3-6b157916b43b09df5a22f658ccb92b64-12866,55792,2
161,2-5144abbeb84239f038276f8e36b2251d-11189,55793,2
162,4-5144abbeb84239f038276f8e36b2251d-16309,55793,2
163,79-1f47b5548910f7b5128a5d6985875238-70345,55793,2
164,80-1f47b5548910f7b5128a5d6985875238-71729,55793,2
165,1-40a1269384fda0e2827b751a7d34cec0-9922,55794,1
166,4-40a1269384fda0e2827b751a7d34cec0-16305,55794,1
167,80-40a1269384fda0e2827b751a7d34cec0-71725,55794,1
168,2-40a1269384fda0e2827b751a7d34cec0-11443,55794,2
169,72-81b63b9d54b303edeaf9765a6915ee13-59550,55795,0
170,74-81b63b9d54b303edeaf9765a6915ee13-60166,55795,0
171,75-81b63b9d54b303edeaf9765a6915ee13-60305,55795,0
172,2-f3de0b8ba53e538ad24dd434c638d451-11080,55795,1
173,3-a60dfa68dea23b9c17159fa368f13405-12620,55795,1
174,4-81b63b9d54b303edeaf9765a6915ee13-16100,55795,1
175,73-81b63b9d54b303edeaf9765a6915ee13-59759,55795,1
176,79-e11c1e356a36155ea70bd94f81a9066f-70056,55795,1
177,80-e11c1e356a36155ea70bd94f81a9066f-71520,55795,1
178,74-eb88d7636980738cd0522ea69e212905-60203,55796,0
179,2-eb88d7636980738cd0522ea69e212905-12226,55796,1
180,3-9d27fb7f6f373a6cee6a29e7c64af887-13811,55796,1
181,72-eb88d7636980738cd0522ea69e212905-59587,55796,1
182,1-ba6bbc3f09fc8179cc8d7cf2e8df881c-10700,55796,2
183,4-ba6bbc3f09fc8179cc8d7cf2e8df881c-15939,55796,2
184,79-e133521f838801fda6c157411dac0e56-70488,55796,2
185,80-e133521f838801fda6c157411dac0e56-71359,55796,2
186,2-8cbad96aced40b3838dd9f07f6ef5772-11645,55797,1
187,4-8cbad96aced40b3838dd9f07f6ef5772-15926,55797,1
188,72-8cbad96aced40b3838dd9f07f6ef5772-59444,55797,1
189,74-8cbad96aced40b3838dd9f07f6ef5772-60051,55797,1
190,80-8cbad96aced40b3838dd9f07f6ef5772-71346,55797,1
191,1-a1ec23e9b9ab43a88222d9949ee26499-10680,55798,1
192,4-a1ec23e9b9ab43a88222d9949ee26499-15933,55798,1
193,73-a1ec23e9b9ab43a88222d9949ee26499-59774,55798,1
194,79-8221b094b7b977850b65e92d89ce85e3-70432,55798,1
195,80-8221b094b7b977850b65e92d89ce85e3-71353,55798,1
196,72-c12c697b73f0e48ae2ac58abd2cd6fb8-59622,55798,2
197,10-50d48c9002eb08e248225c1d91732bbc-14923,55799,1
198,12-50d48c9002eb08e248225c1d91732bbc-15044,55799,1
199,13-50d48c9002eb08e248225c1d91732bbc-15104,55799,1
200,72-50d48c9002eb08e248225c1d91732bbc-59370,55799,1
201,74-50d48c9002eb08e248225c1d91732bbc-59959,55799,1
202,75-2728da724abc123740388020819745b0-60328,55799,1
203,1-b576e248c2353138fbd9dc63952ba873-9583,55799,2
204,2-e5c095f0cd4eeda38bf0f4d957e90435-11092,55799,2
205,3-dc63fd3462662506c7f947a34b3dbc65-12637,55799,2
206,11-50d48c9002eb08e248225c1d91732bbc-14984,55799,2
207,4-50d48c9002eb08e248225c1d91732bbc-16130,55799,2
208,73-2728da724abc123740388020819745b0-59782,55799,2
209,79-1c093fe7e99df2cdf3b536982d0ff25c-68422,55799,2
210,80-1c093fe7e99df2cdf3b536982d0ff25c-71550,55799,2
211,1-d9e5d212320e7d96e921831554be696d-9953,55800,1
212,2-d9e5d212320e7d96e921831554be696d-11477,55800,1
213,4-d9e5d212320e7d96e921831554be696d-15980,55800,1
214,80-34dc2cd1276ffaa96102030a72403efc-71400,55800,1
215,79-34dc2cd1276ffaa96102030a72403efc-70428,55800,2
216,1-21da2a0a449e17af8a0b9ead3d9bf869-10158,55801,1
217,2-21da2a0a449e17af8a0b9ead3d9bf869-11680,55801,1
218,3-21da2a0a449e17af8a0b9ead3d9bf869-13250,55801,1
219,4-21da2a0a449e17af8a0b9ead3d9bf869-16238,55801,1
220,79-be8259dca5b7ffd53d60be1fb33a760b-68454,55801,1
221,80-be8259dca5b7ffd53d60be1fb33a760b-71658,55801,1
222,1-f97c5d29941bfb1b2fdab0874906ab82-15287,55802,1
223,2-f97c5d29941bfb1b2fdab0874906ab82-15696,55802,1
224,72-f97c5d29941bfb1b2fdab0874906ab82-59441,55802,1
225,75-f97c5d29941bfb1b2fdab0874906ab82-60349,55802,1
226,79-f8036f19f2e5102f1c9cc5f72fed3a79-68828,55803,0
227,1-ceb20772e0c9d240c75eb26b0e37abee-10095,55803,1
228,3-ceb20772e0c9d240c75eb26b0e37abee-13184,55803,1
229,10-ceb20772e0c9d240c75eb26b0e37abee-14942,55803,1
230,11-ceb20772e0c9d240c75eb26b0e37abee-15003,55803,1
231,12-ceb20772e0c9d240c75eb26b0e37abee-15063,55803,1
232,4-ceb20772e0c9d240c75eb26b0e37abee-15975,55803,1
233,74-ceb20772e0c9d240c75eb26b0e37abee-60008,55803,1
234,80-f8036f19f2e5102f1c9cc5f72fed3a79-71395,55803,1
235,2-ceb20772e0c9d240c75eb26b0e37abee-11619,55803,2
236,1-bb3aec0fdcdbc2974890f805c585d432-10124,55804,1
237,2-bb3aec0fdcdbc2974890f805c585d432-11648,55804,1
238,3-bb3aec0fdcdbc2974890f805c585d432-13214,55804,1
239,4-bb3aec0fdcdbc2974890f805c585d432-16150,55804,1
240,74-bb3aec0fdcdbc2974890f805c585d432-60056,55804,1
241,80-bb3aec0fdcdbc2974890f805c585d432-71570,55804,1
242,2-b174e4cd6c60c48b29ef4cf6c47da261-11694,55805,1
243,3-62a2b695345976567b7572035c6afd41-13264,55805,1
244,4-b174e4cd6c60c48b29ef4cf6c47da261-16220,55805,1
245,79-b174e4cd6c60c48b29ef4cf6c47da261-69366,55805,1
246,80-b174e4cd6c60c48b29ef4cf6c47da261-71640,55805,1
247,1-2ca578aa88ec758e564db6fea28039f2-10683,55806,1
248,4-2ca578aa88ec758e564db6fea28039f2-15943,55806,1
249,79-72cb4f0ced583f1cb7dea2719cd8e80a-70304,55806,1
250,80-72cb4f0ced583f1cb7dea2719cd8e80a-71363,55806,1
251,1-b8a9f715dbb64fd5c56e7783c6820a61-10119,55807,1
252,2-b8a9f715dbb64fd5c56e7783c6820a61-11643,55807,1
253,4-b8a9f715dbb64fd5c56e7783c6820a61-16122,55807,1
254,72-b8a9f715dbb64fd5c56e7783c6820a61-59442,55807,1
255,73-b8a9f715dbb64fd5c56e7783c6820a61-59828,55807,1
256,74-b8a9f715dbb64fd5c56e7783c6820a61-60046,55807,1
257,75-b8a9f715dbb64fd5c56e7783c6820a61-60374,55807,1
258,79-fb152ffcdaf7470dbe1817c84dfffd77-70673,55807,1
259,80-fb152ffcdaf7470dbe1817c84dfffd77-71542,55807,1
260,1-0461ebd2b773878eac9f78a891912d65-10743,55808,1
261,2-0461ebd2b773878eac9f78a891912d65-12271,55808,1
262,3-0461ebd2b773878eac9f78a891912d65-13869,55808,1
263,4-0461ebd2b773878eac9f78a891912d65-16099,55808,1
264,79-53dcfe2b29b1b0a3b741c2617ad1f429-70307,55808,1
265,80-53dcfe2b29b1b0a3b741c2617ad1f429-71519,55808,1
266,74-53b9e9679a8ea25880376080b76f98ad-60220,55809,0
267,1-53b9e9679a8ea25880376080b76f98ad-10722,55809,1
268,3-53b9e9679a8ea25880376080b76f98ad-13837,55809,1
269,4-53b9e9679a8ea25880376080b76f98ad-16300,55809,1
270,79-53b9e9679a8ea25880376080b76f98ad-69580,55809,1
271,80-53b9e9679a8ea25880376080b76f98ad-71720,55809,1
272,1-c785e1ed2950e3e36b1e2ca01f299a54-10126,55810,1
273,2-c785e1ed2950e3e36b1e2ca01f299a54-11650,55810,1
274,3-c785e1ed2950e3e36b1e2ca01f299a54-13216,55810,1
275,4-c785e1ed2950e3e36b1e2ca01f299a54-16043,55810,1
276,72-c785e1ed2950e3e36b1e2ca01f299a54-59449,55810,1
277,74-c785e1ed2950e3e36b1e2ca01f299a54-60060,55810,1
278,74-c785e1ed2950e3e36b1e2ca01f299a54-60061,55810,1
279,79-c785e1ed2950e3e36b1e2ca01f299a54-68783,55810,1
280,80-c785e1ed2950e3e36b1e2ca01f299a54-71463,55810,1
281,1-a57fc812a9521b8c0ede9a2724351a55-9793,55811,1
282,2-a57fc812a9521b8c0ede9a2724351a55-11313,55811,1
283,3-a57fc812a9521b8c0ede9a2724351a55-12860,55811,1
284,10-a57fc812a9521b8c0ede9a2724351a55-14901,55811,1
285,11-a57fc812a9521b8c0ede9a2724351a55-14962,55811,1
286,12-a57fc812a9521b8c0ede9a2724351a55-15022,55811,1
287,13-a57fc812a9521b8c0ede9a2724351a55-15082,55811,1
288,4-a57fc812a9521b8c0ede9a2724351a55-16028,55811,1
289,73-a57fc812a9521b8c0ede9a2724351a55-59753,55811,1
290,74-a57fc812a9521b8c0ede9a2724351a55-59957,55811,1
291,75-a57fc812a9521b8c0ede9a2724351a55-60299,55811,1
292,80-f13460bd46c28e73e8d2b6122bea2241-71448,55811,1
293,79-f13460bd46c28e73e8d2b6122bea2241-68316,55811,2
294,4-5d7d36319ea48472c1a963b9c6c2b252-16240,55812,1
295,75-5d7d36319ea48472c1a963b9c6c2b252-60300,55812,1
296,79-f60c4d399dd660cfd5b9da2e90d3bbda-68403,55812,1
297,80-f60c4d399dd660cfd5b9da2e90d3bbda-71660,55812,1
298,2-5d7d36319ea48472c1a963b9c6c2b252-11162,55812,2
299,73-5d7d36319ea48472c1a963b9c6c2b252-59754,55812,2
300,1-3ca5088d02dfb0fc668a0e2898ec3d93-10181,55814,1
301,2-3ca5088d02dfb0fc668a0e2898ec3d93-11699,55814,1
302,3-3ca5088d02dfb0fc668a0e2898ec3d93-13267,55814,1
303,4-3ca5088d02dfb0fc668a0e2898ec3d93-16222,55814,1
304,79-fb2b3d76b990ff77d0ce32cf9753466c-69361,55814,1
305,80-fb2b3d76b990ff77d0ce32cf9753466c-71642,55814,1
306,1-dce41a93f7edb175dfc59a4d52105847-9508,55815,1
307,2-dce41a93f7edb175dfc59a4d52105847-11017,55815,1
308,72-dce41a93f7edb175dfc59a4d52105847-59290,55815,1
309,1-bd352c8df49c325dd22ad8867e6ef874-10739,55816,2
310,2-bd352c8df49c325dd22ad8867e6ef874-12266,55816,2
311,4-bd352c8df49c325dd22ad8867e6ef874-15934,55816,2
312,79-b8e9c840722611595abbd153596ceac7-70370,55816,2
313,80-b8e9c840722611595abbd153596ceac7-71354,55816,2
314,1-1cbfb724ceee46cd879df7c7cfbe7dca-10633,55817,1
315,2-1cbfb724ceee46cd879df7c7cfbe7dca-12150,55817,1
316,4-1cbfb724ceee46cd879df7c7cfbe7dca-16058,55817,1
317,79-32a44c5c02252785cc88654aa968bc3a-69628,55817,1
318,80-32a44c5c02252785cc88654aa968bc3a-71478,55817,1
319,3-07c32568f84eba49f7c8c058adbb719f-13885,55817,2
320,1-67537fe8cfd8b4c8e036a19404dfba38-10673,55818,1
321,3-67537fe8cfd8b4c8e036a19404dfba38-13773,55818,1
322,4-a1d4ff44b5c98492421a029aab3eeed0-14264,55818,1
323,80-a1d4ff44b5c98492421a029aab3eeed0-71011,55818,1
324,1-48bb6e862e54f2a795ffc4e541caed4d-10787,55819,1
325,2-48bb6e862e54f2a795ffc4e541caed4d-12325,55819,1
326,4-9bb1e2ed56600b8f913207ea063751a7-16269,55819,1
327,79-683f9e32a19203434c6be37261ad8a84-69770,55819,1
328,80-683f9e32a19203434c6be37261ad8a84-71689,55819,1
329,72-9a97eda6d89f5c9e84560468a0679707-59551,55820,0
330,1-123dbde6f43c6f1e39d72ec3518eae86-9621,55820,1
331,4-a8df60873ea7c61a35d4db5641d14353-16171,55820,1
332,79-54efbf6f980abe8db9072235546ba0b5-69905,55820,1
333,80-54efbf6f980abe8db9072235546ba0b5-71591,55820,1
334,3-938c2cc0dcc05f2b68c4287040cfcf71-12487,55821,0
335,11-83e4a96aed96436c621b9809e258b309-14976,55821,0
336,12-83e4a96aed96436c621b9809e258b309-15036,55821,0
337,4-83e4a96aed96436c621b9809e258b309-16108,55821,0
338,72-83e4a96aed96436c621b9809e258b309-59321,55821,0
339,73-83e4a96aed96436c621b9809e258b309-59770,55821,0
340,74-83e4a96aed96436c621b9809e258b309-59909,55821,0
341,75-83e4a96aed96436c621b9809e258b309-60316,55821,0
342,79-83e4a96aed96436c621b9809e258b309-70229,55821,0
343,80-83e4a96aed96436c621b9809e258b309-71528,55821,0
344,1-2987b46d0cce82f1ce38e08c23f39cc1-9491,55821,1
345,2-2987b46d0cce82f1ce38e08c23f39cc1-11000,55821,1
346,13-83e4a96aed96436c621b9809e258b309-15096,55821,1
347,72-af17bc3b4a86a96a0f053a7e5f7c18ba-59598,55822,0
348,74-af17bc3b4a86a96a0f053a7e5f7c18ba-60214,55822,0
349,75-7ec561263191987b17f03480041315f8-60317,55822,0
350,1-af17bc3b4a86a96a0f053a7e5f7c18ba-10636,55822,1
351,2-f2adddb226ae9915d47e801cc82caf75-12182,55822,1
352,3-f2adddb226ae9915d47e801cc82caf75-13762,55822,1
353,4-af17bc3b4a86a96a0f053a7e5f7c18ba-16026,55822,1
354,73-7ec561263191987b17f03480041315f8-59771,55822,1
355,80-af17bc3b4a86a96a0f053a7e5f7c18ba-71446,55822,1
356,4-fd2cfade93518ddd6cff5cb8c6906b17-16174,55823,1
357,72-fd2cfade93518ddd6cff5cb8c6906b17-59350,55823,1
358,80-fd2cfade93518ddd6cff5cb8c6906b17-71594,55823,1
359,2-451e85399432c705cbefb90f28742bf3-11139,55823,2
360,72-85f06cc816f93b8a6dbb1a494f813358-59482,55824,0
361,1-85f06cc816f93b8a6dbb1a494f813358-10779,55824,2
362,2-85f06cc816f93b8a6dbb1a494f813358-12313,55824,2
363,4-85f06cc816f93b8a6dbb1a494f813358-16124,55824,2
364,79-fa644fce380c303ab1278c68de80e459-70549,55824,2
365,80-fa644fce380c303ab1278c68de80e459-71544,55824,2
366,2-4d4ba904b38d85f8001cd15526c82a56-11398,55826,1
367,4-4d4ba904b38d85f8001cd15526c82a56-16196,55826,1
368,80-4d4ba904b38d85f8001cd15526c82a56-71616,55826,1
369,1-b2f89823829d173028627e4b01b93037-10707,55827,1
370,2-b2f89823829d173028627e4b01b93037-12232,55827,1
371,79-425982c5262c36274ea1c3dd8e1edbd6-70453,55827,1
372,4-425982c5262c36274ea1c3dd8e1edbd6-16143,55827,2
373,80-425982c5262c36274ea1c3dd8e1edbd6-71563,55827,2
374,1-c168a2bc673be90e75392d921959237c-10702,55828,2
375,2-c168a2bc673be90e75392d921959237c-12228,55828,2
376,3-dfa62538dec537cd07234f063e1b733a-13815,55828,2
377,4-c168a2bc673be90e75392d921959237c-16032,55828,2
378,80-c168a2bc673be90e75392d921959237c-71452,55828,2
379,2-bc89f1a57c73fc603cc949b5e9d7c026-11173,55829,2
380,3-bc89f1a57c73fc603cc949b5e9d7c026-12755,55829,2
381,3-4cbfe67340292113c37189ac59871696-13726,55830,0
382,4-4cbfe67340292113c37189ac59871696-15966,55830,0
383,74-4cbfe67340292113c37189ac59871696-60033,55830,0
384,79-0a401960b98e9bc4f78d1b760508992e-70230,55830,0
385,80-0a401960b98e9bc4f78d1b760508992e-71386,55830,0
386,1-4cbfe67340292113c37189ac59871696-9919,55830,1
387,4-581aebd3e4cf50407204c9e5af511027-16260,55831,0
388,79-f97ee44aefd797519351ae90825e0730-68977,55831,0
389,79-8332189037ebe7b280743783345c6f5c-68987,55831,0
390,80-8332189037ebe7b280743783345c6f5c-71680,55831,0
391,3-8332189037ebe7b280743783345c6f5c-12921,55831,1
392,1-1b7d5726533ab525a8760351e9b5e415-10190,55832,0
393,2-1b7d5726533ab525a8760351e9b5e415-11707,55832,1
394,3-1b7d5726533ab525a8760351e9b5e415-13261,55832,1
395,4-1b7d5726533ab525a8760351e9b5e415-16091,55832,1
396,80-71344346391cedffcaaa24613b411299-71511,55832,1
397,72-f6182f0359f72aae12fb90d305ccf9eb-59500,55832,2
398,79-71344346391cedffcaaa24613b411299-68451,55832,2
399,74-2b0cf9520521ebe2b9c24fd0449d0ad7-59886,55832,3
400,1-4aa1e7414849577e6d4c076c08782d3a-10698,55834,1
401,2-4aa1e7414849577e6d4c076c08782d3a-12222,55834,1
402,3-1c5dd7d494fb3dacb6eb7625d887f00c-13807,55834,1
403,4-4aa1e7414849577e6d4c076c08782d3a-16258,55834,1
404,80-4aa1e7414849577e6d4c076c08782d3a-71678,55834,1
405,4-c5af0543407a6e8ba11db6a69f792014-14418,55835,0
406,10-c5af0543407a6e8ba11db6a69f792014-14938,55835,0
407,11-c5af0543407a6e8ba11db6a69f792014-14999,55835,0
408,12-c5af0543407a6e8ba11db6a69f792014-15059,55835,0
409,80-c5af0543407a6e8ba11db6a69f792014-71165,55835,0
410,1-0d8dc086e16e3ac48f05d555994da7d7-9790,55835,1
411,2-0d8dc086e16e3ac48f05d555994da7d7-11310,55835,1
412,3-0d8dc086e16e3ac48f05d555994da7d7-12857,55835,1
413,4-0d8dc086e16e3ac48f05d555994da7d7-15969,55835,1
414,72-0d8dc086e16e3ac48f05d555994da7d7-59413,55835,1
415,74-0d8dc086e16e3ac48f05d555994da7d7-60006,55835,1
416,79-a1b8df531ad4fd532cfad6707d712b1c-69268,55835,1
417,79-0d8dc086e16e3ac48f05d555994da7d7-70024,55835,1
418,80-0d8dc086e16e3ac48f05d555994da7d7-71389,55835,1
419,1-36ea88c42525c5f42ebbe0fd38a893a5-10785,55837,1
420,4-36ea88c42525c5f42ebbe0fd38a893a5-16041,55837,1
421,79-45ac816cb848b5f1ed60e718964ffa3a-69632,55837,1
422,80-45ac816cb848b5f1ed60e718964ffa3a-71461,55837,1
423,4-06d80eb0c50b49a509b49f2424e8c805-15988,55838,0
424,72-06d80eb0c50b49a509b49f2424e8c805-59312,55838,0
425,74-06d80eb0c50b49a509b49f2424e8c805-59899,55838,0
426,75-06d80eb0c50b49a509b49f2424e8c805-60306,55838,0
427,79-06d80eb0c50b49a509b49f2424e8c805-68945,55838,0
428,80-06d80eb0c50b49a509b49f2424e8c805-71408,55838,0
429,1-8d183216199588c13a04fc83e1afc87f-9381,55838,1
430,2-8d183216199588c13a04fc83e1afc87f-10890,55838,1
431,73-06d80eb0c50b49a509b49f2424e8c805-59760,55838,1
432,1-7bd17e344d7d4e490ae68b1c28b9662d-9864,55839,1
433,3-0e9312087f58f367d001ec9bae8f325a-12937,55839,1
434,10-0e9312087f58f367d001ec9bae8f325a-14910,55839,1
435,11-0e9312087f58f367d001ec9bae8f325a-14971,55839,1
436,12-0e9312087f58f367d001ec9bae8f325a-15031,55839,1
437,13-0e9312087f58f367d001ec9bae8f325a-15091,55839,1
438,4-0e9312087f58f367d001ec9bae8f325a-15923,55839,1
439,75-0e9312087f58f367d001ec9bae8f325a-60312,55839,1
440,79-0e9312087f58f367d001ec9bae8f325a-69059,55839,1
441,80-0e9312087f58f367d001ec9bae8f325a-71343,55839,1
442,2-0e9312087f58f367d001ec9bae8f325a-10969,55839,3
443,1-5c731c8c4ee0f43b4b605d534f888603-10744,55840,2
444,4-5c731c8c4ee0f43b4b605d534f888603-16263,55840,2
445,79-a1d7850c52bb4e1783e85e8a0e0e7303-70633,55840,2
446,80-a1d7850c52bb4e1783e85e8a0e0e7303-71683,55840,2
447,72-c95d898a165bb652a559fec9a0e2f86a-59555,55841,0
448,1-c95d898a165bb652a559fec9a0e2f86a-9873,55841,2
449,2-c95d898a165bb652a559fec9a0e2f86a-11196,55841,2
450,3-c95d898a165bb652a559fec9a0e2f86a-12948,55841,2
451,4-c95d898a165bb652a559fec9a0e2f86a-16128,55841,2
452,79-b32537a7b8691e0e5a1effb736c1047e-70347,55841,2
453,80-b32537a7b8691e0e5a1effb736c1047e-71548,55841,2
454,75-9460370bb0ca1c98a779b1bcc6861c2c-60375,55842,0
455,1-9460370bb0ca1c98a779b1bcc6861c2c-10036,55842,1
456,2-9460370bb0ca1c98a779b1bcc6861c2c-11560,55842,1
457,3-9460370bb0ca1c98a779b1bcc6861c2c-13125,55842,1
458,10-9460370bb0ca1c98a779b1bcc6861c2c-14954,55842,1
459,11-9460370bb0ca1c98a779b1bcc6861c2c-15014,55842,1
460,12-9460370bb0ca1c98a779b1bcc6861c2c-15074,55842,1
461,13-9460370bb0ca1c98a779b1bcc6861c2c-15133,55842,1
462,4-9460370bb0ca1c98a779b1bcc6861c2c-16018,55842,1
463,72-9460370bb0ca1c98a779b1bcc6861c2c-59253,55842,1
464,73-9460370bb0ca1c98a779b1bcc6861c2c-59829,55842,1
465,74-9460370bb0ca1c98a779b1bcc6861c2c-59837,55842,1
466,80-9460370bb0ca1c98a779b1bcc6861c2c-71438,55842,1
467,1-46f71c76983fdee6da6d23c449c8dbc6-10659,55843,1
468,2-035d02e56845b5a4979feabda0824f88-12179,55843,1
469,3-ffff57b7c0496aaf078506fe41e78e86-13759,55843,1
470,4-efb7b7f1116ea618f62c57ad15771d5d-14475,55843,1
471,79-bb7d765a633e165f643e692fca7f7034-70297,55843,1
472,80-bb7d765a633e165f643e692fca7f7034-71222,55843,1
473,72-ed735d55415bee976b771989be8f7005-59578,55844,1
474,74-ed735d55415bee976b771989be8f7005-60194,55844,1
475,1-dd637460e06bda48c62b20a92e39f60c-9652,55844,2
476,3-ed735d55415bee976b771989be8f7005-12712,55844,2
477,4-ed735d55415bee976b771989be8f7005-15955,55844,2
478,73-ed735d55415bee976b771989be8f7005-59750,55844,2
479,75-ed735d55415bee976b771989be8f7005-60296,55844,2
480,79-ed735d55415bee976b771989be8f7005-70333,55844,2
481,80-ed735d55415bee976b771989be8f7005-71375,55844,2
482,1-2ab04865d6359551cddfb42a394b84f2-10176,55845,1
483,3-2f9dfe0a3071e637dde5a434fd26b9e6-13255,55845,1
484,4-08e5ff2b5823996396ef84e4344710e3-16199,55845,1
485,80-79198913a495dade1a2aca609635fd18-71619,55845,1
486,79-79198913a495dade1a2aca609635fd18-69368,55845,3
487,1-03b8329bda582e068b951613bbc070a0-10769,55846,2
488,2-03b8329bda582e068b951613bbc070a0-12303,55846,2
489,4-0e3b007b5d0af0e9b8a3699590b6b4d5-16247,55846,2
490,74-03b8329bda582e068b951613bbc070a0-60113,55846,2
491,80-0e3b007b5d0af0e9b8a3699590b6b4d5-71667,55846,2
492,3-cf6c9df68ded66fc2c9d509d76ae22cc-13154,55847,1
493,10-852488ddd9570bc877783bf4397563e0-14909,55847,1
494,11-852488ddd9570bc877783bf4397563e0-14970,55847,1
495,12-852488ddd9570bc877783bf4397563e0-15030,55847,1
496,13-852488ddd9570bc877783bf4397563e0-15090,55847,1
497,1-852488ddd9570bc877783bf4397563e0-15180,55847,1
498,4-852488ddd9570bc877783bf4397563e0-16076,55847,1
499,72-852488ddd9570bc877783bf4397563e0-59254,55847,1
500,73-82479950de228963a5dedca292b730ec-59764,55847,1
501,74-852488ddd9570bc877783bf4397563e0-59838,55847,1
502,75-82479950de228963a5dedca292b730ec-60310,55847,1
503,80-852488ddd9570bc877783bf4397563e0-71496,55847,1
504,2-241d239d803f6e100d3d20f7b6cfdca6-11587,55847,2
505,3-015f28b9df1bdd36427dd976fb73b29d-13108,55848,0
506,10-015f28b9df1bdd36427dd976fb73b29d-14914,55848,0
507,11-015f28b9df1bdd36427dd976fb73b29d-14975,55848,0
508,12-015f28b9df1bdd36427dd976fb73b29d-15035,55848,0
509,4-015f28b9df1bdd36427dd976fb73b29d-16000,55848,0
510,72-015f28b9df1bdd36427dd976fb73b29d-59252,55848,0
511,74-015f28b9df1bdd36427dd976fb73b29d-59836,55848,0
512,75-015f28b9df1bdd36427dd976fb73b29d-60315,55848,0
513,80-4dbfe57d9d60a4ccc5161aeef49b75fa-71420,55848,0
514,1-015f28b9df1bdd36427dd976fb73b29d-10019,55848,1
515,2-015f28b9df1bdd36427dd976fb73b29d-11543,55848,1
516,73-015f28b9df1bdd36427dd976fb73b29d-59769,55848,1
517,79-4dbfe57d9d60a4ccc5161aeef49b75fa-70200,55848,2
518,72-4e1df3d256693afb3630685668820df4-59336,55849,0
519,1-d8735f7489c94f42f508d7eb1c249584-9733,55849,1
520,2-a667c87742d19be5cf1fdfc011a40905-11260,55849,1
521,3-f155e2b0674e3aea187c9df55ce6d239-12785,55849,1
522,4-d8735f7489c94f42f508d7eb1c249584-16270,55849,1
523,73-d8735f7489c94f42f508d7eb1c249584-59772,55849,1
524,80-38da310b7f32e8d0b06fc8848d63aec7-71690,55849,1
525,79-38da310b7f32e8d0b06fc8848d63aec7-68319,55849,6
526,72-e0deff349b2c61f5f796ccaa344a4930-59382,55850,0
527,1-8e0784a23b769046be921960fef2ddf9-10288,55850,1
528,3-e0deff349b2c61f5f796ccaa344a4930-13376,55850,1
529,4-e0deff349b2c61f5f796ccaa344a4930-16278,55850,1
530,74-e0deff349b2c61f5f796ccaa344a4930-59971,55850,1
531,79-4d26c7ba38cfdd0546a52e121ee3fa72-68834,55850,1
532,80-e0a31b79c8056f416a084dfc91db277d-71698,55850,1
533,2-e0deff349b2c61f5f796ccaa344a4930-12160,55850,2
534,79-e0a31b79c8056f416a084dfc91db277d-68879,55850,2
535,72-af9dc3cd6ce29d560a1e4077694254d9-59559,55851,0
536,74-af9dc3cd6ce29d560a1e4077694254d9-60175,55851,0
537,1-422cde921874e356b91ad1beaea456c9-10644,55851,1
538,2-422cde921874e356b91ad1beaea456c9-12161,55851,1
539,3-422cde921874e356b91ad1beaea456c9-13740,55851,1
540,4-c2ee9f70345030a76c5544986f012183-16063,55851,1
541,73-778ecbf66a36dad4bbbc9d420f2ee060-59787,55851,1
542,73-1e8e42b87a65326b98ced7d3af717a72-59810,55851,1
543,75-778ecbf66a36dad4bbbc9d420f2ee060-60333,55851,1
544,80-fdedc0f48ebfe12c3717dcea673799cf-71483,55851,1
545,79-fdedc0f48ebfe12c3717dcea673799cf-68712,55851,4
546,1-85d7268154243dde3d530c057ef6d283-10842,55852,1
547,2-85d7268154243dde3d530c057ef6d283-12382,55852,1
548,3-f279f7725b233055488b02ec4ba796f7-13987,55852,1
549,4-f279f7725b233055488b02ec4ba796f7-16290,55852,1
550,79-f324726bd9256a0df34a9bf2555d23a7-68920,55852,1
551,80-f324726bd9256a0df34a9bf2555d23a7-71710,55852,1
552,3-dc700272f46fb3ddd0550f40664239af-13019,55853,0
553,1-dc700272f46fb3ddd0550f40664239af-9934,55853,1
554,4-dc700272f46fb3ddd0550f40664239af-16208,55853,1
555,74-dc700272f46fb3ddd0550f40664239af-60030,55853,1
556,79-120a033048dd482fa7a4c1d12c754fdd-70138,55853,1
557,80-120a033048dd482fa7a4c1d12c754fdd-71628,55853,1
558,2-dc700272f46fb3ddd0550f40664239af-11457,55853,2
559,1-eac074b0503b45740d49b18eb659bcfc-9417,55854,1
560,3-eac074b0503b45740d49b18eb659bcfc-12465,55854,1
561,4-eac074b0503b45740d49b18eb659bcfc-16140,55854,1
562,80-eac074b0503b45740d49b18eb659bcfc-71560,55854,1
563,2-eac074b0503b45740d49b18eb659bcfc-10926,55854,2
564,1-65c6ff9204ab076df54d2cf09cc54849-9701,55855,1
565,4-7aea2552dfe7eb84b9443b6fc9ba6e01-16073,55855,1
566,74-7aea2552dfe7eb84b9443b6fc9ba6e01-59962,55855,1
567,80-ee4514512bf528baa8bd13880148a63e-71493,55855,1
568,2-7aea2552dfe7eb84b9443b6fc9ba6e01-11174,55855,2
569,3-7aea2552dfe7eb84b9443b6fc9ba6e01-12763,55855,2
570,72-7aea2552dfe7eb84b9443b6fc9ba6e01-59373,55855,2
571,73-7aea2552dfe7eb84b9443b6fc9ba6e01-59820,55855,2
572,75-7aea2552dfe7eb84b9443b6fc9ba6e01-60366,55855,2
573,79-ee4514512bf528baa8bd13880148a63e-68258,55855,2
574,1-cc99541ff10660a5542cc6eec7b81ac4-9633,55856,1
575,4-cc99541ff10660a5542cc6eec7b81ac4-16282,55856,1
576,80-cc99541ff10660a5542cc6eec7b81ac4-71702,55856,1
577,2-cc99541ff10660a5542cc6eec7b81ac4-11132,55856,2
578,73-cc99541ff10660a5542cc6eec7b81ac4-59825,55856,2
579,75-cc99541ff10660a5542cc6eec7b81ac4-60371,55856,2
580,1-bd589331b99367c8db92ab7ffaecc30b-9502,55857,1
581,4-bd589331b99367c8db92ab7ffaecc30b-16097,55857,1
582,79-bd589331b99367c8db92ab7ffaecc30b-70252,55857,1
583,80-bd589331b99367c8db92ab7ffaecc30b-71517,55857,1
584,2-bd589331b99367c8db92ab7ffaecc30b-11011,55857,2
585,1-15c74daa224f69d40cf879d573981d67-10735,55858,1
586,4-b8be7b9eab6586b9a5e2dcaac2c1c9f2-14091,55858,1
587,79-bad5083a615b428c6ce2d61956c16068-69828,55858,1
588,80-bad5083a615b428c6ce2d61956c16068-70838,55858,1
589,3-1e3fd7c2160a19080f3e8b68c2b6df30-13859,55858,3
590,72-37b90b7e32ba137d26fd61f2ebaa8cae-59554,55859,0
591,1-36388a74b9d4c0f7fa3e4bc874e12ce4-9574,55859,1
592,2-36388a74b9d4c0f7fa3e4bc874e12ce4-11085,55859,1
593,3-a5bfc6ab0c23dc6d3bffd09cf9d66a5d-12626,55859,1
594,4-36388a74b9d4c0f7fa3e4bc874e12ce4-16313,55859,1
595,80-36388a74b9d4c0f7fa3e4bc874e12ce4-71733,55859,1
596,1-d20fe8fcebab6be60c404a71946b1657-10175,55860,1
597,2-6bd6a46879f50be260ed14900043c059-11695,55860,1
598,3-6bd6a46879f50be260ed14900043c059-13265,55860,1
599,4-6bd6a46879f50be260ed14900043c059-16252,55860,1
600,79-6bd6a46879f50be260ed14900043c059-69351,55860,1
601,80-6bd6a46879f50be260ed14900043c059-71672,55860,1
602,1-3c6f58be2474abf652b613858395335f-10033,55861,1
603,4-a985c9764e0e6d738ff20f2328a0644b-16095,55861,1
604,79-0bd6c43737f2221c378f6c57b8459d91-69530,55861,1
605,80-0bd6c43737f2221c378f6c57b8459d91-71515,55861,1
606,3-5b71518329fee780e81e513b3812dbe9-13116,55861,2
607,79-e9a883a25914bbcde5a37e1c215cd9fd-68898,55862,0
608,1-1534477b314797aae378d292ec836521-10719,55862,1
609,2-1534477b314797aae378d292ec836521-12242,55862,1
610,4-1534477b314797aae378d292ec836521-15950,55862,1
611,3-1534477b314797aae378d292ec836521-58279,55862,1
612,80-e9a883a25914bbcde5a37e1c215cd9fd-71370,55862,1
613,3-06e3d36fa30cea095545139854ad1fb9-13741,55863,0
614,4-06e3d36fa30cea095545139854ad1fb9-16021,55863,0
615,80-06e3d36fa30cea095545139854ad1fb9-71441,55863,0
616,2-06e3d36fa30cea095545139854ad1fb9-12162,55863,1
617,1-06e3d36fa30cea095545139854ad1fb9-15325,55863,1
618,12-96e89a298e0a9f469b9ae458d6afae9f-15042,55864,0
619,13-96e89a298e0a9f469b9ae458d6afae9f-15102,55864,0
620,72-96e89a298e0a9f469b9ae458d6afae9f-59334,55864,0
621,1-96e89a298e0a9f469b9ae458d6afae9f-9575,55864,1
622,2-96e89a298e0a9f469b9ae458d6afae9f-11082,55864,1
623,3-96e89a298e0a9f469b9ae458d6afae9f-12627,55864,1
624,10-96e89a298e0a9f469b9ae458d6afae9f-14921,55864,1
625,11-96e89a298e0a9f469b9ae458d6afae9f-14982,55864,1
626,4-96e89a298e0a9f469b9ae458d6afae9f-16119,55864,1
627,73-96e89a298e0a9f469b9ae458d6afae9f-59779,55864,1
628,74-96e89a298e0a9f469b9ae458d6afae9f-59922,55864,1
629,75-96e89a298e0a9f469b9ae458d6afae9f-60325,55864,1
630,79-af58cfc071f3ac68187686ead49080f8-68313,55864,1
631,80-af58cfc071f3ac68187686ead49080f8-71539,55864,1
632,3-c0db02dc3acfab553a6c97106724f1b8-12853,55865,1
633,2-e9fcaa41fb3042a4cc82833a48e3ff50-15641,55865,1
634,4-e9fcaa41fb3042a4cc82833a48e3ff50-15958,55865,1
635,79-c0db02dc3acfab553a6c97106724f1b8-70446,55865,1
636,80-c0db02dc3acfab553a6c97106724f1b8-71378,55865,1
637,3-f553f567663674eb9138e88150a7dbf3-13743,55866,1
638,4-f553f567663674eb9138e88150a7dbf3-16316,55866,1
639,80-f553f567663674eb9138e88150a7dbf3-71736,55866,1
640,1-6ce1a133fa63d64306c463bdd3122598-10817,55867,1
641,2-6ce1a133fa63d64306c463bdd3122598-12299,55867,1
642,4-6ce1a133fa63d64306c463bdd3122598-16079,55867,1
643,79-9439c86d638b64c2ee51f36aa57cf0dd-69529,55867,1
644,80-9439c86d638b64c2ee51f36aa57cf0dd-71499,55867,1
645,4-89a33a8840519d116fcdf2b303de199d-16219,55868,0
646,80-bdee739ebec162311b5775a6971562d7-71639,55868,0
647,1-febcfc97ba0ac72f29ba46fb1c2c41e0-9636,55868,1
648,3-febcfc97ba0ac72f29ba46fb1c2c41e0-12695,55868,1
649,79-bdee739ebec162311b5775a6971562d7-70415,55868,2
650,3-9dfd70fdf15a3cb1ea00d7799ac6651b-12562,55869,0
651,4-9dfd70fdf15a3cb1ea00d7799ac6651b-16112,55869,0
652,74-dd3d13e11583e3af945a78127545dfe2-60021,55869,0
653,80-9dfd70fdf15a3cb1ea00d7799ac6651b-71532,55869,0
654,1-9dfd70fdf15a3cb1ea00d7799ac6651b-9514,55869,1
655,3-4b95fb567b47eb71a09b4126f23c1533-13266,55870,1
656,4-b2478ac4310a3029057c31646a85b99e-16209,55870,1
657,79-0cc550bbb05416a9fd3322e5e93dd09b-68402,55870,1
658,80-0cc550bbb05416a9fd3322e5e93dd09b-71629,55870,1
659,3-a1234b3161b4fbfdfb96dd576b65bbea-13092,55871,0
660,4-a1234b3161b4fbfdfb96dd576b65bbea-16315,55871,0
661,72-a1234b3161b4fbfdfb96dd576b65bbea-59257,55871,0
662,73-a1234b3161b4fbfdfb96dd576b65bbea-59756,55871,0
663,80-a1234b3161b4fbfdfb96dd576b65bbea-71735,55871,0
664,2-a1234b3161b4fbfdfb96dd576b65bbea-11527,55871,1
665,1-63faabca234a29640f3344e74c0672da-10756,55872,1
666,2-63faabca234a29640f3344e74c0672da-12287,55872,1
667,3-0d3d238b089a67e34e39b5abf80db19b-13887,55872,1
668,4-63faabca234a29640f3344e74c0672da-16492,55872,1
669,79-591e814ce18a98f96276c96bd851d5ed-69964,55872,1
670,80-591e814ce18a98f96276c96bd851d5ed-71912,55872,1
671,2-b4181cca26f7bf00466808f404f59706-12385,55873,1
672,1-7e46eeae06e582614a250a0a7d75abe1-15400,55873,1
673,4-e9dc924f238fa6cc29465942875fe8f0-16144,55873,1
674,73-e9dc924f238fa6cc29465942875fe8f0-59773,55873,1
675,79-4a55e87dd23e286d2e8711f8227308e4-69865,55873,1
676,80-4a55e87dd23e286d2e8711f8227308e4-71564,55873,1
677,4-7973317bdaac700ecde1732199a4de51-15945,55874,0
678,80-7973317bdaac700ecde1732199a4de51-71365,55874,0
679,1-7973317bdaac700ecde1732199a4de51-15301,55874,1
680,72-811882fecd5c7618d7099ebbd39ea254-59480,55874,1
681,1-bb43293d920646f9308f8e7c848d33de-10758,55875,1
682,3-bb43293d920646f9308f8e7c848d33de-13889,55875,1
683,2-bb43293d920646f9308f8e7c848d33de-15638,55875,1
684,4-bb43293d920646f9308f8e7c848d33de-16039,55875,1
685,79-e75d1e38e82d89d355a215989c7b85c7-69986,55875,1
686,80-e75d1e38e82d89d355a215989c7b85c7-71459,55875,1
687,1-bcb2750ff6f20411b7e305760985726d-9352,55876,1
688,3-bcb2750ff6f20411b7e305760985726d-12400,55876,1
689,12-bcb2750ff6f20411b7e305760985726d-15023,55876,1
690,13-bcb2750ff6f20411b7e305760985726d-15083,55876,1
691,4-19e1ae7489611024afe085a36870edac-15942,55876,1
692,74-bcb2750ff6f20411b7e305760985726d-59889,55876,1
693,80-19e1ae7489611024afe085a36870edac-71362,55876,1
694,2-bcb2750ff6f20411b7e305760985726d-10861,55876,2
695,1-ba9cff47632a0906d8121e594cb93a15-10565,55877,2
696,2-ba9cff47632a0906d8121e594cb93a15-12082,55877,2
697,3-ba9cff47632a0906d8121e594cb93a15-13654,55877,2
698,4-4c88125fb16c71ec0d9a528967994468-16298,55877,2
699,79-365dcb95738cf43604336a964d1bc77b-69761,55877,2
700,79-cc3216b3c60fd8ea5c7a8abcd3de6f82-70518,55877,2
701,80-cc3216b3c60fd8ea5c7a8abcd3de6f82-71718,55877,2
702,1-0714723730a54ea22c45bb9ee15b2369-9929,55878,1
703,2-0714723730a54ea22c45bb9ee15b2369-11451,55878,2
704,1-cd8e7918010a87cc619849e00265c9a6-10714,55879,2
705,2-cd8e7918010a87cc619849e00265c9a6-12237,55879,2
706,1-ef970bddec97fd21182fe92b7ed20751-10757,55880,1
707,4-ef970bddec97fd21182fe92b7ed20751-15974,55880,1
708,80-9e992b355046ea4a704591e272765875-71394,55880,1
709,79-9e992b355046ea4a704591e272765875-69105,55880,3
710,12-2c5ca38849d1b0b961844c065214ff1a-15040,55881,0
711,13-2c5ca38849d1b0b961844c065214ff1a-15100,55881,0
712,72-2c5ca38849d1b0b961844c065214ff1a-59353,55881,0
713,1-a20a42de6a1a71f0ea6277b6c507f4a8-9759,55881,1
714,10-2c5ca38849d1b0b961844c065214ff1a-14919,55881,1
715,11-2c5ca38849d1b0b961844c065214ff1a-14980,55881,1
716,4-5cc0eba95a51787a116d5fd9af7f4040-16094,55881,1
717,79-615b0bc514c925ea3444c5fb3e69ad62-69263,55881,1
718,80-615b0bc514c925ea3444c5fb3e69ad62-71514,55881,1
719,2-e27081a9bd5a2572c28c996501c45c50-11281,55881,2
720,74-2c5ca38849d1b0b961844c065214ff1a-59942,55881,2
721,75-2c5ca38849d1b0b961844c065214ff1a-60323,55881,2
722,2-d8e265f13545e890c178a34a72f62c43-10946,55882,1
723,4-d8e265f13545e890c178a34a72f62c43-16177,55882,1
724,80-d8e265f13545e890c178a34a72f62c43-71597,55882,1
725,3-ecbfde1394f2dfe02d50081d8a35dba6-13031,55883,0
726,4-ecbfde1394f2dfe02d50081d8a35dba6-16281,55883,0
727,79-5e47949e1cdac2a468723a159d1923d2-68997,55883,0
728,80-5e47949e1cdac2a468723a159d1923d2-71701,55883,0
729,1-ecbfde1394f2dfe02d50081d8a35dba6-9947,55883,1
730,72-a53108f7543b75adbb34afc035d4cdf6-59563,55884,0
731,1-db05c988e5abdf34301dfd0e54998a67-10664,55884,1
732,4-db05c988e5abdf34301dfd0e54998a67-16138,55884,2
733,79-75740b6319d7b126fdd16342efe8f6c8-70604,55884,2
734,80-75740b6319d7b126fdd16342efe8f6c8-71558,55884,2
735,74-87d4eeb7dec7686410748d174c0e0a11-60182,55885,0
736,1-87d4eeb7dec7686410748d174c0e0a11-15275,55885,1
737,4-87d4eeb7dec7686410748d174c0e0a11-16133,55885,1
738,79-788d98d45e9f52d8d8c92cd690fb4396-69777,55885,1
739,80-788d98d45e9f52d8d8c92cd690fb4396-71553,55885,1
740,74-d938ad5cbe68bec494fbbf4463ad031d-60225,55886,0
741,3-90f0c60c3eafe7146a4468bdf3b82c82-12664,55886,1
742,1-d938ad5cbe68bec494fbbf4463ad031d-15349,55886,2
743,2-d938ad5cbe68bec494fbbf4463ad031d-15700,55886,2
744,4-d938ad5cbe68bec494fbbf4463ad031d-15948,55886,2
745,79-34bf3359ebf3f0056fecb489383c61a4-70551,55886,2
746,80-34bf3359ebf3f0056fecb489383c61a4-71368,55886,2
747,10-813f8ce580f276558ce9e5093468b1ab-14952,55887,0
748,11-813f8ce580f276558ce9e5093468b1ab-15013,55887,0
749,12-813f8ce580f276558ce9e5093468b1ab-15073,55887,0
750,13-813f8ce580f276558ce9e5093468b1ab-15132,55887,0
751,4-87cf962b35146c21d0dd7f84594662b6-16211,55887,0
752,72-5d991220a07e65eb7ab854341691ca7d-59270,55887,0
753,80-523cb1f1cd9671835df8041c998f8c65-71631,55887,0
754,1-813f8ce580f276558ce9e5093468b1ab-10218,55887,1
755,2-813f8ce580f276558ce9e5093468b1ab-11735,55887,1
756,79-523cb1f1cd9671835df8041c998f8c65-69363,55887,1
757,3-893b56e3cfe153fb770a120b83bac20c-12447,55888,1
758,4-893b56e3cfe153fb770a120b83bac20c-16086,55888,1
759,72-893b56e3cfe153fb770a120b83bac20c-59308,55888,1
760,80-893b56e3cfe153fb770a120b83bac20c-71506,55888,1
761,4-2feaaf89c21770ea5c21196bc33848dd-16230,55889,0
762,72-2feaaf89c21770ea5c21196bc33848dd-59425,55889,0
763,80-2feaaf89c21770ea5c21196bc33848dd-71650,55889,0
764,1-2feaaf89c21770ea5c21196bc33848dd-9931,55889,1
765,4-71ef1b11cf2828a03be1378a0f88e8da-15984,55890,0
766,72-3767b450824877f2b8f284f7a5625440-59393,55890,0
767,80-71ef1b11cf2828a03be1378a0f88e8da-71404,55890,0
768,3-220e68e8cc2bb29bba92eab4740fe9fa-13476,55890,1
769,1-71ef1b11cf2828a03be1378a0f88e8da-15352,55890,1
770,1-88fcc23b74f16d118617cefb688c83b6-10825,55891,1
771,4-4753a58a1761b872e5da3ed59ae3c60d-16188,55891,1
772,79-5118df4739046c982f6f9220461c767e-70680,55891,1
773,80-5118df4739046c982f6f9220461c767e-71608,55891,1
774,3-2ca63cddd54f9490efad22421891a9d1-13304,55892,0
775,10-2ca63cddd54f9490efad22421891a9d1-14925,55892,0
776,11-2ca63cddd54f9490efad22421891a9d1-14986,55892,0
777,12-2ca63cddd54f9490efad22421891a9d1-15046,55892,0
778,4-2ca63cddd54f9490efad22421891a9d1-16251,55892,0
779,72-2ca63cddd54f9490efad22421891a9d1-59424,55892,0
780,74-2ca63cddd54f9490efad22421891a9d1-60023,55892,0
781,80-7b65dcf020279efe8040bb20835ea938-71671,55892,0
782,1-2ca63cddd54f9490efad22421891a9d1-10219,55892,1
783,79-7b65dcf020279efe8040bb20835ea938-69520,55892,2
784,1-4bf84babe76dabda6c4da4d25354704d-9921,55893,1
785,3-4bf84babe76dabda6c4da4d25354704d-13003,55893,1
786,4-4bf84babe76dabda6c4da4d25354704d-16111,55893,1
787,79-4bf84babe76dabda6c4da4d25354704d-69851,55893,1
788,80-4bf84babe76dabda6c4da4d25354704d-71531,55893,1
789,1-e549a200372db9f3fcfac9f384e4ac2d-10782,55894,1
790,3-e549a200372db9f3fcfac9f384e4ac2d-13917,55894,1
791,4-e549a200372db9f3fcfac9f384e4ac2d-16059,55894,1
792,79-091ca05fd1d391ca5bdd405510e9287e-69936,55894,1
793,80-091ca05fd1d391ca5bdd405510e9287e-71479,55894,1
794,2-6391ea92d2d8122515115a04b59d5c55-12290,55895,1
795,3-6391ea92d2d8122515115a04b59d5c55-13890,55895,1
796,1-6391ea92d2d8122515115a04b59d5c55-10759,55895,2
797,4-b430670f540c6b2149804ef71dd0fbd7-14317,55895,2
798,79-809ddfbab648bc20168f272c40089f61-70601,55895,2
799,80-809ddfbab648bc20168f272c40089f61-71064,55895,2
800,1-469bba0a564235dfceede42db14f17b0-9686,55896,0
801,4-469bba0a564235dfceede42db14f17b0-16159,55896,0
802,80-469bba0a564235dfceede42db14f17b0-71579,55896,0
803,2-469bba0a564235dfceede42db14f17b0-11171,55896,2
804,1-a88f05b6c963e145a45b58c47cd42a41-10666,55897,2
805,4-a88f05b6c963e145a45b58c47cd42a41-15938,55897,2
806,79-ca789b26f27a84744eef5416e9cb9606-70636,55897,2
807,80-ca789b26f27a84744eef5416e9cb9606-71358,55897,2
808,1-9bbd993d9da7df60b3fd4a4ed721b082-10770,55898,1
809,4-9bbd993d9da7df60b3fd4a4ed721b082-15962,55898,1
810,79-e6973ae01efa8932ed778579c92f92f9-68447,55898,1
811,80-e6973ae01efa8932ed778579c92f92f9-71382,55898,1
812,1-35d6d33467aae9a2e3dccb4b6b027878-10120,55899,1
813,2-35d6d33467aae9a2e3dccb4b6b027878-11644,55899,1
814,4-35d6d33467aae9a2e3dccb4b6b027878-16153,55899,1
815,72-35d6d33467aae9a2e3dccb4b6b027878-59443,55899,1
816,73-35d6d33467aae9a2e3dccb4b6b027878-59824,55899,1
817,74-35d6d33467aae9a2e3dccb4b6b027878-60048,55899,1
818,75-35d6d33467aae9a2e3dccb4b6b027878-60370,55899,1
819,79-35d6d33467aae9a2e3dccb4b6b027878-70082,55899,1
820,80-35d6d33467aae9a2e3dccb4b6b027878-71573,55899,1
821,1-a957a3153eb7126b1c5f8b6aac35de53-10821,55900,1
822,2-a957a3153eb7126b1c5f8b6aac35de53-12362,55900,1
823,3-a957a3153eb7126b1c5f8b6aac35de53-13962,55900,1
824,4-a957a3153eb7126b1c5f8b6aac35de53-16101,55900,1
825,79-d35c101d2201aa1b6f6e9498f504f47e-70315,55900,1
826,80-d35c101d2201aa1b6f6e9498f504f47e-71521,55900,1
827,74-84cdc76cabf41bd7c961f6ab12f117d8-59864,55901,0
828,1-84cdc76cabf41bd7c961f6ab12f117d8-9976,55901,1
829,2-84cdc76cabf41bd7c961f6ab12f117d8-11500,55901,1
830,3-84cdc76cabf41bd7c961f6ab12f117d8-13065,55901,1
831,4-84cdc76cabf41bd7c961f6ab12f117d8-16200,55901,1
832,72-84cdc76cabf41bd7c961f6ab12f117d8-59278,55901,1
833,80-b97fa4b966d0df27f85fb66e7a21e49c-71620,55901,1
834,79-b97fa4b966d0df27f85fb66e7a21e49c-68167,55901,2
835,2-5144abbeb84239f038276f8e36b2251d-15787,55902,0
836,1-748673b031c2bae806c0c9fdd87942ac-9812,55902,1
837,4-5144abbeb84239f038276f8e36b2251d-16294,55902,1
838,79-5144abbeb84239f038276f8e36b2251d-69800,55902,1
839,80-5144abbeb84239f038276f8e36b2251d-71714,55902,1
840,4-6f374060aebf4d4f9a846337dd989c5a-16201,55903,0
841,79-6f374060aebf4d4f9a846337dd989c5a-69010,55903,0
842,80-6f374060aebf4d4f9a846337dd989c5a-71621,55903,0
843,3-6f374060aebf4d4f9a846337dd989c5a-13492,55903,1
844,79-324a7590a91adf962f9b2a1d4ddaa6c9-69676,55904,0
845,3-be90b9955c92e18aca64cdbbb9be858f-13775,55904,2
846,1-6e578ced8620311c061ee588b4a74f67-15318,55904,2
847,2-6e578ced8620311c061ee588b4a74f67-15689,55904,2
848,4-6e578ced8620311c061ee588b4a74f67-16272,55904,2
849,80-324a7590a91adf962f9b2a1d4ddaa6c9-71692,55904,2
850,2-a557264a7d6c783f6fb57fb7d0b9d6b0-12330,55905,1
851,4-a557264a7d6c783f6fb57fb7d0b9d6b0-16046,55905,1
852,79-ce0eac42fa03e3aec67b8f11857c8380-70121,55905,1
853,80-ce0eac42fa03e3aec67b8f11857c8380-71466,55905,1
854,4-e7a80f49aaf2f65de93dfa4bf552285d-16299,55906,1
855,80-e7a80f49aaf2f65de93dfa4bf552285d-71719,55906,1
856,2-e7a80f49aaf2f65de93dfa4bf552285d-11463,55906,3
857,1-22aadb26447d87b550b155a4d764fad0-10753,55907,1
858,3-22aadb26447d87b550b155a4d764fad0-13881,55907,1
859,4-22aadb26447d87b550b155a4d764fad0-14248,55907,1
860,79-06b10be047fb6cd3c3dfc57927ed7363-69671,55907,1
861,80-06b10be047fb6cd3c3dfc57927ed7363-70995,55907,1
862,2-22aadb26447d87b550b155a4d764fad0-15624,55907,2
863,72-573ce5969e9884d49d4fab77b09a306a-59358,55908,0
864,73-573ce5969e9884d49d4fab77b09a306a-59778,55908,0
865,2-99de1be1bf660f88e237ef4490d52fcc-11175,55908,1
866,3-a120d781b911daa000fdc6843a933b35-12737,55908,1
867,13-573ce5969e9884d49d4fab77b09a306a-15101,55908,1
868,75-573ce5969e9884d49d4fab77b09a306a-60324,55908,1
869,3-ab309313142df64b0c8a000f1c11a12e-12890,55909,1
870,1-ab309313142df64b0c8a000f1c11a12e-15218,55909,2
871,2-ab309313142df64b0c8a000f1c11a12e-15745,55909,2
872,4-ab309313142df64b0c8a000f1c11a12e-16077,55909,2
873,73-ab309313142df64b0c8a000f1c11a12e-59790,55909,2
874,75-3189934774aa880fa7fbf8da8f9e446d-60327,55909,2
875,79-ab309313142df64b0c8a000f1c11a12e-68381,55909,2
876,80-ab309313142df64b0c8a000f1c11a12e-71497,55909,2
877,3-f3f1e19bebcc591ae51d97c59abab647-13379,55910,1
878,1-660a727423391d21d452f91543f4731b-15155,55910,1
879,2-660a727423391d21d452f91543f4731b-15637,55910,1
880,4-660a727423391d21d452f91543f4731b-15965,55910,1
881,72-f3f1e19bebcc591ae51d97c59abab647-59503,55910,1
882,74-f3f1e19bebcc591ae51d97c59abab647-60120,55910,1
883,79-c93ea60d3baab5ff97458de9d55230ae-70435,55910,1
884,80-c93ea60d3baab5ff97458de9d55230ae-71385,55910,1
885,10-608f0b988db4a96066af7dd8870de96c-14916,55912,0
886,11-608f0b988db4a96066af7dd8870de96c-14977,55912,0
887,12-608f0b988db4a96066af7dd8870de96c-15037,55912,0
888,72-608f0b988db4a96066af7dd8870de96c-59383,55912,0
889,3-608f0b988db4a96066af7dd8870de96c-13336,55912,1
890,13-608f0b988db4a96066af7dd8870de96c-15097,55912,1
891,1-608f0b988db4a96066af7dd8870de96c-15238,55912,1
892,4-608f0b988db4a96066af7dd8870de96c-16006,55912,1
893,79-1842dd94d9504ebeddc1edd15812210a-68494,55912,1
894,80-1842dd94d9504ebeddc1edd15812210a-71426,55912,1
895,2-608f0b988db4a96066af7dd8870de96c-15897,55912,2
896,1-5edfeb1b4cf199674e825e8a1f521080-9570,55915,1
897,4-e89196f1cb52069efe1f4bf0942bcb7f-16175,55915,1
898,79-15fe02ff8ac1e401f0cc4f296144badb-68453,55915,1
899,80-15fe02ff8ac1e401f0cc4f296144badb-71595,55915,1
900,1-58fe895084037c202da7dae31e14fff4-9803,55916,2
901,2-58fe895084037c202da7dae31e14fff4-11323,55916,2
902,4-731b886d80d2ea138da54d30f43b2005-14069,55916,2
903,80-731b886d80d2ea138da54d30f43b2005-70816,55916,2
904,4-7b94ee8b0b34a64ae6947d5fbaba07a5-16180,55917,0
905,80-7b94ee8b0b34a64ae6947d5fbaba07a5-71600,55917,0
906,1-7b94ee8b0b34a64ae6947d5fbaba07a5-15363,55917,1
907,4-8812662dcf3e5db0247c0f85909363fc-16189,55918,0
908,80-8812662dcf3e5db0247c0f85909363fc-71609,55918,0
909,1-8812662dcf3e5db0247c0f85909363fc-10234,55918,1
910,2-8812662dcf3e5db0247c0f85909363fc-11751,55918,1
911,75-0b18a3d7b9c43ff1750d2baa4606b8d0-60307,55919,0
912,1-dc0590b39b0b51117935b6a527e04951-9623,55919,1
913,3-dc0590b39b0b51117935b6a527e04951-12680,55919,1
914,4-0b18a3d7b9c43ff1750d2baa4606b8d0-16210,55919,1
915,79-479e1fdaca523d28c8e9478d039f9231-70354,55919,1
916,80-479e1fdaca523d28c8e9478d039f9231-71630,55919,1
917,3-e840b644a24c36156af59b8266187f6e-13757,55920,1
918,1-e2a7106f1cc8bb1e1318df70aa0a3540-15265,55920,1
919,4-e2a7106f1cc8bb1e1318df70aa0a3540-16306,55920,1
920,80-e2a7106f1cc8bb1e1318df70aa0a3540-71726,55920,1
921,2-e2a7106f1cc8bb1e1318df70aa0a3540-12177,55920,2
922,74-96f223040672ea79c655dceda08e0830-60180,55921,0
923,72-96f223040672ea79c655dceda08e0830-59564,55921,1
924,4-96f223040672ea79c655dceda08e0830-14087,55921,2
925,80-96f223040672ea79c655dceda08e0830-70834,55921,2
926,3-b5d1d3e1b9a0337a516e23c533f1a8ac-13767,55921,3
927,4-c02b7d24a066adb747fdeb12deb21bfa-16292,55922,0
928,80-c02b7d24a066adb747fdeb12deb21bfa-71712,55922,0
929,2-c02b7d24a066adb747fdeb12deb21bfa-11360,55922,1
930,3-c02b7d24a066adb747fdeb12deb21bfa-12912,55922,1
931,1-15dc8bed4e380a261b7794769b97a74d-10466,55923,1
932,4-15dc8bed4e380a261b7794769b97a74d-16053,55923,1
933,80-15dc8bed4e380a261b7794769b97a74d-71473,55923,1
934,75-81e047aa9039b5428b6d6f5c440f4670-60308,55924,0
935,1-81e047aa9039b5428b6d6f5c440f4670-10826,55924,1
936,2-81e047aa9039b5428b6d6f5c440f4670-12367,55924,1
937,3-81e047aa9039b5428b6d6f5c440f4670-13969,55924,1
938,4-81e047aa9039b5428b6d6f5c440f4670-14392,55924,1
939,80-81e047aa9039b5428b6d6f5c440f4670-71139,55924,1
940,4-e7efda40b1c94805070cd9bf9638ae27-14225,55925,2
941,80-e7efda40b1c94805070cd9bf9638ae27-70972,55925,2
942,2-e7efda40b1c94805070cd9bf9638ae27-11178,55925,3
943,3-e7efda40b1c94805070cd9bf9638ae27-12809,55925,3
944,1-bc9bf7bb6c4ab8d0daf374963110f4a7-10699,55926,1
945,2-bc9bf7bb6c4ab8d0daf374963110f4a7-12223,55926,1
946,4-8641b98f2a2012e591be46c163093892-16311,55926,2
947,80-8641b98f2a2012e591be46c163093892-71731,55926,2
948,1-3fdcd15938a77c4b3bbb9b0a09ab1705-10833,55927,2
949,3-3fdcd15938a77c4b3bbb9b0a09ab1705-13978,55927,2
950,4-34930e43ca8f16b465bafe08beb93ef5-15921,55927,2
951,80-34930e43ca8f16b465bafe08beb93ef5-71341,55927,2
952,72-d0dbe915091d400bd8ee7f27f0791303-59549,55928,0
953,74-d0dbe915091d400bd8ee7f27f0791303-60165,55928,0
954,1-f7ce2cee5e399be357443ff5b94fd40a-9567,55928,1
955,2-97888bd8409c676579dcb985328ec898-11079,55928,1
956,3-68abd34b9aee85daf6f8a2c69f2292be-12619,55928,1
957,4-7bd3d5f5b3cdb13aed632121206e729c-15954,55928,1
958,80-7bd3d5f5b3cdb13aed632121206e729c-71374,55928,1
959,12-b068931cc450442b63f5b3d276ea4297-15057,55929,0
960,1-b068931cc450442b63f5b3d276ea4297-10235,55929,1
961,2-b068931cc450442b63f5b3d276ea4297-11752,55929,1
962,3-b068931cc450442b63f5b3d276ea4297-13321,55929,1
963,10-b068931cc450442b63f5b3d276ea4297-14936,55929,1
964,11-b068931cc450442b63f5b3d276ea4297-14997,55929,1
965,13-b068931cc450442b63f5b3d276ea4297-15117,55929,1
966,4-b068931cc450442b63f5b3d276ea4297-15961,55929,1
967,73-b068931cc450442b63f5b3d276ea4297-59800,55929,1
968,75-b068931cc450442b63f5b3d276ea4297-60345,55929,1
969,80-d5d3db1765287eef77d7927cc956f50a-71381,55929,1
970,79-d5d3db1765287eef77d7927cc956f50a-69832,55929,2
971,1-900bc885d7553375aec470198a9514f3-9964,55930,1
972,2-900bc885d7553375aec470198a9514f3-11488,55930,1
973,3-900bc885d7553375aec470198a9514f3-13053,55930,1
974,10-900bc885d7553375aec470198a9514f3-14944,55930,1
975,11-900bc885d7553375aec470198a9514f3-15005,55930,1
976,12-900bc885d7553375aec470198a9514f3-15065,55930,1
977,4-a93b40ee88efe8b2c85f218b4303f473-16007,55930,1
978,72-900bc885d7553375aec470198a9514f3-59256,55930,1
979,74-900bc885d7553375aec470198a9514f3-59840,55930,1
980,75-aad90b33ae8438487a335352816edf66-60350,55930,1
981,79-900bc885d7553375aec470198a9514f3-70143,55930,1
982,80-900bc885d7553375aec470198a9514f3-71427,55930,1
983,74-945b93f37cd9aa702a7380756f44e36a-60181,55931,1
984,1-945b93f37cd9aa702a7380756f44e36a-10716,55931,2
985,4-945b93f37cd9aa702a7380756f44e36a-15937,55931,2
986,79-945b93f37cd9aa702a7380756f44e36a-70560,55931,2
987,80-945b93f37cd9aa702a7380756f44e36a-71357,55931,2
988,1-54c84b40e9ff5a31472904a0cd2f0a17-10672,55932,2
989,3-5298c8880cdda933d4a227543a94d14a-13771,55932,2
990,4-54c84b40e9ff5a31472904a0cd2f0a17-15964,55932,2
991,79-0441eed5a7728533a95874fcf6e31738-69802,55932,2
992,80-0441eed5a7728533a95874fcf6e31738-71384,55932,2
993,1-ac95ab07782ca0ea724b677443650bab-10260,55933,0
994,2-c0af77cf8294ff93a5cdb2963ca9f038-11776,55933,0
995,10-c0af77cf8294ff93a5cdb2963ca9f038-14951,55933,0
996,11-c0af77cf8294ff93a5cdb2963ca9f038-15012,55933,0
997,12-c0af77cf8294ff93a5cdb2963ca9f038-15072,55933,0
998,4-808ebea2513a7b99384b23c9309d0e95-16117,55933,0
999,72-c0af77cf8294ff93a5cdb2963ca9f038-59378,55933,0
1000,74-c0af77cf8294ff93a5cdb2963ca9f038-59967,55933,0
1001,75-c0af77cf8294ff93a5cdb2963ca9f038-60373,55933,0
1002,80-b0366b2d9ab3ce264b3e7189611cb741-71537,55933,0
1003,13-c0af77cf8294ff93a5cdb2963ca9f038-15131,55933,1
1004,79-b0366b2d9ab3ce264b3e7189611cb741-68832,55933,2
1005,2-d0763edaa9d9bd2a9516280e9044d885-10912,55934,1
1006,3-d0763edaa9d9bd2a9516280e9044d885-12451,55934,1
1007,10-d0763edaa9d9bd2a9516280e9044d885-14930,55934,1
1008,11-d0763edaa9d9bd2a9516280e9044d885-14991,55934,1
1009,12-d0763edaa9d9bd2a9516280e9044d885-15051,55934,1
1010,13-d0763edaa9d9bd2a9516280e9044d885-15111,55934,1
1011,4-d0763edaa9d9bd2a9516280e9044d885-15981,55934,1
1012,72-d0763edaa9d9bd2a9516280e9044d885-59310,55934,1
1013,74-d0763edaa9d9bd2a9516280e9044d885-59897,55934,1
1014,80-d0763edaa9d9bd2a9516280e9044d885-71401,55934,1
1015,1-e5d7cffe25654f7e3a1e334118c71549-10813,55935,2
1016,2-e5d7cffe25654f7e3a1e334118c71549-12354,55935,2
1017,4-e5d7cffe25654f7e3a1e334118c71549-14456,55935,2
1018,80-e5d7cffe25654f7e3a1e334118c71549-71203,55935,2
1019,1-3189934774aa880fa7fbf8da8f9e446d-9815,55936,1
1020,4-3189934774aa880fa7fbf8da8f9e446d-16155,55936,1
1021,79-029f3cdc8e35b052c7ab7c9f07df0d7e-68334,55936,1
1022,80-029f3cdc8e35b052c7ab7c9f07df0d7e-71575,55936,1
1023,2-3189934774aa880fa7fbf8da8f9e446d-11190,55936,2
1024,3-3189934774aa880fa7fbf8da8f9e446d-12886,55936,2
1025,73-3189934774aa880fa7fbf8da8f9e446d-59781,55936,2
1026,74-ec6d9c8953ab272295ec0469bbed59ab-59851,55937,0
1027,1-ec6d9c8953ab272295ec0469bbed59ab-10075,55937,1
1028,3-f06d36bf2973e6cc02551993e8eb6a04-13164,55937,1
1029,10-ec6d9c8953ab272295ec0469bbed59ab-14933,55937,1
1030,11-ec6d9c8953ab272295ec0469bbed59ab-14994,55937,1
1031,12-ec6d9c8953ab272295ec0469bbed59ab-15054,55937,1
1032,13-ec6d9c8953ab272295ec0469bbed59ab-15114,55937,1
1033,4-ec6d9c8953ab272295ec0469bbed59ab-16113,55937,1
1034,73-ec6d9c8953ab272295ec0469bbed59ab-59797,55937,1
1035,75-ec6d9c8953ab272295ec0469bbed59ab-60342,55937,1
1036,79-2d9a7b38a049d4693d2008e4594357ee-69836,55937,1
1037,80-2d9a7b38a049d4693d2008e4594357ee-71533,55937,1
1038,2-ec6d9c8953ab272295ec0469bbed59ab-11599,55937,2
1039,72-63a9f0ea7bb98050796b649e85481845-59379,55939,1
1040,2-63a9f0ea7bb98050796b649e85481845-11755,55939,2
1041,4-63a9f0ea7bb98050796b649e85481845-16015,55939,2
1042,75-63a9f0ea7bb98050796b649e85481845-60353,55939,2
1043,79-676a566ff12b8dcf952fe69a77d883f7-68442,55939,2
1044,80-676a566ff12b8dcf952fe69a77d883f7-71435,55939,2
1045,3-0a840ef45467fb3932dbf2c2896c5cbf-13176,55940,0
1046,10-0a840ef45467fb3932dbf2c2896c5cbf-14947,55940,0
1047,11-0a840ef45467fb3932dbf2c2896c5cbf-15008,55940,0
1048,74-0a840ef45467fb3932dbf2c2896c5cbf-59855,55940,0
1049,75-0a840ef45467fb3932dbf2c2896c5cbf-60364,55940,0
1050,1-0a840ef45467fb3932dbf2c2896c5cbf-10087,55940,1
1051,2-0a840ef45467fb3932dbf2c2896c5cbf-11611,55940,1
1052,12-0a840ef45467fb3932dbf2c2896c5cbf-15068,55940,1
1053,13-0a840ef45467fb3932dbf2c2896c5cbf-15127,55940,1
1054,4-0a840ef45467fb3932dbf2c2896c5cbf-16013,55940,1
1055,73-0a840ef45467fb3932dbf2c2896c5cbf-59818,55940,1
1056,80-6a39d7e8f826350f845f1e4cf0690f01-71433,55940,1
1057,79-6a39d7e8f826350f845f1e4cf0690f01-70242,55940,2
1058,3-4ca9d3dcd2b6843e62d75eb191887cf2-13045,55942,0
1059,4-4ca9d3dcd2b6843e62d75eb191887cf2-14107,55942,0
1060,72-cde2fde1fa1551a704d775ce2315915d-59292,55942,0
1061,74-cde2fde1fa1551a704d775ce2315915d-59878,55942,0
1062,80-4ca9d3dcd2b6843e62d75eb191887cf2-70854,55942,0
1063,1-0852a7f73ef0719a6c78fbb829bf6571-9830,55943,2
1064,2-df6e6b4a3c69c5355ac3957390b023e3-11191,55943,2
1065,3-bfe4f4fa496cc04da49354c39a928c7b-12901,55943,2
1066,4-e809cc608db249eaf1b13d564503dbca-15979,55943,2
1067,79-5c5a19004b1080479ea233fa43d1820a-68263,55943,2
1068,80-5c5a19004b1080479ea233fa43d1820a-71399,55943,2
1069,2-f1bdf5ed1d7ad7ede4e3809bd35644b0-10866,55944,1
1070,3-f1bdf5ed1d7ad7ede4e3809bd35644b0-12405,55944,1
1071,10-f1bdf5ed1d7ad7ede4e3809bd35644b0-14924,55944,1
1072,11-f1bdf5ed1d7ad7ede4e3809bd35644b0-14985,55944,1
1073,12-f1bdf5ed1d7ad7ede4e3809bd35644b0-15045,55944,1
1074,13-f1bdf5ed1d7ad7ede4e3809bd35644b0-15105,55944,1
1075,4-f1bdf5ed1d7ad7ede4e3809bd35644b0-15997,55944,1
1076,72-f1bdf5ed1d7ad7ede4e3809bd35644b0-59305,55944,1
1077,74-f1bdf5ed1d7ad7ede4e3809bd35644b0-59892,55944,1
1078,80-f1bdf5ed1d7ad7ede4e3809bd35644b0-71417,55944,1
1079,2-37c24a3158dc6f1aab7f6398e8cf5f70-11090,55945,1
1080,3-37c24a3158dc6f1aab7f6398e8cf5f70-12839,55945,1
1081,4-e5a9a10679949c1a56a91060625786a3-14233,55945,1
1082,10-37c24a3158dc6f1aab7f6398e8cf5f70-14943,55945,1
1083,11-37c24a3158dc6f1aab7f6398e8cf5f70-15004,55945,1
1084,12-37c24a3158dc6f1aab7f6398e8cf5f70-15064,55945,1
1085,13-37c24a3158dc6f1aab7f6398e8cf5f70-15123,55945,1
1086,73-37c24a3158dc6f1aab7f6398e8cf5f70-59812,55945,1
1087,74-37c24a3158dc6f1aab7f6398e8cf5f70-59956,55945,1
1088,75-37c24a3158dc6f1aab7f6398e8cf5f70-60358,55945,1
1089,79-37c24a3158dc6f1aab7f6398e8cf5f70-68225,55945,1
1090,80-37c24a3158dc6f1aab7f6398e8cf5f70-70980,55945,1
1091,10-de1b2a7baf7850243db71c4abd4e5a39-14945,55946,0
1092,11-de1b2a7baf7850243db71c4abd4e5a39-15006,55946,0
1093,12-de1b2a7baf7850243db71c4abd4e5a39-15066,55946,0
1094,4-de1b2a7baf7850243db71c4abd4e5a39-16110,55946,0
1095,74-de1b2a7baf7850243db71c4abd4e5a39-59912,55946,0
1096,2-de1b2a7baf7850243db71c4abd4e5a39-10957,55946,1
1097,79-874009492fa91f511e7e775ecfbc28d6-70248,55946,1
1098,80-874009492fa91f511e7e775ecfbc28d6-71530,55946,1
1099,1-ab389edaabf8d841f5719d0cf64006a3-10131,55947,1
1100,3-ab389edaabf8d841f5719d0cf64006a3-13221,55947,1
1101,4-ab389edaabf8d841f5719d0cf64006a3-15973,55947,1
1102,72-ab389edaabf8d841f5719d0cf64006a3-59454,55947,1
1103,74-ab389edaabf8d841f5719d0cf64006a3-60067,55947,1
1104,80-ab389edaabf8d841f5719d0cf64006a3-71393,55947,1
1105,3-9f05ab40dc98c76b5d15f7c2d7e171f8-13303,55948,0
1106,4-813f8ce580f276558ce9e5093468b1ab-14243,55948,0
1107,10-813f8ce580f276558ce9e5093468b1ab-14953,55948,0
1108,72-813f8ce580f276558ce9e5093468b1ab-59423,55948,0
1109,74-813f8ce580f276558ce9e5093468b1ab-60022,55948,0
1110,79-813f8ce580f276558ce9e5093468b1ab-70215,55948,0
1111,80-813f8ce580f276558ce9e5093468b1ab-70990,55948,0
1112,1-123402c04dcfb6625f688f771a5fc05d-10805,55949,1
1113,2-123402c04dcfb6625f688f771a5fc05d-12342,55949,1
1114,3-123402c04dcfb6625f688f771a5fc05d-13941,55949,1
1115,4-123402c04dcfb6625f688f771a5fc05d-16048,55949,1
1116,79-99665201de0ee012a6c7a4daa86a51ff-70029,55949,1
1117,80-99665201de0ee012a6c7a4daa86a51ff-71468,55949,1
1118,3-742929dcb631403d7c1c1efad2ca2700-12420,55950,0
1119,4-863e5f582e99730838f47c53e92767eb-16070,55950,0
1120,72-e811af40e80c396fb9dd59c45a1c9ce5-59319,55950,0
1121,74-e811af40e80c396fb9dd59c45a1c9ce5-59907,55950,0
1122,79-e811af40e80c396fb9dd59c45a1c9ce5-69051,55950,0
1123,80-e811af40e80c396fb9dd59c45a1c9ce5-71490,55950,0
1124,1-b9edbf3b72425b95c955cbb5878766fe-9372,55950,1
1125,2-b9edbf3b72425b95c955cbb5878766fe-10881,55950,1
1126,1-22af645d1859cb5ca6da0c484f1f37ea-10794,55951,1
1127,2-22af645d1859cb5ca6da0c484f1f37ea-12332,55951,1
1128,3-22af645d1859cb5ca6da0c484f1f37ea-13929,55951,1
1129,4-22af645d1859cb5ca6da0c484f1f37ea-15927,55951,1
1130,72-22af645d1859cb5ca6da0c484f1f37ea-59502,55951,1
1131,73-22af645d1859cb5ca6da0c484f1f37ea-59802,55951,1
1132,74-22af645d1859cb5ca6da0c484f1f37ea-60119,55951,1
1133,75-22af645d1859cb5ca6da0c484f1f37ea-60347,55951,1
1134,80-388e50b03bf2e4006fd5d55fd1bd5920-71347,55951,1
1135,79-388e50b03bf2e4006fd5d55fd1bd5920-68156,55951,3
1136,3-a5e8504a37e260afc9880f89c3c47232-13254,55952,1
1137,1-f62ea5a04cd663cce52bfaba9f3026fa-15523,55952,1
1138,4-f62ea5a04cd663cce52bfaba9f3026fa-16212,55952,1
1139,74-a18de8924ef791ea025df8b5c36ab15d-59884,55952,1
1140,79-fd386d820189a069a27851021f3237e8-68602,55952,1
1141,79-daffd55e1b8020c7a60a7b6e36afb775-69383,55952,1
1142,80-daffd55e1b8020c7a60a7b6e36afb775-71632,55952,1
1143,1-d508fe45cecaf653904a0e774084bb5c-10772,55953,1
1144,4-d508fe45cecaf653904a0e774084bb5c-16047,55953,1
1145,79-16c07a4f1d48175a2fbf725c0b35c3f4-69431,55953,1
1146,80-16c07a4f1d48175a2fbf725c0b35c3f4-71467,55953,1
1147,72-d508fe45cecaf653904a0e774084bb5c-59542,55953,2
1148,75-d508fe45cecaf653904a0e774084bb5c-60378,55953,2
1149,1-2cf182cef6230c07c5206f027db2af4e-9808,55954,1
1150,4-2cf182cef6230c07c5206f027db2af4e-15952,55954,1
1151,80-2cf182cef6230c07c5206f027db2af4e-71372,55954,1
1152,3-f3e6b791dbf9c5f343bc29e3f8f8b4c8-13563,55955,0
1153,4-4e026537a7d32360c5a22b7cb2e7f61a-14113,55955,0
1154,80-4e026537a7d32360c5a22b7cb2e7f61a-70860,55955,0
1155,2-4e026537a7d32360c5a22b7cb2e7f61a-11991,55955,1
1156,1-149603e6c03516362a8da23f624db945-10795,55956,1
1157,2-149603e6c03516362a8da23f624db945-12333,55956,1
1158,4-149603e6c03516362a8da23f624db945-14041,55956,1
1159,72-149603e6c03516362a8da23f624db945-59499,55956,1
1160,74-149603e6c03516362a8da23f624db945-60116,55956,1
1161,79-ce26f18c7327e4b89ada610dee8c99af-69889,55956,1
1162,80-ce26f18c7327e4b89ada610dee8c99af-70788,55956,1
1163,4-33c6c2397a1b079e903c474df792d0e2-14240,55957,1
1164,72-33c6c2397a1b079e903c474df792d0e2-59407,55957,1
1165,74-33c6c2397a1b079e903c474df792d0e2-60000,55957,1
1166,79-0c6c2e93985f3f7b6613a83ad45b6ad7-68310,55957,1
1167,80-0c6c2e93985f3f7b6613a83ad45b6ad7-70987,55957,1
1168,2-33c6c2397a1b079e903c474df792d0e2-15847,55957,2
1169,1-cb5786412becb979c90f606f25ad4b4f-9615,55958,0
1170,72-cb5786412becb979c90f606f25ad4b4f-59348,55958,0
1171,2-cb5786412becb979c90f606f25ad4b4f-11117,55958,1
1172,4-cb5786412becb979c90f606f25ad4b4f-14197,55958,1
1173,12-cb5786412becb979c90f606f25ad4b4f-15055,55958,1
1174,13-cb5786412becb979c90f606f25ad4b4f-15115,55958,1
1175,73-cb5786412becb979c90f606f25ad4b4f-59798,55958,1
1176,74-cb5786412becb979c90f606f25ad4b4f-59936,55958,1
1177,75-cb5786412becb979c90f606f25ad4b4f-60343,55958,1
1178,79-0f8129fb8d26f12edccd004379a13812-70438,55958,1
1179,80-0f8129fb8d26f12edccd004379a13812-70944,55958,1
1180,3-cb5786412becb979c90f606f25ad4b4f-12672,55958,2
1181,79-034261fb568b61d00652b9241e3f570c-68261,55958,2
1182,1-8325324b47e1e62a1c2998a640cbdc72-10742,55959,1
1183,2-8325324b47e1e62a1c2998a640cbdc72-12270,55959,1
1184,4-8325324b47e1e62a1c2998a640cbdc72-16084,55959,1
1185,80-8325324b47e1e62a1c2998a640cbdc72-71504,55959,1
1186,79-e8966bdc069adbcfcb915919f5c01031-68306,55960,1
1187,1-601fe8f98bd965659f49d986b56229f4-10091,55960,2
1188,3-967697183e094509a81bf34bd5d9f19c-12905,55960,2
1189,4-967697183e094509a81bf34bd5d9f19c-16156,55960,2
1190,80-e8966bdc069adbcfcb915919f5c01031-71576,55960,2
1191,1-a4010945e4bd924bc2a890a2effea0e6-10844,55961,2
1192,4-a4010945e4bd924bc2a890a2effea0e6-16184,55961,2
1193,80-a4010945e4bd924bc2a890a2effea0e6-71604,55961,2
1194,1-f50e6c3593d2dfc0f3f5420263dffdd0-10783,55962,1
1195,2-f50e6c3593d2dfc0f3f5420263dffdd0-12318,55962,1
1196,3-f50e6c3593d2dfc0f3f5420263dffdd0-13918,55962,1
1197,4-b303f19c35982f9ef8fe6ea4b75040be-14093,55962,1
1198,79-279e2634beeb87cc45a0cdbe0bf1a200-70091,55962,1
1199,80-279e2634beeb87cc45a0cdbe0bf1a200-70840,55962,1
1200,1-c0db7d4e3cbad2b18c767c659f448a11-10803,55963,1
1201,4-70807b4995a9cc336754970e8497fdf5-14435,55963,1
1202,79-dfad46f75bbcccd0fc9c5b285eba22df-69917,55963,1
1203,80-dfad46f75bbcccd0fc9c5b285eba22df-71182,55963,1
1204,2-c0db7d4e3cbad2b18c767c659f448a11-12340,55963,2
1205,3-c0db7d4e3cbad2b18c767c659f448a11-13939,55963,3
1206,1-7de39a4e4d3fba2d5845ecccb2efe8b9-9605,55964,0
1207,4-d832124e005651232af313575b210bc1-16081,55964,0
1208,80-d832124e005651232af313575b210bc1-71501,55964,0
1209,2-84582d4bbc54db2b8c6293fbe59591ea-11107,55964,1
1210,1-6867d0a9d4967ddd003dc9a0108e8ee0-10717,55965,1
1211,2-6867d0a9d4967ddd003dc9a0108e8ee0-12240,55965,1
1212,4-6867d0a9d4967ddd003dc9a0108e8ee0-16319,55965,1
1213,80-6867d0a9d4967ddd003dc9a0108e8ee0-71739,55965,1
1214,74-61b440f9a93d31c35c3e6de6dfa8cda9-60172,55967,0
1215,1-6bb9b0ae3bd5f416219b4fc514e01f7b-9597,55967,1
1216,2-61b440f9a93d31c35c3e6de6dfa8cda9-11101,55967,1
1217,3-390558d9fbfa5d491792841259d3dccb-12651,55967,1
1218,4-d702d98849f5aeb3267be78b434391d5-16823,55967,1
1219,79-ba0b4411a5b8e22caedcbfa565c7c4fd-69428,55967,1
1220,80-ba0b4411a5b8e22caedcbfa565c7c4fd-72243,55967,1
1221,1-5de560dfbd3111197969fd3b0e9f0d73-9672,55968,1
1222,2-5de560dfbd3111197969fd3b0e9f0d73-11158,55968,1
1223,3-d7b74a5e89b93a06b7fe2ecae368b3ab-12733,55968,1
1224,4-5de560dfbd3111197969fd3b0e9f0d73-16051,55968,1
1225,80-5de560dfbd3111197969fd3b0e9f0d73-71471,55968,1
1226,1-5514f8a58ce2bcd3e5feb12868051f65-10718,55969,1
1227,2-339e02b7f6ebf90186c12225328bcf33-11774,55969,1
1228,3-339e02b7f6ebf90186c12225328bcf33-13832,55969,1
1229,4-339e02b7f6ebf90186c12225328bcf33-15957,55969,1
1230,79-339e02b7f6ebf90186c12225328bcf33-69674,55969,1
1231,80-339e02b7f6ebf90186c12225328bcf33-71377,55969,1
1232,75-c9fab33e9458412c527c3fe8a13ee37d-60359,55970,0
1233,1-521fc31c178060e9acea39818af08893-9573,55970,1
1234,2-521fc31c178060e9acea39818af08893-11083,55970,1
1235,1-48519f7557e1b0f05c65a0455dc64fb1-10713,55972,1
1236,2-48519f7557e1b0f05c65a0455dc64fb1-12236,55972,1
1237,4-dbffc903e952262daac75c71173c66e1-14098,55972,1
1238,79-08702c8a7a4b33ed63735d35f0ad7e80-69741,55972,1
1239,80-08702c8a7a4b33ed63735d35f0ad7e80-70845,55972,1
1240,1-3248bc7547ce97b2a197b2a06cf7283d-10660,55973,1
1241,2-3248bc7547ce97b2a197b2a06cf7283d-12181,55973,1
1242,4-3248bc7547ce97b2a197b2a06cf7283d-14342,55973,1
1243,79-3c74402f2153d43ae4e20515986d35fd-69748,55973,1
1244,80-3c74402f2153d43ae4e20515986d35fd-71089,55973,1
1245,1-6029acbe056a2ee1ddaeb088d190b71e-10687,55974,2
1246,4-687244538ab3a8d1f540ad8487ce7521-16173,55974,2
1247,79-5317c95f55ea07b2be7015ee7fae2db2-69655,55974,2
1248,80-5317c95f55ea07b2be7015ee7fae2db2-71593,55974,2
1249,72-534735884d341071762ede7af01c53e8-59582,55975,1
1250,75-534735884d341071762ede7af01c53e8-60331,55975,1
1251,1-534735884d341071762ede7af01c53e8-10684,55975,2
1252,2-534735884d341071762ede7af01c53e8-12208,55975,2
1253,3-1cfa6151ecd7885fa5154848c82fe867-13791,55975,2
1254,4-534735884d341071762ede7af01c53e8-15928,55975,2
1255,73-534735884d341071762ede7af01c53e8-59785,55975,2
1256,80-937450992b3bdbc843a79cbe74d05273-71348,55975,2
1257,79-937450992b3bdbc843a79cbe74d05273-69553,55975,3
1258,1-931c5a94e7cf4c5d0ee2900c3c2ae1ea-10798,55976,3
1259,2-931c5a94e7cf4c5d0ee2900c3c2ae1ea-12336,55976,3
1260,4-6e6b4c3e0cf36a53865be47ffac2a057-14389,55976,3
1261,80-6e6b4c3e0cf36a53865be47ffac2a057-71136,55976,3
1262,3-15b32ae33014b29186bab9d523f42cea-13473,55978,0
1263,4-0af5e81185d3c9b7884d3c1f2dad3e1a-14119,55978,0
1264,80-0af5e81185d3c9b7884d3c1f2dad3e1a-70866,55978,0
1265,1-0af5e81185d3c9b7884d3c1f2dad3e1a-15369,55978,1
1266,1-c695be4ac9d9282355db8c412a4d0a84-10734,55980,2
1267,2-d283d923bc1b2775ca2989a95b9dd5fe-11559,55980,2
1268,4-c695be4ac9d9282355db8c412a4d0a84-14089,55980,2
1269,80-c695be4ac9d9282355db8c412a4d0a84-70836,55980,2
1270,72-7cfe64ea44dc3bbeb63b29ff3039a481-59515,55981,0
1271,74-7cfe64ea44dc3bbeb63b29ff3039a481-60132,55981,0
1272,1-7cfe64ea44dc3bbeb63b29ff3039a481-10832,55981,1
1273,2-7cfe64ea44dc3bbeb63b29ff3039a481-12373,55981,1
1274,3-7cfe64ea44dc3bbeb63b29ff3039a481-13976,55981,1
1275,4-7cfe64ea44dc3bbeb63b29ff3039a481-14039,55981,1
1276,80-7cfe64ea44dc3bbeb63b29ff3039a481-70786,55981,1
1277,1-3a90eeb9b16640a98c41091237a517e3-15332,55982,0
1278,79-ce7b55297be4e48bceb413aeb4b9f67f-69292,55982,0
1279,80-ce7b55297be4e48bceb413aeb4b9f67f-73741,55982,0
1280,4-3b87e9cc82ea9c6c2ac7724820292654-14130,55983,0
1281,10-5dd80efb8e54f276065fa70926ec949f-14939,55983,0
1282,11-5dd80efb8e54f276065fa70926ec949f-15000,55983,0
1283,80-3b87e9cc82ea9c6c2ac7724820292654-70877,55983,0
1284,2-72b302bf297a228a75730123efef7c41-11820,55983,1
1285,3-72b302bf297a228a75730123efef7c41-13391,55983,1
1286,1-fdfa02ecf86feac3801254da57c1c9ba-10023,55986,1
1287,3-fdfa02ecf86feac3801254da57c1c9ba-13112,55986,1
1288,4-fdfa02ecf86feac3801254da57c1c9ba-14207,55986,1
1289,72-fdfa02ecf86feac3801254da57c1c9ba-59259,55986,1
1290,74-fdfa02ecf86feac3801254da57c1c9ba-59843,55986,1
1291,80-fdfa02ecf86feac3801254da57c1c9ba-70954,55986,1
1292,2-fdfa02ecf86feac3801254da57c1c9ba-11547,55986,2
1293,75-37d3bea88e44a02b9157bf6d28f3db85-60361,55986,2
1294,1-41273acb23c652a1fdcaa4b47901f691-10791,55987,2
1295,2-41273acb23c652a1fdcaa4b47901f691-12329,55987,2
1296,4-41273acb23c652a1fdcaa4b47901f691-15932,55987,2
1297,80-b3ef0bfcf3a5a36c12904f1c381fff26-71352,55987,2
1298,79-b3ef0bfcf3a5a36c12904f1c381fff26-68407,55987,7
1299,2-d861877da56b8b4ceb35c8cbfdf65bb4-12295,55988,1
1300,4-d861877da56b8b4ceb35c8cbfdf65bb4-16218,55988,1
1301,79-54c9133ddcab96eb5d7e8fa5d015a8f6-69555,55988,1
1302,80-54c9133ddcab96eb5d7e8fa5d015a8f6-71638,55988,1
1303,79-dbd782e4fa150c6df2d8ce5926aa9cc1-70266,55989,0
1304,1-dbd782e4fa150c6df2d8ce5926aa9cc1-9809,55989,1
1305,2-dbd782e4fa150c6df2d8ce5926aa9cc1-11329,55989,1
1306,3-dbd782e4fa150c6df2d8ce5926aa9cc1-12879,55989,1
1307,4-dbd782e4fa150c6df2d8ce5926aa9cc1-16283,55989,1
1308,80-dbd782e4fa150c6df2d8ce5926aa9cc1-71703,55989,1
1309,1-fff25994ee3941b225ba898fd17d186f-10830,55990,2
1310,4-d07fff217b6570de94e388ab79f21486-16275,55990,2
1311,80-d07fff217b6570de94e388ab79f21486-71695,55990,2
1312,1-ed6579eaedd0e67b3ed51c7ee7071044-15208,55991,1
1313,2-ed6579eaedd0e67b3ed51c7ee7071044-15770,55991,1
1314,4-ed6579eaedd0e67b3ed51c7ee7071044-15929,55991,1
1315,79-f16836df2b231bca8ead02186866b8f2-70720,55991,1
1316,80-f16836df2b231bca8ead02186866b8f2-71349,55991,1
1317,1-f5976db642aedcb6139ab549408e876a-10837,55992,1
1318,3-31d4541b8e926a24f0c9b835b68cfdf3-13981,55992,1
1319,4-9b7460eac882a9cbd655beed4d9902e8-14406,55992,1
1320,79-edd21fe31ecb032b11ce1ae1a3f32b46-70034,55992,1
1321,80-edd21fe31ecb032b11ce1ae1a3f32b46-71153,55992,1
1322,72-9f27410725ab8cc8854a2769c7a516b8-59544,55993,1
1323,1-9f27410725ab8cc8854a2769c7a516b8-10775,55993,2
1324,2-9f27410725ab8cc8854a2769c7a516b8-12310,55993,2
1325,3-9f27410725ab8cc8854a2769c7a516b8-13910,55993,2
1326,4-9f27410725ab8cc8854a2769c7a516b8-18293,55993,2
1327,75-9f27410725ab8cc8854a2769c7a516b8-60322,55993,2
1328,79-9f27410725ab8cc8854a2769c7a516b8-70402,55993,2
1329,80-9f27410725ab8cc8854a2769c7a516b8-73713,55993,2
1330,1-a548bc6bfd6cadfe6d205eafe80b50de-9639,55994,2
1331,2-c6223028990bafdea75604acf8da0182-11137,55994,2
1332,3-a548bc6bfd6cadfe6d205eafe80b50de-12699,55994,2
1333,4-c6223028990bafdea75604acf8da0182-14086,55994,2
1334,79-c6223028990bafdea75604acf8da0182-70344,55994,2
1335,80-c6223028990bafdea75604acf8da0182-70833,55994,2
1336,72-f19bd0844e53369373385609e28dbf84-59346,55995,0
1337,1-f19bd0844e53369373385609e28dbf84-9587,55995,1
1338,2-f19bd0844e53369373385609e28dbf84-11093,55995,1
1339,3-f19bd0844e53369373385609e28dbf84-12641,55995,1
1340,4-f19bd0844e53369373385609e28dbf84-14153,55995,1
1341,11-f19bd0844e53369373385609e28dbf84-14973,55995,1
1342,73-f19bd0844e53369373385609e28dbf84-59767,55995,1
1343,75-f19bd0844e53369373385609e28dbf84-60313,55995,1
1344,75-ebd556e6dfc99dbed29675ce1c6c68e5-60365,55995,1
1345,80-f19bd0844e53369373385609e28dbf84-70900,55995,1
1346,4-61aa9eafc7982cee3eff4e494f174da2-14106,55996,0
1347,80-61aa9eafc7982cee3eff4e494f174da2-70853,55996,0
1348,1-61aa9eafc7982cee3eff4e494f174da2-9533,55996,1
1349,2-61aa9eafc7982cee3eff4e494f174da2-11042,55996,1
1350,73-61aa9eafc7982cee3eff4e494f174da2-59792,55996,1
1351,75-61aa9eafc7982cee3eff4e494f174da2-60338,55996,2
1352,1-1ffd9e753c8054cc61456ac7fac1ac89-10771,55997,1
1353,2-1ffd9e753c8054cc61456ac7fac1ac89-12306,55997,1
1354,3-1ffd9e753c8054cc61456ac7fac1ac89-13906,55997,1
1355,4-1ffd9e753c8054cc61456ac7fac1ac89-14034,55997,1
1356,73-1ffd9e753c8054cc61456ac7fac1ac89-59751,55997,1
1357,75-1ffd9e753c8054cc61456ac7fac1ac89-60297,55997,1
1358,79-bf53fff95fc0321318b4012c7d5ab412-69474,55997,1
1359,80-bf53fff95fc0321318b4012c7d5ab412-70781,55997,1
1360,1-642a7c07be23973c5e6ec91616fb88ac-10027,55998,1
1361,4-cf1a7995aa6f8108fb4cbe94cd22a9ab-16234,55998,1
1362,73-5b71518329fee780e81e513b3812dbe9-59755,55998,1
1363,80-cf1a7995aa6f8108fb4cbe94cd22a9ab-71654,55998,1
1364,1-777617f8a58aea415404d200a681356e-15487,55999,1
1365,4-14952ea782ad87d7e30059fa3cc516f1-16145,55999,1
1366,80-14952ea782ad87d7e30059fa3cc516f1-71565,55999,1
1367,2-14952ea782ad87d7e30059fa3cc516f1-11156,55999,2
1368,3-8b373710bcf876edd91f281e50ed58ab-12633,56000,2
1369,4-8b373710bcf876edd91f281e50ed58ab-14227,56000,2
1370,79-8b373710bcf876edd91f281e50ed58ab-68435,56000,2
1371,80-8b373710bcf876edd91f281e50ed58ab-70974,56000,2
1372,2-8b373710bcf876edd91f281e50ed58ab-15918,56000,3
1373,3-d9b206840f563b7b4a5b8b056cb40b32-13758,56001,1
1374,4-9df78a628d65092f5412c2cf839b293c-14092,56001,1
1375,79-469d7052052926b240f2e635ff46d518-69951,56001,1
1376,79-f9d8fba7046233752e473a7a13ee6b4a-69954,56001,1
1377,80-f9d8fba7046233752e473a7a13ee6b4a-70839,56001,1
1378,2-811268aaf816faaef03ade5c52127d97-15746,56001,2
1379,3-f74c6af46a78becb2f1bd3f95bbd5858-12412,56002,0
1380,4-f74c6af46a78becb2f1bd3f95bbd5858-14246,56002,0
1381,10-0cf04112df2ec4a38fe7356b8613fc5e-14922,56002,0
1382,11-0cf04112df2ec4a38fe7356b8613fc5e-14983,56002,0
1383,12-0cf04112df2ec4a38fe7356b8613fc5e-15043,56002,0
1384,72-0cf04112df2ec4a38fe7356b8613fc5e-59311,56002,0
1385,74-33c5c97aff6c5183126ff3644b01179e-59898,56002,0
1386,79-e1bff05e37cd630f29ee4930a8ef8506-69250,56002,0
1387,80-e1bff05e37cd630f29ee4930a8ef8506-70993,56002,0
1388,1-f74c6af46a78becb2f1bd3f95bbd5858-9364,56002,1
1389,2-f74c6af46a78becb2f1bd3f95bbd5858-10873,56002,1
1390,13-0cf04112df2ec4a38fe7356b8613fc5e-15103,56002,1
1391,1-fa83f40479a04df219641b58c911b417-15137,56004,0
1392,72-fa83f40479a04df219641b58c911b417-59341,56004,0
1393,2-fa83f40479a04df219641b58c911b417-11172,56004,1
1394,3-fa83f40479a04df219641b58c911b417-12754,56004,1
1395,4-fa83f40479a04df219641b58c911b417-14149,56004,1
1396,73-fa83f40479a04df219641b58c911b417-59747,56004,1
1397,74-fa83f40479a04df219641b58c911b417-59929,56004,1
1398,75-fa83f40479a04df219641b58c911b417-60293,56004,1
1399,79-0d6f8b630003959bfc7d2b45fc135be1-68532,56004,1
1400,80-0d6f8b630003959bfc7d2b45fc135be1-70896,56004,1
1401,1-485ec278821f55d103fe0b06eaa85fa3-10745,56005,1
1402,2-485ec278821f55d103fe0b06eaa85fa3-12275,56005,1
1403,4-485ec278821f55d103fe0b06eaa85fa3-16102,56005,1
1404,79-a9110cd72cb332344e46c710cf40eced-69968,56005,1
1405,80-a9110cd72cb332344e46c710cf40eced-71522,56005,1
1406,1-6627415e807ee33c7302917216e7da68-10807,56006,1
1407,2-6627415e807ee33c7302917216e7da68-12348,56006,1
1408,3-6627415e807ee33c7302917216e7da68-13945,56006,1
1409,4-6627415e807ee33c7302917216e7da68-16231,56006,1
1410,79-def1a76b49624fb35de4754afc8b4636-70079,56006,1
1411,80-def1a76b49624fb35de4754afc8b4636-71651,56006,1
1412,72-22b84b6e35ace0cd87f805ecf020ff36-59362,56007,0
1413,74-22b84b6e35ace0cd87f805ecf020ff36-59952,56007,0
1414,1-22b84b6e35ace0cd87f805ecf020ff36-9725,56007,1
1415,4-22b84b6e35ace0cd87f805ecf020ff36-16277,56007,1
1416,80-22b84b6e35ace0cd87f805ecf020ff36-71697,56007,1
1417,2-22b84b6e35ace0cd87f805ecf020ff36-11254,56007,2
1418,73-22b84b6e35ace0cd87f805ecf020ff36-59786,56007,2
1419,75-22b84b6e35ace0cd87f805ecf020ff36-60332,56007,2
1420,1-f52b5e449a2303c031a0c3a1109360bf-10123,56008,1
1421,2-f52b5e449a2303c031a0c3a1109360bf-11647,56008,1
1422,3-f52b5e449a2303c031a0c3a1109360bf-13213,56008,1
1423,4-f52b5e449a2303c031a0c3a1109360bf-16164,56008,1
1424,74-f52b5e449a2303c031a0c3a1109360bf-60054,56008,1
1425,80-f52b5e449a2303c031a0c3a1109360bf-71584,56008,1
1426,4-3c68cbe461787ba38509df85e731f1a6-14205,56009,0
1427,10-3c68cbe461787ba38509df85e731f1a6-14941,56009,0
1428,11-3c68cbe461787ba38509df85e731f1a6-15002,56009,0
1429,12-3c68cbe461787ba38509df85e731f1a6-15062,56009,0
1430,75-3c68cbe461787ba38509df85e731f1a6-60352,56009,0
1431,80-ba29778598aeb9af11ae08a934301c82-70952,56009,0
1432,2-0040a6b9ae417522ef81c5e08fc3e6ec-11459,56009,1
1433,79-ba29778598aeb9af11ae08a934301c82-68630,56009,2
1434,12-28b26be59c986170c572133aaace31c2-15071,56010,0
1435,72-28b26be59c986170c572133aaace31c2-59352,56010,0
1436,1-28b26be59c986170c572133aaace31c2-9646,56010,1
1437,10-28b26be59c986170c572133aaace31c2-14950,56010,1
1438,11-28b26be59c986170c572133aaace31c2-15011,56010,1
1439,13-28b26be59c986170c572133aaace31c2-15130,56010,1
1440,4-28b26be59c986170c572133aaace31c2-16066,56010,1
1441,74-28b26be59c986170c572133aaace31c2-59941,56010,1
1442,75-28b26be59c986170c572133aaace31c2-60372,56010,1
1443,79-b40bf784e8dd12416e5fe7eb9b7af812-68206,56010,1
1444,80-b40bf784e8dd12416e5fe7eb9b7af812-71486,56010,1
1445,73-28b26be59c986170c572133aaace31c2-59826,56010,2
1446,11-93a04b066fd81a1017825f2dcda313b2-14998,56011,1
1447,12-93a04b066fd81a1017825f2dcda313b2-15058,56011,1
1448,13-93a04b066fd81a1017825f2dcda313b2-15118,56011,1
1449,4-93a04b066fd81a1017825f2dcda313b2-15946,56011,1
1450,72-93a04b066fd81a1017825f2dcda313b2-59277,56011,1
1451,80-28c47c669e94d266efb881216ed0cd1b-71366,56011,1
1452,2-93a04b066fd81a1017825f2dcda313b2-15738,56011,2
1453,79-28c47c669e94d266efb881216ed0cd1b-68441,56011,2
1454,72-46f9631576015f35f527af2bc67351a6-59562,56012,0
1455,74-46f9631576015f35f527af2bc67351a6-60178,56012,0
1456,2-46f9631576015f35f527af2bc67351a6-12186,56012,1
1457,3-f937b6b933efbfea65808799ebe17993-13765,56012,1
1458,4-46f9631576015f35f527af2bc67351a6-14053,56012,1
1459,79-9f5497a2bc5524f5f02c41cd2d272178-70128,56012,1
1460,80-9f5497a2bc5524f5f02c41cd2d272178-70800,56012,1
1461,3-b9361276e142f306ab7c98020de7b8cc-13332,56013,1
1462,4-b9361276e142f306ab7c98020de7b8cc-16141,56013,1
1463,79-fdcc49b993825dccc85d3b5a8223c8e8-69412,56013,1
1464,80-fdcc49b993825dccc85d3b5a8223c8e8-71561,56013,1
1465,1-8c0d293a8686f229bd737483b8b52b12-15149,56014,2
1466,2-8efd23a3fe0ec74453bdd0fadb91b0e3-15724,56014,2
1467,4-8efd23a3fe0ec74453bdd0fadb91b0e3-16302,56014,2
1468,79-6ba1369a4135a18da4e20946e655f4a8-69647,56014,2
1469,80-6ba1369a4135a18da4e20946e655f4a8-71722,56014,2
1470,3-0216b8342fe7c4f1c598e82430ed3898-13819,56014,4
1471,4-4554244d10beddaeba692733d85f46f6-14049,56015,1
1472,80-4554244d10beddaeba692733d85f46f6-70796,56015,1
1473,3-2568fa9f52b34de6328f5044555fe7b6-13824,56015,3
1474,4-1cbfb724ceee46cd879df7c7cfbe7dca-16064,56016,1
1475,80-1cbfb724ceee46cd879df7c7cfbe7dca-71484,56016,1
1476,2-1cbfb724ceee46cd879df7c7cfbe7dca-12214,56016,2
1477,3-07c32568f84eba49f7c8c058adbb719f-13725,56016,2
1478,3-751cb93095a674951d147ed282f65cae-12950,56017,2
1479,4-fc6e3a1f2b32ad48342c441fdb9fe732-14538,56017,2
1480,79-24b1df77ade95dbf656f654f352daf27-69707,56017,2
1481,80-24b1df77ade95dbf656f654f352daf27-71285,56017,2
1482,4-7f5c60c217cdff754afc085736966230-16154,56018,1
1483,73-45fe7e5529d283851d93b74536e095a0-59801,56018,1
1484,80-7f5c60c217cdff754afc085736966230-71574,56018,1
1485,3-509763661569eeb75e957c9a276a5dd7-12721,56018,2
1486,1-3839b0cdd434530110115a990772ec42-15230,56019,2
1487,2-3839b0cdd434530110115a990772ec42-15653,56019,2
1488,79-9921a544de9e1637e4eb97ab372f0ab1-68434,56019,2
1489,80-9921a544de9e1637e4eb97ab372f0ab1-73736,56019,2
1490,4-94a9f5155f55b31c73482d54bbceec54-16057,56020,1
1491,80-94a9f5155f55b31c73482d54bbceec54-71477,56020,1
1492,3-e7cab98b1af98bdf7df6f31de7c091bd-13792,56020,3
1493,1-590f53e8699817c6fa498cc11a4cbe63-15467,56021,1
1494,4-590f53e8699817c6fa498cc11a4cbe63-16179,56021,1
1495,79-590f53e8699817c6fa498cc11a4cbe63-70283,56021,1
1496,80-590f53e8699817c6fa498cc11a4cbe63-71599,56021,1
1497,3-bb0b227b18124e618cf4fc2acbe28fc9-13697,56021,2
1498,79-a1eeb61ebe7c439b9ecb6310d8fb149a-68252,56021,2
1499,79-0bf83831ea4a1fb853e6d38ff5d43737-69346,56021,2
1500,12-8ff953dd97c4405234a04291dee39e0b-15067,56022,1
1501,4-8ff953dd97c4405234a04291dee39e0b-16011,56022,1
1502,75-8ff953dd97c4405234a04291dee39e0b-60363,56022,1
1503,79-75c6f03161d020201000414cd1501f9f-69231,56022,1
1504,80-75c6f03161d020201000414cd1501f9f-71431,56022,1
1505,79-641497f83a37e13476ca9fdd2d163773-69043,56023,0
1506,3-b9ecc382c3638d5f4be9cbad6fde783c-13760,56023,1
1507,4-ea2b2676c28c0db26d39331a336c6b92-14316,56023,1
1508,80-641497f83a37e13476ca9fdd2d163773-71063,56023,1
1509,72-3c4588116394d2164657875b7430907e-59255,56024,0
1510,4-7e25b972e192b01004b62346ee9975a5-14141,56024,1
1511,10-3c4588116394d2164657875b7430907e-14895,56024,1
1512,11-3c4588116394d2164657875b7430907e-14956,56024,1
1513,12-3c4588116394d2164657875b7430907e-15016,56024,1
1514,74-3c4588116394d2164657875b7430907e-59839,56024,1
1515,79-9c459dfd701e6d8216ee41c6b085c27f-69945,56024,1
1516,80-9c459dfd701e6d8216ee41c6b085c27f-70888,56024,1
1517,2-2bda2998d9b0ee197da142a0447f6725-12356,56025,1
1518,4-e77e39dab4383e98ebacbf84d1f366ae-15994,56025,1
1519,79-467f6c65ba0c941773e65ef73199c361-69171,56025,1
1520,80-467f6c65ba0c941773e65ef73199c361-71414,56025,1
1521,3-eb5c1399a871211c7e7ed732d15e3a8b-13896,56026,1
1522,4-0c8b41e0672ff5220daeaa6032d650b8-18084,56026,1
1523,73-eb5c1399a871211c7e7ed732d15e3a8b-59814,56026,1
1524,74-eb5c1399a871211c7e7ed732d15e3a8b-60107,56026,1
1525,79-3e3b3c43a2513f809772497580230807-70010,56026,1
1526,80-3e3b3c43a2513f809772497580230807-73504,56026,1
1527,3-0de959beaa82daa7df6ef2286d071a6d-13234,56028,1
1528,10-0de959beaa82daa7df6ef2286d071a6d-14913,56028,1
1529,11-0de959beaa82daa7df6ef2286d071a6d-14974,56028,1
1530,12-0de959beaa82daa7df6ef2286d071a6d-15034,56028,1
1531,13-0de959beaa82daa7df6ef2286d071a6d-15094,56028,1
1532,1-4156b101e9c1a110cc1bb925cab29857-15506,56028,1
1533,4-0de959beaa82daa7df6ef2286d071a6d-16034,56028,1
1534,72-0de959beaa82daa7df6ef2286d071a6d-59293,56028,1
1535,74-0de959beaa82daa7df6ef2286d071a6d-59879,56028,1
1536,79-22127af239723324a682c6ec2d24c0cd-68489,56028,1
1537,80-22127af239723324a682c6ec2d24c0cd-71454,56028,1
1538,10-806ad1e1a4aa6498a4b7adaed7639293-14955,56030,0
1539,11-806ad1e1a4aa6498a4b7adaed7639293-15015,56030,0
1540,13-806ad1e1a4aa6498a4b7adaed7639293-15134,56030,0
1541,74-806ad1e1a4aa6498a4b7adaed7639293-59990,56030,0
1542,4-806ad1e1a4aa6498a4b7adaed7639293-18291,56030,1
1543,79-da0f30652e8e7de86c4823d5737f61fd-68676,56030,1
1544,80-da0f30652e8e7de86c4823d5737f61fd-73711,56030,1
1545,12-806ad1e1a4aa6498a4b7adaed7639293-15075,56030,2
1546,3-a94aa000f9a94cc51775bd5eac97c926-12417,56031,0
1547,10-a94aa000f9a94cc51775bd5eac97c926-14918,56031,0
1548,11-a94aa000f9a94cc51775bd5eac97c926-14979,56031,0
1549,12-a94aa000f9a94cc51775bd5eac97c926-15039,56031,0
1550,74-a94aa000f9a94cc51775bd5eac97c926-59893,56031,0
1551,13-a94aa000f9a94cc51775bd5eac97c926-15099,56031,1
1552,1-a856c352b8190c0b4ba2f6f967bca65d-10145,56032,2
1553,4-fd5af46e17ef5b46f23ae9a39c1e912e-16185,56032,3
1554,80-fd5af46e17ef5b46f23ae9a39c1e912e-71605,56032,3
1555,1-2b0cf9520521ebe2b9c24fd0449d0ad7-10172,56035,1
1556,4-2b0cf9520521ebe2b9c24fd0449d0ad7-16295,56035,1
1557,80-2b0cf9520521ebe2b9c24fd0449d0ad7-71715,56035,1
1558,72-2b0cf9520521ebe2b9c24fd0449d0ad7-59300,56035,2
1559,79-2b0cf9520521ebe2b9c24fd0449d0ad7-68413,56035,3
1560,1-0f5264038205edfb1ac05fbb0e8c5e94-10764,56036,1
1561,2-0f5264038205edfb1ac05fbb0e8c5e94-15621,56036,1
1562,4-0f5264038205edfb1ac05fbb0e8c5e94-16109,56036,1
1563,72-0f5264038205edfb1ac05fbb0e8c5e94-59483,56036,1
1564,73-0f5264038205edfb1ac05fbb0e8c5e94-59791,56036,1
1565,74-0f5264038205edfb1ac05fbb0e8c5e94-60100,56036,1
1566,79-9a1cee31ad5f568e336ed7feacefce91-69887,56036,1
1567,80-9a1cee31ad5f568e336ed7feacefce91-71529,56036,1
1568,74-6d4db5ff0c117864a02827bad3c361b9-59845,56037,0
1569,3-6d4db5ff0c117864a02827bad3c361b9-13069,56037,1
1570,10-6d4db5ff0c117864a02827bad3c361b9-14931,56037,1
1571,11-6d4db5ff0c117864a02827bad3c361b9-14992,56037,1
1572,12-6d4db5ff0c117864a02827bad3c361b9-15052,56037,1
1573,4-6d4db5ff0c117864a02827bad3c361b9-16280,56037,1
1574,72-6d4db5ff0c117864a02827bad3c361b9-59261,56037,1
1575,79-3f826716e9a0f32c7fc118a24ae631b1-69442,56037,1
1576,80-3f826716e9a0f32c7fc118a24ae631b1-71700,56037,1
1577,4-9603a224b40d7b67210b78f2e390d00f-14161,56038,1
1578,1-9603a224b40d7b67210b78f2e390d00f-15411,56038,1
1579,79-b2fcb4ba898f479790076dbd5daa133f-70197,56038,1
1580,80-b2fcb4ba898f479790076dbd5daa133f-70908,56038,1
1581,2-076a7b1d6613bcd80d9e5bfa87e8fa81-11781,56038,2
1582,3-d354df0ae1841edf6036166b5ebd3a81-13841,56039,0
1583,4-969beeb6d80f0d8d42f7d7e1060bc10f-14555,56039,1
1584,80-969beeb6d80f0d8d42f7d7e1060bc10f-71302,56039,1
1585,3-f0fee5650c92a2d28715070d15f88eb8-12576,56040,1
1586,10-f0fee5650c92a2d28715070d15f88eb8-14935,56040,1
1587,11-f0fee5650c92a2d28715070d15f88eb8-14996,56040,1
1588,12-f0fee5650c92a2d28715070d15f88eb8-15056,56040,1
1589,13-f0fee5650c92a2d28715070d15f88eb8-15116,56040,1
1590,72-f0fee5650c92a2d28715070d15f88eb8-59330,56040,1
1591,79-f0fee5650c92a2d28715070d15f88eb8-69077,56040,1
1592,80-f0fee5650c92a2d28715070d15f88eb8-73739,56040,1
1593,1-e4b48fd541b3dcb99cababc87c2ee88f-9429,56041,1
1594,11-e4b48fd541b3dcb99cababc87c2ee88f-14972,56041,1
1595,12-e4b48fd541b3dcb99cababc87c2ee88f-15032,56041,1
1596,1-e4b48fd541b3dcb99cababc87c2ee88f-15263,56041,1
1597,2-e4b48fd541b3dcb99cababc87c2ee88f-15733,56041,1
1598,4-e4b48fd541b3dcb99cababc87c2ee88f-16202,56041,1
1599,72-e4b48fd541b3dcb99cababc87c2ee88f-59301,56041,1
1600,80-e4b48fd541b3dcb99cababc87c2ee88f-71622,56041,1
1601,1-d861877da56b8b4ceb35c8cbfdf65bb4-15347,56042,1
1602,72-acaa16770db76c1ffb9cee51c3cabfcf-59489,56042,1
1603,75-d861877da56b8b4ceb35c8cbfdf65bb4-60294,56042,1
1604,79-b31f3cdf59215388b15f13d9812d49bf-70250,56042,1
1605,80-b31f3cdf59215388b15f13d9812d49bf-73753,56042,1
1606,12-dd8fc45d87f91c6f9a9f43a3f355a94a-15021,56043,2
1607,13-dd8fc45d87f91c6f9a9f43a3f355a94a-15081,56043,2
1608,4-dd8fc45d87f91c6f9a9f43a3f355a94a-18295,56043,2
1609,72-dd8fc45d87f91c6f9a9f43a3f355a94a-59439,56043,2
1610,79-31b97a053320d6d125f3cc59fd14a629-70727,56043,7
1611,80-31b97a053320d6d125f3cc59fd14a629-73715,56043,7
1612,2-db05c988e5abdf34301dfd0e54998a67-12183,56045,1
1613,4-c97da3c65a68a1c8068f311b3752b3d1-17749,56045,1
1614,80-c97da3c65a68a1c8068f311b3752b3d1-73169,56045,1
1615,3-b09315ea09c6d3b5680094257f1f70e4-12524,56046,1
1616,4-b09315ea09c6d3b5680094257f1f70e4-16304,56046,1
1617,72-39ec785d60a1b23bfda9944b9138bbcf-59317,56046,1
1618,74-39ec785d60a1b23bfda9944b9138bbcf-59904,56046,1
1619,79-3944bae408ab6581aade8bfaf7302c7a-70289,56046,1
1620,80-3944bae408ab6581aade8bfaf7302c7a-71724,56046,1
1621,2-0423fa423baf1ea8139f6662869faf2f-12375,56047,2
1622,80-b9770ef6654b51dc77d563e37c90af2f-70817,56047,2
1623,3-8af9af0427ebd0d6cc2ac8f04f32d004-12705,56048,2
1624,4-4188679c1d8a284ccc41a6b601869e05-17873,56048,2
1625,79-4188679c1d8a284ccc41a6b601869e05-70417,56048,2
1626,80-4188679c1d8a284ccc41a6b601869e05-73293,56048,2
1627,11-63b07e828bf016e976ff95d6ee07a105-14957,56049,0
1628,3-d5ac70e307c46da82a25a8b9c22601fc-12559,56049,1
1629,4-32589a7917a80867bc2a6b78b955deec-14124,56049,1
1630,12-63b07e828bf016e976ff95d6ee07a105-15017,56049,1
1631,74-63b07e828bf016e976ff95d6ee07a105-59920,56049,1
1632,79-9a34c96fa2a56af4f4c74814d63f84aa-68673,56049,1
1633,80-9a34c96fa2a56af4f4c74814d63f84aa-70871,56049,1
1634,3-7dfedc4e3a0ef754546a2c84b4dad6b5-13820,56050,2
1635,4-d7f07f90cac62f9362d92643c67a0fc9-17156,56050,2
1636,79-9c459dfd701e6d8216ee41c6b085c27f-69945,56050,2
1637,79-7d4cb2b4b9010239fb663986319614d0-70591,56050,2
1638,80-7d4cb2b4b9010239fb663986319614d0-72576,56050,2
1639,1-0b43bbb15ffbf52ef97f021171377b48-9632,56051,0
1640,2-0652cdefcfe43fb7f2558365dba75e26-11131,56051,0
1641,3-0b43bbb15ffbf52ef97f021171377b48-12690,56051,0
1642,1-1e893922a5ddc59deda87b8f38f360cb-9620,56052,1
1643,3-1e893922a5ddc59deda87b8f38f360cb-12677,56052,1
1644,80-44b3bced03fde5c66d865a76f933fca1-71569,56052,1
1645,2-44b3bced03fde5c66d865a76f933fca1-15740,56052,2
1646,3-349e686330723975502e9ef4f939a5ac-13915,56053,1
1647,4-716f6b30598ba30945d84485e61c1027-16466,56053,1
1648,80-716f6b30598ba30945d84485e61c1027-71886,56053,1
1649,2-7cef8a734855777c2a9d0caf42666e69-12314,56054,0
1650,3-7cef8a734855777c2a9d0caf42666e69-13914,56054,1
1651,4-b472ee21f087550b319239ff2bf6dafc-16508,56054,1
1652,80-b472ee21f087550b319239ff2bf6dafc-71928,56054,1
1653,2-a932752bdbc58a654d4c4037d06f841f-11130,56055,1
1654,4-539fc1b8c3fb059432e43a94965b51a6-16622,56055,2
1655,80-539fc1b8c3fb059432e43a94965b51a6-72042,56055,2
1656,4-a195a27d1c96dbc7ea4aa9928d914673-17654,56056,1
1657,80-a195a27d1c96dbc7ea4aa9928d914673-73074,56056,1
1658,2-fecebe49b6edfe1b513c8f2db08a0ff0-11169,56056,2
1659,3-a195a27d1c96dbc7ea4aa9928d914673-12745,56056,2
1660,2-6f7f9432d35dea629c8384dab312259a-12293,56058,0
1661,3-6f7f9432d35dea629c8384dab312259a-13893,56058,2
1662,3-45fe7e5529d283851d93b74536e095a0-12723,56059,1
1663,2-45fe7e5529d283851d93b74536e095a0-15627,56059,1
1664,4-45fe7e5529d283851d93b74536e095a0-16068,56059,1
1665,80-45fe7e5529d283851d93b74536e095a0-71488,56059,1
1666,1-4385738b1450a64b743b258c7c551701-9822,56060,1
1667,3-4385738b1450a64b743b258c7c551701-12893,56060,1
1668,4-4385738b1450a64b743b258c7c551701-18294,56060,2
1669,79-4385738b1450a64b743b258c7c551701-68349,56060,2
1670,80-4385738b1450a64b743b258c7c551701-73714,56060,2
1671,1-9db1396159444fec005e8004c08c51d7-10686,56061,1
1672,4-fd29d849e9053c7478b244fbd5b29198-17755,56061,1
1673,80-fd29d849e9053c7478b244fbd5b29198-73175,56061,1
1674,3-cd185b13f27fc37432979dfc9f1414e0-13803,56063,2
1675,4-a3ede599e0cb08202f2894ca5c93c1e7-16661,56063,2
1676,80-a3ede599e0cb08202f2894ca5c93c1e7-72081,56063,2
1677,3-9ff49c6a11b0ed72fa190e9b55ec4f6d-13967,56064,1
1678,4-9ff49c6a11b0ed72fa190e9b55ec4f6d-14585,56064,1
1679,80-9ff49c6a11b0ed72fa190e9b55ec4f6d-71332,56064,1
1680,3-615393e1e0a95c3e3be4b2b23a65c533-13835,56065,0
1681,4-f48ae0478f50e173d21f07e07281a5c3-16479,56065,1
1682,80-f48ae0478f50e173d21f07e07281a5c3-71899,56065,1
1683,3-d077f244def8a70e5ea758bd8352fcd8-12433,56066,1
1684,4-d077f244def8a70e5ea758bd8352fcd8-14510,56066,1
1685,10-d077f244def8a70e5ea758bd8352fcd8-14903,56066,1
1686,11-d077f244def8a70e5ea758bd8352fcd8-14964,56066,1
1687,12-d077f244def8a70e5ea758bd8352fcd8-15024,56066,1
1688,74-d077f244def8a70e5ea758bd8352fcd8-59900,56066,1
1689,80-d077f244def8a70e5ea758bd8352fcd8-71257,56066,1
1690,3-83e4a96aed96436c621b9809e258b309-12539,56067,1
1691,10-83e4a96aed96436c621b9809e258b309-14915,56067,1
1692,4-1f9e85de4932a363140b3f3737ce0f81-18108,56068,1
1693,79-d190af906fa4f8d695b414ef953dc0a9-70020,56068,1
1694,80-d190af906fa4f8d695b414ef953dc0a9-73528,56068,1
1695,3-d9b4412504f72feb72e658673eeab757-12683,56068,2
1696,3-a1f5a7c2237ed4774009fd10f2b40632-13864,56069,2
1697,4-4c33ad0970091cd38cbb0be25ece4aaa-17166,56069,2
1698,79-409f4c76a4e92ecb16cea04bf4a96ab0-69685,56069,2
1699,80-409f4c76a4e92ecb16cea04bf4a96ab0-72586,56069,2
1700,1-324b1f603b05850ff761c4b435a817fd-10704,56071,2
1701,2-b07fb14019c7d230bf76578aa0266829-11246,56071,2
1702,79-32ef6d7e4026e7c39d8ecdbff7cd2069-70565,56071,2
1703,80-32ef6d7e4026e7c39d8ecdbff7cd2069-73756,56071,2
1704,4-5046a43fd3f8184be864359e3d5c9bda-16137,56072,1
1705,74-5046a43fd3f8184be864359e3d5c9bda-59910,56072,1
1706,79-5046a43fd3f8184be864359e3d5c9bda-68787,56072,1
1707,80-5046a43fd3f8184be864359e3d5c9bda-71557,56072,1
1708,3-e8008e06909d08bccc344f7e56b1461b-13943,56073,1
1709,4-481460cc9ba796eb22fbaf4ff946ca32-17116,56073,1
1710,79-a6de8a87474b56cfd7cf2018aac52e85-69815,56073,1
1711,80-a6de8a87474b56cfd7cf2018aac52e85-72536,56073,1
1712,74-755f85c2723bb39381c7379a604160d8-60108,56073,2
1713,3-a5b03048ebe345c488e0ca30eff6ab0c-13136,56074,0
1714,4-a5b03048ebe345c488e0ca30eff6ab0c-14110,56074,0
1715,11-a5b03048ebe345c488e0ca30eff6ab0c-15001,56074,0
1716,12-a5b03048ebe345c488e0ca30eff6ab0c-15061,56074,0
1717,4-a5b03048ebe345c488e0ca30eff6ab0c-16126,56074,0
1718,72-a5b03048ebe345c488e0ca30eff6ab0c-59269,56074,0
1719,74-a5b03048ebe345c488e0ca30eff6ab0c-59853,56074,0
1720,80-a5b03048ebe345c488e0ca30eff6ab0c-70857,56074,0
1721,80-a5b03048ebe345c488e0ca30eff6ab0c-71546,56074,0
1722,3-be1ab1632e4285edc3733b142935c60b-13892,56075,2
1723,4-6b06c9112866bd0b4008c27b478669b2-14265,56075,2
1724,2-27ac116cab3a3c753411ee32832c77fa-15754,56075,2
1725,80-6b06c9112866bd0b4008c27b478669b2-71012,56075,2
1726,4-3c662391820b960607d3a1407cef7f5d-14514,56077,1
1727,79-7b625e057ac3bf4f71e922ec1d6e923e-70031,56077,1
1728,80-7b625e057ac3bf4f71e922ec1d6e923e-71261,56077,1
1729,79-50bd8c21bfafa6e4e962f6a948b1ef92-69310,56078,0
1730,79-50bd8c21bfafa6e4e962f6a948b1ef92-69334,56078,0
1731,80-50bd8c21bfafa6e4e962f6a948b1ef92-72965,56078,0
1732,1-a6fd878576ddebcb1e621611ba637d65-10738,56078,1
1733,4-50bd8c21bfafa6e4e962f6a948b1ef92-17545,56078,1
1734,74-e7e94d9ef1edaf2c6c55e9966b551295-59861,56079,1
1735,2-5b83468fdc6742fe3c3b2e173f31cbb1-11304,56079,2
1736,4-5b83468fdc6742fe3c3b2e173f31cbb1-14536,56079,2
1737,79-5b83468fdc6742fe3c3b2e173f31cbb1-70561,56079,2
1738,80-5b83468fdc6742fe3c3b2e173f31cbb1-71283,56079,2
1739,2-53cced8d281a1a0ace3cb6594daaa4f7-12360,56080,1
1740,72-53cced8d281a1a0ace3cb6594daaa4f7-59486,56080,1
1741,79-53cced8d281a1a0ace3cb6594daaa4f7-70466,56080,1
1742,80-53cced8d281a1a0ace3cb6594daaa4f7-72385,56080,1
1743,2-8ff953dd97c4405234a04291dee39e0b-15768,56081,1
1744,10-8ff953dd97c4405234a04291dee39e0b-14946,56081,3
1745,11-8ff953dd97c4405234a04291dee39e0b-15007,56081,3
1746,1-893b56e3cfe153fb770a120b83bac20c-15388,56082,1
1747,2-893b56e3cfe153fb770a120b83bac20c-15663,56082,1
1748,1-f175e09ccd29c70d6cfd9181256da4a7-10703,56083,2
1749,3-c91207db246f67fe00605338453abcd2-13816,56083,2
1750,4-f175e09ccd29c70d6cfd9181256da4a7-15930,56083,2
1751,79-28c82a5f19d751f5cedb1a093f87c71e-69657,56083,2
1752,80-28c82a5f19d751f5cedb1a093f87c71e-71350,56083,2
1753,3-fe4c0f30aa359c41d9f9a5f69c8c4192-13334,56084,1
1754,4-fe4c0f30aa359c41d9f9a5f69c8c4192-14541,56084,1
1755,75-fe4c0f30aa359c41d9f9a5f69c8c4192-60357,56084,1
1756,80-01107324b9e775665384503e76978f3a-71288,56084,1
1757,79-01107324b9e775665384503e76978f3a-70105,56084,4
1758,1-6c0a62c27d308f808f200e3b13a5fb0b-15357,56088,0
1759,4-6c0a62c27d308f808f200e3b13a5fb0b-16293,56088,0
1760,72-797812a14de34d52c9b329ca8673bec1-59467,56088,0
1761,79-93c28de8c6e68f1910ae79f2a741b2f2-68405,56088,0
1762,80-93c28de8c6e68f1910ae79f2a741b2f2-71713,56088,0
1763,2-7850c021b8f5cbba54e53edf1f88d751-15577,56089,0
1764,3-7850c021b8f5cbba54e53edf1f88d751-58166,56089,0
1765,4-d5ca322453f2986b752e58b11af83d96-16206,56091,0
1766,72-d5ca322453f2986b752e58b11af83d96-59338,56091,0
1767,75-37c24a3158dc6f1aab7f6398e8cf5f70-60358,56091,0
1768,80-d5ca322453f2986b752e58b11af83d96-71626,56091,0
1769,1-d5ca322453f2986b752e58b11af83d96-9585,56091,1
1770,3-d5ca322453f2986b752e58b11af83d96-12639,56091,1
1771,2-d5ca322453f2986b752e58b11af83d96-15877,56091,1
1772,74-d5ca322453f2986b752e58b11af83d96-59926,56091,1
1773,3-8b0a44048f58988b486bdd0d245b22a8-13227,56094,0
1774,10-39c63ddb96a31b9610cd976b896ad4f0-14929,56094,0
1775,11-39c63ddb96a31b9610cd976b896ad4f0-14990,56094,0
1776,12-39c63ddb96a31b9610cd976b896ad4f0-15050,56094,0
1777,4-8b0a44048f58988b486bdd0d245b22a8-16163,56094,0
1778,72-39c63ddb96a31b9610cd976b896ad4f0-59283,56094,0
1779,80-0aa7d1ae1f7427d1e19d27c5483c4eb1-71583,56094,0
1780,13-39c63ddb96a31b9610cd976b896ad4f0-15110,56094,1
1781,1-8b0a44048f58988b486bdd0d245b22a8-15211,56094,1
1782,79-0aa7d1ae1f7427d1e19d27c5483c4eb1-68155,56094,4
1783,1-bcd31c714bca2c41ffca31bd03003311-10102,56095,1
1784,4-bcd31c714bca2c41ffca31bd03003311-14157,56095,1
1785,10-bcd31c714bca2c41ffca31bd03003311-14926,56095,1
1786,11-bcd31c714bca2c41ffca31bd03003311-14987,56095,1
1787,13-bcd31c714bca2c41ffca31bd03003311-15107,56095,1
1788,72-bcd31c714bca2c41ffca31bd03003311-59275,56095,1
1789,74-bcd31c714bca2c41ffca31bd03003311-59859,56095,1
1790,80-bcd31c714bca2c41ffca31bd03003311-70904,56095,1
1791,12-c0af77cf8294ff93a5cdb2963ca9f038-15072,56098,1
1792,2-0166fa490fc828be3b431581e627965b-15866,56098,1
1793,4-c0af77cf8294ff93a5cdb2963ca9f038-18292,56098,1
1794,73-c0af77cf8294ff93a5cdb2963ca9f038-59827,56098,1
1795,75-c0af77cf8294ff93a5cdb2963ca9f038-60373,56098,1
1796,79-c21cd030901fcd09ef8d7a211dd7b496-69184,56098,1
1797,80-c21cd030901fcd09ef8d7a211dd7b496-73712,56098,1
1798,74-5d991220a07e65eb7ab854341691ca7d-59854,56098,3
1799,73-12de3a4dab98ef8a7d67aace8150b540-59758,56099,0
1800,2-12de3a4dab98ef8a7d67aace8150b540-12174,56099,1
1801,4-12de3a4dab98ef8a7d67aace8150b540-14303,56099,1
1802,75-12de3a4dab98ef8a7d67aace8150b540-60304,56099,1
1803,80-12de3a4dab98ef8a7d67aace8150b540-71050,56099,1
1804,2-78a0cc219a4cb3563ac5fed236ad00f9-12187,56101,1
1805,3-78a0cc219a4cb3563ac5fed236ad00f9-13766,56101,2
1806,4-78a0cc219a4cb3563ac5fed236ad00f9-14383,56101,2
1807,80-78a0cc219a4cb3563ac5fed236ad00f9-71130,56101,2
1808,3-8f1527121a21e4f8887e8624a613f96b-13790,56102,2
1809,4-2c0857ad0f07bbd9cff6d57ac2a7cb00-14271,56102,2
1810,80-2c0857ad0f07bbd9cff6d57ac2a7cb00-71018,56102,2
1811,2-0de8ffa1aa0e2b4993a464ae3784ba7b-12215,56103,1
1812,3-09a1943df92763ba93977044fb52862a-13798,56103,2
1813,4-1f1fe52d19e28bc7d897224839abc190-16379,56103,2
1814,80-1f1fe52d19e28bc7d897224839abc190-71799,56103,2
1815,3-37fd60c0373ccdbd8843401624b8c0e9-13801,56106,1
1816,4-3abf3fc2c74417325898901330b4ceb1-16811,56106,1
1817,79-b63534b6f2abcc0197593c809d89fff4-70667,56106,1
1818,80-b63534b6f2abcc0197593c809d89fff4-72231,56106,1
1819,2-cb017a2af4338ed37b33bba54163d0c3-12219,56107,0
1820,1-cb017a2af4338ed37b33bba54163d0c3-10694,56107,1
1821,4-4f2900f2fdfaf3f77bd599391218f49f-18306,56107,1
1822,80-4f2900f2fdfaf3f77bd599391218f49f-73726,56107,1
1823,72-7f6db491b043d17e56df89b5dd74441d-59419,56107,2
1824,1-9f783498ddd27a6b47dff39f76832c5d-10695,56108,2
1825,3-3172c5f1c60fa6375bdbee72b38b6a38-13804,56108,2
1826,3-d255ed7778d3f06201b91208af20fbdb-13818,56109,1
1827,4-7033d5c4d1ed8e1be4c2507c083cb846-17724,56109,1
1828,80-7033d5c4d1ed8e1be4c2507c083cb846-73144,56109,1
1829,74-6f6367d451aa380d8842523467d11a41-60189,56111,0
1830,3-b31fe7374d79d16b94fafd0563ff186c-13842,56111,1
1831,4-f9c05403344bba5b3993d54797b56820-17697,56111,1
1832,79-f0e56cbddb5f0d446b095f52d63c87af-69835,56111,1
1833,80-f0e56cbddb5f0d446b095f52d63c87af-73117,56111,1
1834,72-a2f26a443b13754ae4f7b62c60568a36-59595,56112,0
1835,2-a2f26a443b13754ae4f7b62c60568a36-12256,56112,1
1836,4-12de3a4dab98ef8a7d67aace8150b540-16228,56112,1
1837,72-8097fbb3e44bf98e2ed278a291ca256d-59623,56112,1
1838,2-15c74daa224f69d40cf879d573981d67-12262,56113,2
1839,4-fb190521938fea603e2fe80083c90383-14079,56113,2
1840,79-2c08ed80ae3ce419d3cb9142f76d1872-70603,56113,2
1841,80-2c08ed80ae3ce419d3cb9142f76d1872-70826,56113,2
1842,2-15c74daa224f69d40cf879d573981d67-15900,56114,2
1843,4-f1356feceb425d8e9a2e55d4d6b5f475-18143,56114,2
1844,79-e71bcf7f4cbfa714bff97c3d63742792-70318,56114,2
1845,80-e71bcf7f4cbfa714bff97c3d63742792-73563,56114,2
1846,2-a16c0a41b56415bc5354724d0d6e655d-12276,56115,2
1847,4-f2842c744272a19d3718c99a23375198-14259,56115,2
1848,80-f2842c744272a19d3718c99a23375198-71006,56115,2
1849,2-b6a5d96a4e99b63723ab54ddb471baad-12283,56116,1
1850,79-b6a5d96a4e99b63723ab54ddb471baad-69686,56116,2
1851,80-b6a5d96a4e99b63723ab54ddb471baad-73744,56116,2
1852,2-76ec60aad2226c5d664fd3c58d8bc394-12326,56118,1
1853,4-eb19396d6fe89831a30083cb6dece701-16532,56118,1
1854,79-cf12fdf7daf00a4c9397b9d1670e644c-69873,56118,1
1855,80-cf12fdf7daf00a4c9397b9d1670e644c-71952,56118,1
1856,2-f2c67381db28fa11c59fe7a6df0f2587-12338,56119,1
1857,3-f2c67381db28fa11c59fe7a6df0f2587-13936,56119,1
1858,2-32478ef751ab0a81974a3aa8569607b9-12343,56120,2
1859,3-32478ef751ab0a81974a3aa8569607b9-13942,56120,2
1860,4-32478ef751ab0a81974a3aa8569607b9-18296,56120,2
1861,79-590d4f0882eb54dcd1b1d801d83d63db-70336,56120,2
1862,80-590d4f0882eb54dcd1b1d801d83d63db-73716,56120,2
1863,2-e834955cdb1984d34b24c53ebe5bf211-12349,56121,1
1864,4-0f009327081b80cb7515b56d0538c800-17029,56121,1
1865,79-e834955cdb1984d34b24c53ebe5bf211-69771,56121,1
1866,80-e834955cdb1984d34b24c53ebe5bf211-72449,56121,1
1867,3-1c9a44eb2e8eaf3da1eb551da310cce7-13970,56123,1
1868,4-8a9be34127c76a1322e40f54eace3f90-17711,56123,1
1869,80-8a9be34127c76a1322e40f54eace3f90-73131,56123,1
1870,3-0e4f006ac453f392432505cedc762b19-13973,56124,2
1871,4-cc18600cba2cc084a11d5f9382c508f5-17426,56124,2
1872,80-cc18600cba2cc084a11d5f9382c508f5-72846,56124,2
1873,1-86c1ac58f0f7fac9c8656f5dd34cce0b-15549,56126,1
1874,4-8c4291f6956da81515a5c0caec2976d0-17752,56126,1
1875,80-8c4291f6956da81515a5c0caec2976d0-73172,56126,1
1876,79-a552c74784b3a82177bca6c8adde0efb-70076,56127,1
1877,80-a552c74784b3a82177bca6c8adde0efb-73750,56127,1
1878,2-b80a130e5763db944c77842988d8c1dd-15711,56127,3
1879,2-43b056b2285ed4a27ee0cb9fd5e136a2-11396,56130,1
1880,3-97791d6cfeb95c86167fe25fba56eeb3-12955,56130,1
1881,10-abaecf8ca3f98dc13eeecbac263cd3ed-14898,56132,1
1882,11-abaecf8ca3f98dc13eeecbac263cd3ed-14959,56132,1
1883,13-abaecf8ca3f98dc13eeecbac263cd3ed-15079,56132,1
1884,74-abaecf8ca3f98dc13eeecbac263cd3ed-59875,56132,1
1885,75-abaecf8ca3f98dc13eeecbac263cd3ed-60295,56132,1
1886,3-abaecf8ca3f98dc13eeecbac263cd3ed-12506,56132,2
1887,10-43b90920409618f188bfc6923f16b9fa-14949,56133,1
1888,11-43b90920409618f188bfc6923f16b9fa-15010,56133,1
1889,12-43b90920409618f188bfc6923f16b9fa-15070,56133,1
1890,13-43b90920409618f188bfc6923f16b9fa-15129,56133,1
1891,4-43b90920409618f188bfc6923f16b9fa-18304,56133,1
1892,72-43b90920409618f188bfc6923f16b9fa-59307,56133,1
1893,74-43b90920409618f188bfc6923f16b9fa-59894,56133,1
1894,79-43b90920409618f188bfc6923f16b9fa-69838,56133,2
1895,80-43b90920409618f188bfc6923f16b9fa-73724,56133,2
1896,74-a2f26a443b13754ae4f7b62c60568a36-60212,56134,0
1897,1-a2f26a443b13754ae4f7b62c60568a36-10731,56134,2
1898,4-a2f26a443b13754ae4f7b62c60568a36-16301,56134,2
1899,80-a2f26a443b13754ae4f7b62c60568a36-71721,56134,2
1900,3-3328e4f7fbcce95180abf8bc6075e78b-12781,56135,1
1901,72-3328e4f7fbcce95180abf8bc6075e78b-59371,56135,1
1902,1-f24788eb4397a8df8712e3944864d6ae-9719,56135,2
1903,4-3328e4f7fbcce95180abf8bc6075e78b-16307,56135,2
1904,79-3328e4f7fbcce95180abf8bc6075e78b-68419,56135,2
1905,80-3328e4f7fbcce95180abf8bc6075e78b-71727,56135,2
1906,4-03724badcdcfeff39f2eef6b93a63a87-16029,56136,1
1907,80-03724badcdcfeff39f2eef6b93a63a87-71449,56136,1
1908,3-06afb295d7cd0344fe5cd55f43831952-12778,56136,2
1909,1-03724badcdcfeff39f2eef6b93a63a87-15183,56136,2
1910,72-27369b3bf4483e8dcfd85ba9a39a947f-59507,56143,0
1911,74-27369b3bf4483e8dcfd85ba9a39a947f-60124,56143,0
1912,4-1d0c0e847b903986d27c501079f62127-18261,56143,1
1913,79-8ade16302310abce011e9f68d7481a04-69879,56143,1
1914,80-8ade16302310abce011e9f68d7481a04-73681,56143,1
1915,4-01a71ccd004cf6c64a41907f24cdce6d-14081,56144,2
1916,80-01a71ccd004cf6c64a41907f24cdce6d-70828,56144,2
1917,3-ca5b6de33688dc274ae4d261323a4cb9-13966,56145,1
1918,4-75e52a0ecfafeda17a34fc60111c1f0b-14035,56145,1
1919,73-75e52a0ecfafeda17a34fc60111c1f0b-59757,56145,1
1920,74-75e52a0ecfafeda17a34fc60111c1f0b-60125,56145,1
1921,79-29e62e65f8bbc70ec5525c49fd9edee8-69976,56145,1
1922,80-29e62e65f8bbc70ec5525c49fd9edee8-70782,56145,1
1923,3-3bf1114a986ba87ed28fc1b5884fc2f8-13050,56146,1
1924,4-3bf1114a986ba87ed28fc1b5884fc2f8-18280,56146,1
1925,80-3bf1114a986ba87ed28fc1b5884fc2f8-73700,56146,1
1926,2-b96ba508e3690f5168e4b0e68b15b178-12258,56147,1
1927,80-b96ba508e3690f5168e4b0e68b15b178-71015,56147,2
1928,4-8ca8c6799c5d09ce4adc6c48923a0721-14385,56149,1
1929,80-8ca8c6799c5d09ce4adc6c48923a0721-71132,56149,1
1930,2-8ca8c6799c5d09ce4adc6c48923a0721-12244,56149,4
1931,1-75e52a0ecfafeda17a34fc60111c1f0b-15386,56151,2
1932,4-75e52a0ecfafeda17a34fc60111c1f0b-18272,56151,2
1933,75-75e52a0ecfafeda17a34fc60111c1f0b-60303,56151,2
1934,79-0296c9e16a1f48659b694eb02d5b4206-70341,56151,2
1935,80-0296c9e16a1f48659b694eb02d5b4206-73692,56151,2
1936,4-6f4ec514eee84cc58c8e610a0c87d7a2-18262,56152,0
1937,3-6f4ec514eee84cc58c8e610a0c87d7a2-58167,56152,0
1938,79-6f4ec514eee84cc58c8e610a0c87d7a2-69298,56152,0
1939,80-6f4ec514eee84cc58c8e610a0c87d7a2-73682,56152,0
1940,4-732dc4b509e0baf7668318e75a81cba6-16774,56153,1
1941,80-956b0df6df12abf873cc8f1cce670812-72194,56153,1
1942,79-956b0df6df12abf873cc8f1cce670812-68312,56153,3
1943,72-b6015aee178749457a14c559e4924fc3-59513,56154,0
1944,1-b6015aee178749457a14c559e4924fc3-10784,56154,1
1945,2-b6015aee178749457a14c559e4924fc3-12319,56154,1
1946,3-b6015aee178749457a14c559e4924fc3-13919,56154,1
1947,4-b6015aee178749457a14c559e4924fc3-14022,56154,1
1948,79-62b30a03af949d73bd81eab00adf2119-69919,56154,1
1949,80-62b30a03af949d73bd81eab00adf2119-70769,56154,1
1950,2-27666d0c4a5adb11f18303ea8fb658c0-12243,56155,0
1951,4-615393e1e0a95c3e3be4b2b23a65c533-18273,56155,0
1952,80-615393e1e0a95c3e3be4b2b23a65c533-73693,56155,0
1953,1-7a0fdcbc4430c9db3766d51237829beb-9692,56157,1
1954,4-fa83f40479a04df219641b58c911b417-18284,56157,1
1955,80-dfc466c4d2131bb6f68b0f0418797ea3-73704,56157,1
1956,79-dfc466c4d2131bb6f68b0f0418797ea3-68474,56157,2
1957,12-2ac43aa43bf473f9a9c09b4b608619d3-15049,56158,0
1958,13-2ac43aa43bf473f9a9c09b4b608619d3-15109,56158,0
1959,72-2ac43aa43bf473f9a9c09b4b608619d3-59280,56158,0
1960,4-4fdecfed69d81146dc85d7f33982f131-18286,56158,1
1961,79-03d5cfc23f7f3c8372392e702c3f465c-69584,56158,1
1962,80-03d5cfc23f7f3c8372392e702c3f465c-73706,56158,1
1963,3-faec47e96bfb066b7c4b8c502dc3f649-12681,56159,1
1964,4-faec47e96bfb066b7c4b8c502dc3f649-18287,56159,1
1965,79-e3be64dcb2ef095e707b7347f3c770e3-70426,56159,1
1966,80-e3be64dcb2ef095e707b7347f3c770e3-73707,56159,1
1967,2-828de69a2994bdb482cecf9d10c7f5f2-11303,56159,2
1968,79-475e5c3c23afe24bd229f82dfe744e73-68262,56159,2
1969,2-72d59625138d20bcddb9df4f4dfd152d-11154,56160,2
1970,3-72d59625138d20bcddb9df4f4dfd152d-12730,56160,2
1971,4-686143cc36b151af78717591c7437c46-15940,56161,0
1972,80-686143cc36b151af78717591c7437c46-71360,56161,0
1973,2-5dc98547cb1b5259f93706c25e3794e1-11901,56161,1
1974,1-c61262691a527e5235ecad69163d03ec-9342,56162,1
1975,79-21e2336b6aa76e7929b4b78bbe9c98bf-68414,56162,3
1976,80-21e2336b6aa76e7929b4b78bbe9c98bf-73734,56162,3
1977,1-57adbb92cc85d2836274b7b40c33deb3-9923,56163,0
1978,3-57adbb92cc85d2836274b7b40c33deb3-13005,56163,0
1979,4-57adbb92cc85d2836274b7b40c33deb3-16312,56163,0
1980,80-57adbb92cc85d2836274b7b40c33deb3-71732,56163,0
1981,72-613d5e4f4cd6c68618ac86bd244c7153-59558,56166,0
1982,4-613d5e4f4cd6c68618ac86bd244c7153-14432,56166,1
1983,73-613d5e4f4cd6c68618ac86bd244c7153-59780,56166,1
1984,79-90a3a4306600eb4a2fea51ec3f265e93-69918,56166,1
1985,80-90a3a4306600eb4a2fea51ec3f265e93-71179,56166,1
1986,79-de4aae7efd90209d84e690ae679d7dd3-68784,56168,0
1987,4-68238cd792d215bdfdddc7bbb6d10db4-18288,56168,1
1988,79-1439dc7b2b06b6a0a55673a0d1e8d901-69337,56168,1
1989,80-1439dc7b2b06b6a0a55673a0d1e8d901-73708,56168,1
1990,2-03724badcdcfeff39f2eef6b93a63a87-15694,56169,1
1991,72-7c4f29407893c334a6cb7a87bf045c0d-59479,56169,1
1992,4-683eb609607a439b0561dcbb4c8329e8-14120,56170,0
1993,80-dc7a3fb7c064dbd05955c2a6c2cfc559-70867,56170,0
1994,2-db853ec3ecf7fe4adc358085ba37c278-12257,56170,1
1995,79-dc7a3fb7c064dbd05955c2a6c2cfc559-70695,56170,2
1996,3-628b7db04235f228d40adc671413a8c8-13057,56172,1
1997,10-628b7db04235f228d40adc671413a8c8-14906,56172,1
1998,12-628b7db04235f228d40adc671413a8c8-15027,56172,1
1999,13-628b7db04235f228d40adc671413a8c8-15087,56172,1
2000,72-628b7db04235f228d40adc671413a8c8-59276,56172,1
2001,4-c31f784e400ec049a2edc9c915656f6e-16476,56172,2
2002,80-c31f784e400ec049a2edc9c915656f6e-71896,56172,2
2003,2-c5c2df792f008f6fa3fa335c921ba65e-12213,56173,1
2004,4-a81a8ecdfc047c2581b5f68873d7f26e-17308,56173,1
2005,80-a81a8ecdfc047c2581b5f68873d7f26e-72728,56173,1
2006,10-81566e986cf8cc685a05ac5b634af7f8-14904,56174,1
2007,11-81566e986cf8cc685a05ac5b634af7f8-14965,56174,1
2008,12-81566e986cf8cc685a05ac5b634af7f8-15025,56174,1
2009,13-81566e986cf8cc685a05ac5b634af7f8-15085,56174,1
2010,1-bd5f4b0419caa97dd2f9b4d3238ff92f-15182,56174,1
2011,2-dfbcc82f495d6d8762019ac50f697cef-15837,56174,1
2012,4-bd5f4b0419caa97dd2f9b4d3238ff92f-16303,56174,1
2013,80-bd5f4b0419caa97dd2f9b4d3238ff92f-71723,56174,1
2014,3-8cd283d8b7bacc277f2bae5e26ce6d1e-13984,56178,0
2015,1-012b1a2525a4ba63b0fa599e8931c261-15491,56178,0
2016,4-8fff9eabc75f3eaea454596f513bc40d-14029,56178,1
2017,75-8cd283d8b7bacc277f2bae5e26ce6d1e-60340,56178,1
2018,79-1fc2245403c68adce7aace2092ea1279-69532,56178,1
2019,80-1fc2245403c68adce7aace2092ea1279-70776,56178,1
2020,1-006fdbf837d2ec42a0e3ba383a1897c0-9624,56180,2
2021,2-52def7c94d005c020297bef28628392a-11121,56180,2
2022,2-b7e17fbdb536ea4df400b11ced6ee564-11406,56182,1
2023,3-ca4152fe6cdd26b77be8fde30204524d-12965,56182,1
2024,79-12aaccfb93095ed192e46dc9537320e7-69801,56182,2
2025,80-12aaccfb93095ed192e46dc9537320e7-73748,56182,2
2026,72-6013221752df892237d0fc99fd8a328f-59537,56183,1
2027,4-06764168267c14d2d4a84475783c60eb-17074,56183,2
2028,80-06764168267c14d2d4a84475783c60eb-72494,56183,2
2029,1-6013221752df892237d0fc99fd8a328f-9599,56183,4
2030,3-19ffc3d99f4a554333f5d0f24e6f1d11-12671,56184,2
2031,4-047b96c48d528b28dc39457ec26e918b-16775,56184,2
2032,72-19ffc3d99f4a554333f5d0f24e6f1d11-59539,56184,3
2033,74-19ffc3d99f4a554333f5d0f24e6f1d11-60155,56184,3
2034,79-601d594cc502f0c9ab0f150ab95d1570-70463,56184,4
2035,80-601d594cc502f0c9ab0f150ab95d1570-72195,56184,4
2036,3-b6205ddbb7b42544186a49f155967b87-12931,56185,1
2037,2-b6205ddbb7b42544186a49f155967b87-11379,56185,2
2038,3-78a5eb43deef9a7b5b9ce157b9d52ac4-13044,56186,1
2039,79-39953904159cc5e00b3105f0247429b6-68353,56186,1
2040,79-6fe7c7e37779c587cfce190e5123f348-70124,56186,2
2041,80-6fe7c7e37779c587cfce190e5123f348-73733,56186,2
2042,2-adb00236071c05878eaeec5b3b96103d-12277,56187,1
2043,4-25e3705f0822acb9c5cd5557f4ba47f2-17744,56187,1
2044,80-b588cf6d08857ebca43e8d05e693e73b-73164,56187,1
2045,79-b588cf6d08857ebca43e8d05e693e73b-69721,56187,5
2046,2-2f70f1f285b69d4b5f27f85067ffbc77-11128,56192,2
2047,3-2c954f62d5a748724dfc1f81a554535a-12687,56192,2
2048,4-e5f18c6746faca00f7d36f1955baa798-17363,56192,2
2049,79-1e45ed133d0a6db94baf2b44736f8f21-70346,56192,2
2050,80-1e45ed133d0a6db94baf2b44736f8f21-72783,56192,2
2051,1-bcb2750ff6f20411b7e305760985726d-9352,58161,0
2052,3-bd5f4b0419caa97dd2f9b4d3238ff92f-12395,58161,0
2053,4-105832f82cf073f4b2e8823ddedd4274-14424,58161,0
2054,10-bcb2750ff6f20411b7e305760985726d-14902,58161,0
2055,11-bcb2750ff6f20411b7e305760985726d-14963,58161,0
2056,80-105832f82cf073f4b2e8823ddedd4274-71171,58161,0
2057,3-d8735f7489c94f42f508d7eb1c249584-12796,58162,1
2058,10-d8735f7489c94f42f508d7eb1c249584-14917,58162,1
2059,11-d8735f7489c94f42f508d7eb1c249584-14978,58162,1
2060,10-573ce5969e9884d49d4fab77b09a306a-14920,58163,0
2061,3-573ce5969e9884d49d4fab77b09a306a-12774,58163,1
2062,11-573ce5969e9884d49d4fab77b09a306a-14981,58163,1
2063,74-573ce5969e9884d49d4fab77b09a306a-59948,58163,1
2064,11-ebd556e6dfc99dbed29675ce1c6c68e5-15009,58164,0
2065,10-f19bd0844e53369373385609e28dbf84-14912,58164,1
2066,74-f19bd0844e53369373385609e28dbf84-59934,58164,1
2067,74-c9fab33e9458412c527c3fe8a13ee37d-60169,58165,0
2068,3-59faa79acc0c2a459c6643ca8ef8e73d-12625,58165,1
2069,4-868ceb8990066156f57b2b2cabaee3b2-16158,58165,1
2070,73-c9fab33e9458412c527c3fe8a13ee37d-59813,58165,1
2071,79-1d4d137e055a72b20f558fa74a37cbc7-69841,58165,1
2072,80-1d4d137e055a72b20f558fa74a37cbc7-71578,58165,1
2073,1-f7a657c78a15abb5302fcf8acfcfe148-10678,58341,1
2074,3-7165e8dc4c24ff63e12d37dcdd451931-13780,58341,1
2075,4-7fafb7bbdd2d0fee1ee3d0d42ce75d23-14356,58341,1
2076,80-7fafb7bbdd2d0fee1ee3d0d42ce75d23-71103,58341,1
2077,1-26e644348659ca9aeebc6f56412480dc-9837,58370,1
2078,3-26e644348659ca9aeebc6f56412480dc-12908,58370,1
2079,4-aaec96e907231cf5419699f0af7936ec-14319,58370,1
2080,79-4d26c7ba38cfdd0546a52e121ee3fa72-68834,58370,1
2081,80-4d26c7ba38cfdd0546a52e121ee3fa72-71066,58370,1
2082,4-cd6c416546d256996e4941fe1170458e-14255,58390,0
2083,79-817b9097ed045ae736a92a133a9a3942-68633,58390,0
2084,80-817b9097ed045ae736a92a133a9a3942-71002,58390,0
2085,1-cd6c416546d256996e4941fe1170458e-9394,58390,1
2086,2-559e604696a7ab4bde4dc1cc85927783-10902,58390,1
2087,3-559e604696a7ab4bde4dc1cc85927783-58388,58390,1
2088,72-9b7d722b58370498cd39104b2d971978-59281,59651,0
2089,79-277e8e93c16089f494696afc04197a98-70544,59651,2
2090,80-277e8e93c16089f494696afc04197a98-73306,59651,2
2091,72-e4c5be348abc4b35771019e2bffbccbc-59575,59654,0
2092,1-e86117e4f380873438880d09d3e2238f-10847,59654,1
2093,2-6d4db5ff0c117864a02827bad3c361b9-11504,59835,1
2094,73-6d4db5ff0c117864a02827bad3c361b9-59796,59835,1
2095,74-5ed33f7008771c9d49e3716aeaeca581-60222,60267,0
2096,4-5ed33f7008771c9d49e3716aeaeca581-17411,60267,2
2097,80-5ed33f7008771c9d49e3716aeaeca581-72831,60267,2
2098,3-dbd2d321d7f446f1589a2575b7df3aaf-13010,60268,0
2099,1-d5833ce2eb295903c4967a67528c5e7e-15284,60268,0
2100,74-0f6cdb621b452ac6fb994d88e674e49f-60027,60268,0
2101,13-bbbd53e913a404b04abf373dc1dac49b-15086,60269,0
2102,10-bbbd53e913a404b04abf373dc1dac49b-14905,60269,1
2103,11-bbbd53e913a404b04abf373dc1dac49b-14966,60269,1
2104,12-bbbd53e913a404b04abf373dc1dac49b-15026,60269,1
2105,74-bbbd53e913a404b04abf373dc1dac49b-59906,60269,1
2106,79-bbbd53e913a404b04abf373dc1dac49b-69018,60269,1
2107,80-bbbd53e913a404b04abf373dc1dac49b-73737,60269,1
2108,10-e4b48fd541b3dcb99cababc87c2ee88f-14911,60276,2
2109,74-e4b48fd541b3dcb99cababc87c2ee88f-59887,60276,2
2110,10-5dd80efb8e54f276065fa70926ec949f-14939,60279,0
2111,11-5dd80efb8e54f276065fa70926ec949f-15000,60279,0
2112,74-5dd80efb8e54f276065fa70926ec949f-59977,60279,0
2113,4-bda9643ac6601722a28f238714274da4-14014,60381,1
2114,79-bda9643ac6601722a28f238714274da4-69594,60381,1
2115,80-bda9643ac6601722a28f238714274da4-70761,60381,1
2116,72-bda9643ac6601722a28f238714274da4-59543,60381,2
2117,75-bda9643ac6601722a28f238714274da4-60351,60381,2
2118,1-b95677216e439d96ec4fba1240a3c1f8-9635,70741,1
2119,2-b95677216e439d96ec4fba1240a3c1f8-11133,70741,1
2120,3-b95677216e439d96ec4fba1240a3c1f8-12694,70741,1
2121,79-1982665a24b130f4236f2d80b04c9cf3-68290,70741,1
2122,80-1982665a24b130f4236f2d80b04c9cf3-73731,70741,1
2123,1-e903d4d92fb20751a15a02e1558cb116-15227,70742,1
2124,79-3e88197d1da226ad4422c00b4e9fa3fd-68424,70742,2
2125,80-3e88197d1da226ad4422c00b4e9fa3fd-73735,70742,2
2126,74-af17bc3b4a86a96a0f053a7e5f7c18ba-59917,70744,1
2127,79-af17bc3b4a86a96a0f053a7e5f7c18ba-69076,70744,1
2128,80-af17bc3b4a86a96a0f053a7e5f7c18ba-73738,70744,1
2129,2-7284b39cc1c84f3e07030ec230d8efde-12315,70745,1
2130,79-00df53ca2ddc4b5a1cc9bceeb339c3eb-69735,70745,1
2131,80-00df53ca2ddc4b5a1cc9bceeb339c3eb-73745,70745,1
2132,1-992df610cee4510846565426fcde40a8-15375,70746,1
2133,79-992df610cee4510846565426fcde40a8-70125,70746,1
2134,80-992df610cee4510846565426fcde40a8-73751,70746,1
2135,79-45287b9a6f16121a9168059ee383ff97-70302,70747,1
2136,80-45287b9a6f16121a9168059ee383ff97-73755,70747,1
2137,2-8ab0d6b13edc5ad730517cb1a701868b-15748,70747,2
2138,72-f155e2b0674e3aea187c9df55ce6d239-59361,70749,1
2139,79-8150531e26b8d627bacfd4e398ef5d81-70256,70749,1
2140,80-8150531e26b8d627bacfd4e398ef5d81-73754,70749,1
2141,2-f155e2b0674e3aea187c9df55ce6d239-11251,70749,2
2142,3-33c6c2397a1b079e903c474df792d0e2-13348,70751,1
2143,4-33c6c2397a1b079e903c474df792d0e2-14257,70751,1
2144,74-33c6c2397a1b079e903c474df792d0e2-60000,70751,1
2145,79-33c6c2397a1b079e903c474df792d0e2-68953,70751,3
2146,80-33c6c2397a1b079e903c474df792d0e2-71004,70751,3
2147,72-f4456054438a797636240592eae23b54-59599,70752,1
2148,3-f4456054438a797636240592eae23b54-12940,70752,2
2149,79-f4456054438a797636240592eae23b54-69084,70752,2
2150,80-f4456054438a797636240592eae23b54-73740,70752,2
2151,3-363f41b7e25674d0eb487153f2c04468-12766,70753,2
2152,79-363f41b7e25674d0eb487153f2c04468-70071,70753,2
2153,80-363f41b7e25674d0eb487153f2c04468-73749,70753,2
2154,3-2c5ca38849d1b0b961844c065214ff1a-13735,73760,1
2155,2-0c46f012c78502f33cd3c42b0a3e6ca2-15911,73760,3
2156,73-2c5ca38849d1b0b961844c065214ff1a-59777,73760,3
