ID,Name
c61262691a527e5235ecad69163d03ec,young (of animal)/calf/foal
bcb2750ff6f20411b7e305760985726d,buffalo
f1bdf5ed1d7ad7ede4e3809bd35644b0,horse
f74c6af46a78becb2f1bd3f95bbd5858,pig
23ec24c5ca59000543cee1dfded0cbea,sheep
b9edbf3b72425b95c955cbb5878766fe,chicken/fowl (general term)
8d183216199588c13a04fc83e1afc87f,dog (Canis familiaris)
6c300237d41be68d7d2adffc0f8668fa,cat (Felis domesticus)
cd6c416546d256996e4941fe1170458e,deer
0514cd34fe3f18686af953d9f479f995,Tibetan/Himalayan bear (Selenarctos thibetanus)
d0763edaa9d9bd2a9516280e9044d885,monkey
e756f6aafafdef4debdb5e49bcbd3f11,rat
eac074b0503b45740d49b18eb659bcfc,squirrel
e4b48fd541b3dcb99cababc87c2ee88f,elephant
938c2cc0dcc05f2b68c4287040cfcf71,frog
de1b2a7baf7850243db71c4abd4e5a39,snake
0ce031b7550b0eac48ef984c9adc8f0d,bird (general)
daff0cb63e637cc6545b3f42180e6655,dove/pigeon (general term)
2987b46d0cce82f1ce38e08c23f39cc1,fish (general)
bd589331b99367c8db92ab7ffaecc30b,crab
de2cb4e86f7f554105e276fc2492d7b6,clam/mussel/oyster
dce41a93f7edb175dfc59a4d52105847,insect
63b07e828bf016e976ff95d6ee07a105,ant
9dfd70fdf15a3cb1ea00d7799ac6651b,bee
61aa9eafc7982cee3eff4e494f174da2,louse
f1a81d782dea6a19bdca383bffe68452,spider
96cc031af2cdfbd22fdf881180842282,leech (land)
772b2335c8b6413f82db0106672511a3,leech (water)
54b9ba3422a66bc688ebad7271e8affb,side (right)
a4a1b534c47ba8a6cccc0d3fc48095fb,side (left)
d2a1af14dfe703680d072eeb66402271,back (of something)
12e11cc72f8d0d7e1563b19c13a3bdad,front (of something)
9da3be8f92c0bbfd7a7d6d6ec0b3fad3,behind
2917f8743e8dd4d36ae50a74526d28de,in front of
76bb99ab665c03e9f28ad29fc6440a3d,torso/trunk
6a856270a4f1d22cc89c2ea8a6d6a9ca,bosom
9236aeee919c99af263dfc4284e4b597,flesh (between skin and fat)
08dcb91e985ab1cdad6a3ec72bcea8ce,flesh/meat
f7ce2cee5e399be357443ff5b94fd40a,alive/be living
e155e1bb4a9c38e3baf90637ab7865df,life
fe7388b04fdbb16a08a92709d8d7049a,die/be dead
5edfeb1b4cf199674e825e8a1f521080,corpse/dead body
c529a74fa1f671f42e1ff2d9f5fe6f0c,carcass/dead animal
521fc31c178060e9acea39818af08893,sleep/ be asleep
36388a74b9d4c0f7fa3e4bc874e12ce4,awaken
96e89a298e0a9f469b9ae458d6afae9f,head
f1d56a905eae9675f8a4a49571d66e0e,fontanel (soft spots in baby skull)
f13460bd46c28e73e8d2b6122bea2241,skull
8b373710bcf876edd91f281e50ed58ab,brain
7fc0fdba5dddca15964990f7f5b98fe9,sinus
78786591a300a5e82fa4b0ac6ae44eb5,scalp
d5997b8a54b713514ef924b163756fce,comb (of rooster)
b576e248c2353138fbd9dc63952ba873,horn (of animal)
e25097b82b10c6bec09829bd827f7a5f,antler (of deer)
d5ca322453f2986b752e58b11af83d96,face
313bd1ddd22ab740017cc5377d96ca91,forehead/brow
f19bd0844e53369373385609e28dbf84,eye
88a9ff099fccc16b78b0207598096861,iris/pupil
9698358af487acc3072443606de024fd,white of eye
72e04b9ab3e41ff6e3e17ee0700f23b0,eyebrow
29d43f4c4cfe574127f36d99de76af81,eyelash
17dbd2ca952b5cdd19995aa2c64d2eb3,blink (v.)
aaf6bed626d4c51eedfd0bdc19d4555b,tear (n.)
d128b18a38a028dba7036184555068c5,eye sand
6bb9b0ae3bd5f416219b4fc514e01f7b,cry/weep (v.)
66cb03d30bad7305725f85785cb32b9d,look at (v.)
6013221752df892237d0fc99fd8a328f,blind
41d1de28e96dc1cde568d3b068fa17bb,nose
3445d506d267e4e83efca15a8eadf166,nose bridge
5844661a1cc9ca67a026516db45fd2ce,nostril
af24aeef78033c847d5dd7f2a5af340b,nose hair
084e2002a99bf62c5677e80509c01cfd,mucus
7de39a4e4d3fba2d5845ecccb2efe8b9,Flick the snot (from your nose)ǃ
f414fce6ba1839ed2f29b5061166fbd8,Clean your noseǃ
90f0c60c3eafe7146a4468bdf3b82c82,smell/sniff (v.)
d8ff99616fc9df8a54a32eec86ba8109,ear
9f5ed7fd7f4976648f70632063dbf560,ear canal
97f1b190001e865c7198a259a946a75a,eardrum
368a3f662e1a8549c1adb77b10c365d6,earwax
dcb1a632ff1b1ef686228460be95d73f,hear (v.)
19ffc3d99f4a554333f5d0f24e6f1d11,deaf
cb5786412becb979c90f606f25ad4b4f,mouth
72f77a03b04a173b1a40e1e36143d9c8,gums
1e893922a5ddc59deda87b8f38f360cb,saliva
123dbde6f43c6f1e39d72ec3518eae86,eat (general; v.)
c9e6cb9d0a8159d85f5044f794dda070,eat (rice; v.)
dc0590b39b0b51117935b6a527e04951,drink (v.)
006fdbf837d2ec42a0e3ba383a1897c0,be thirsty
1f9e85de4932a363140b3f3737ce0f81,be hungry
ad3c46cfd028f0c43ef34a236dfd1929,full/be satiated
c648da59a22f4c9d122a78e786271efd,spit (v.)
0bbed4426d7ac5a980d6e049123126cb,vomit (n.) (vomitted rice)
2c954f62d5a748724dfc1f81a554535a,vomit (v.)
3bb0a5fccc52187e713a3fd90fddbcc3,hold in mouth (v.)
ca7d51a9aace061c1ea49bb8086b1c71,gape/open mouth (v.)
0b43bbb15ffbf52ef97f021171377b48,yawn (v.)
cc99541ff10660a5542cc6eec7b81ac4,tongue
b95677216e439d96ec4fba1240a3c1f8,voice
febcfc97ba0ac72f29ba46fb1c2c41e0,words/speech
2f928ea1ab21cc82cb86ad6b4c03cdff,mute/dumb
a548bc6bfd6cadfe6d205eafe80b50de,lick (v.)
fd2cfade93518ddd6cff5cb8c6906b17,lip
5fb7e5a4af39ece7b1c20b4a88060928,beak/bill (of bird)
f8131add623fb19478aa58e7071474e8,smile (v.)
28b26be59c986170c572133aaace31c2,tooth
1c951ed7a810816ad93c1113fd0d4b17,"incisor (lit. ""front teeth"")"
a4c309ae617c8aea51bfacf7d0650906,molar
dd637460e06bda48c62b20a92e39f60c,bite (v.)
ecc8acfcba41971d5d1caf0b204274f0,chew (v.)
af238f7fa55be68cec87e800e3606c04,cheek
cf5959abc694585c8bd76a7b29de7197,cheekbone/malar bone
87fa4eaaf3698e1b1e2caadabbc8ca60,chin
f6f887b6f5f2239cd0a22eef33f215b8,jaw (general)
509763661569eeb75e957c9a276a5dd7,throat
45fe7e5529d283851d93b74536e095a0,neck
db48b1e6d4c4decb715806e48db4cae8,adam's apple/larynx
e419c1e86a7aa03a097fc0828417d173,swallow (v.)
ea034b3dfebe98c0fa0a128a0b426f67,gizzard/crop of bird
14952ea782ad87d7e30059fa3cc516f1,chest
1d123ce2a883b87333e2629cdcec9c59,rib cage
5de560dfbd3111197969fd3b0e9f0d73,rib
f4ee012eae0dc769e05ebfb2640ac5db,breastbone/sternum
7f2a1fa921e5b3a5789105657bb94a3a,collar bone/clavicle
5d7d36319ea48472c1a963b9c6c2b252,breast
5f44c2d9636efa05ae57b63786a2fb97,nipple
f593781ced28d67b951fb61f545652e6,udder (of co
ecbdb882ae865a07d87611437fda0772,milk
38325f5b5b9fc74854a0164fd8dad85e,milk of animal
469bba0a564235dfceede42db14f17b0,back
84cf7d17a34153cee44d9502353c4211,lower back
d3f420ab4855152f387180b4cd49300d,spine/backbone
9fe0f5fcc3fff1c5faf62b5af7785980,hunchback
7a0fdcbc4430c9db3766d51237829beb,belly/abdomen (external bulge)
bc89f1a57c73fc603cc949b5e9d7c026,navel
e8397b9a3ef8242324c631aab10f32cc,pelvis/pelvic girdle
f8c80f9a170ee6ab52ed1e87054f32d4,hips
aad1eb90f1c6046117a5d4d7141e2719,hipbone
04b5ca14dfe2f8374cd650d36ed353cf,buttocks
687879f360a9248faa050a5aed0c8f74,tailbone/coccyx
65c6ff9204ab076df54d2cf09cc54849,tail (of animal)
f926b3e222d7afee57071b2256839701,arm
c8f40cfaa8699c4713b7b062d1222eb0,underarm/armpit
49bc38ac1c15b39c0400baf93d72ef8c,tickle (v.)
c9095dfe6ef4c26d7d1ed21ebb63e86e,upperarm
ac2b72088d4f7523be683cc5c5266213,elbow
171bb326181f816affee9a1d86e4cfc2,elbow bone
6bb8b4e54252a57a4f1b931617438b67,forearm/lower arm
573ce5969e9884d49d4fab77b09a306a,hand
4ab4aca1c61c78b89338c3e3804e0e9d,palm
06afb295d7cd0344fe5cd55f43831952,right hand
1e11d4610cc2e4985dcbf2d69e1bd8a2,left hand
f24788eb4397a8df8712e3944864d6ae,wing (of bird)
4e1df3d256693afb3630685668820df4,leg
22b84b6e35ace0cd87f805ecf020ff36,knee
7c9d7b41d406aebd5736927d17168de9,knee cap/patella
7b8dfd8a6526b3cedeeed841bb78b3ee,knee hollow/popliteal region
6ece4fa02d083a4412dd94a236fa2a93,calf
12a0852b1a5f77f797900387fca77bf4,ankle
29d27620bbd281ce336b18f9dae781dc,ankle bone
d8735f7489c94f42f508d7eb1c249584,foot
beb7f7a395dc21ad97425bbc061afbaf,sole
869d06a727133f76b36ee65ed260204e,footprint
3d626430fe419adb63173dbbd8d158fa,hoof (of animal)
6293bb820f7446a2d1b5b3ac88b80181,"crippled/lame (lit. ""handicapped-footed"")"
e7efda40b1c94805070cd9bf9638ae27,finger
f12105146129696d6a7e0ed521db2e48,thumb
38e60015f4763be153e95413261d7c14,toe
d2bfb839fff2e432d64b18e920c3c57c,big toe
fdb0a58c0a751447290029e8406a6bdd,knuckle (joint of digit)
8ab8a4dfab57b4618331ffc958ebb4ec,nail
88d7ca3a8d9b90dac45256648f2e5e13,fingernail
5ef1158c168b9b0d6718ef86b9afb68a,toenail
31637e9569d49f97dd80c6b4ede6f760,claw (of animal)
7558a02773ac8842004ed3dbcbba1ff7,talon (of bird)
e27081a9bd5a2572c28c996501c45c50,hair (general)
a20a42de6a1a71f0ea6277b6c507f4a8,hair of head
d8355948568f2e85b8f084c97ee19c9b,beard
37f15e1d224559baf2ffccf4fa955486,goatee
5e1aecf150c31ae292b4b324ad2654ba,moustache
de1a950da85f5e3d18138d6710a83331,body hair
aad6ccc9827f47ad0f8fd614e9f9ca50,underarm hair
fe5f7a0a48a81695d07fef568d03d4ce,chest hair
aa70df266f226171eb33e858de425553,leg hair
e1917e513fbd664d5a7f6f2e868968f4,fur (of animal)
cd6844740cd57d37c5a8bf4d83883f92,feather (of bird)
57d65bc066f17f4afb11172b5a738c4a,sweat/perspiration
f3576af3b7020aafeed5254742b59e17,itch (v.)/be itchy
0d8dc086e16e3ac48f05d555994da7d7,fat
a57fc812a9521b8c0ede9a2724351a55,bone
7255360852b1f018f8f914c90b4da82f,sinew/tendon (muscle to bone)
6b157916b43b09df5a22f658ccb92b64,blood
58fe895084037c202da7dae31e14fff4,joint
3839b0cdd434530110115a990772ec42,marrow
2cf182cef6230c07c5206f027db2af4e,lung
dbd782e4fa150c6df2d8ce5926aa9cc1,breath
748673b031c2bae806c0c9fdd87942ac,blow (mouth)
3189934774aa880fa7fbf8da8f9e446d,heart
ab309313142df64b0c8a000f1c11a12e,liver
d8862646c09125096d06d16a074858e7,bile
4385738b1450a64b743b258c7c551701,kidney
3e88197d1da226ad4422c00b4e9fa3fd,urine
c01a2057ed2e71970b125e72ae2f1311,stomach
0852a7f73ef0719a6c78fbb829bf6571,intestines/bowels
a33cd76b232a0977ad0c4bdc0a9cbdf5,anus/rectum
26e644348659ca9aeebc6f56412480dc,defecate (v.)
5d03353b82f9abdef670f16a8f4d94a3,give birth
7bd17e344d7d4e490ae68b1c28b9662d,egg (of animal)
1213c62fceeefdeb5bd6ed9620494246,cough
c95d898a165bb652a559fec9a0e2f86a,laugh
d0b1ac85b47023da02270375366abaa7,be sick/be ill/hurt
c9d8f0a1ac49790e7e87d9e3fee85877,slingshot
9022a153e6190f10d9b57aa4232b8aea,arrow
c89ee4a2c9dcae6581ca53bff9aa4ee5,axe
4cbfe67340292113c37189ac59871696,knife
ab1991b4286f7e79720fe0d4011789c8,spade
4bf84babe76dabda6c4da4d25354704d,needle
40a1269384fda0e2827b751a7d34cec0,comb
57adbb92cc85d2836274b7b40c33deb3,mortar
f553f567663674eb9138e88150a7dbf3,pestle
f8d1ce191319ea8f4d1d26e65e130dd5,loom
0f6cdb621b452ac6fb994d88e674e49f,basket
93cf979968351ae42d066e96edbde178,fish basket
d5833ce2eb295903c4967a67528c5e7e,large rice basket
0714723730a54ea22c45bb9ee15b2369,basket strap
362a804e329d05abbc40845d73292e2e,shoulder bag
2feaaf89c21770ea5c21196bc33848dd,door
fef2576d54dbde017a3a8e4df699ef6d,room
2d86bdac01a3315b95794ffa7360edc3,wall
dc700272f46fb3ddd0550f40664239af,spear
0040a6b9ae417522ef81c5e08fc3e6ec,road/path
e7a80f49aaf2f65de93dfa4bf552285d,clothes
2a4cf2d1d5c0de7f61ccf52efb920f47,hat/headdress
25035b696adab5392334d25a32956a21,skirt
a4c93f6bac03ce6b997a170c05331bdf,design/pattern
ecbfde1394f2dfe02d50081d8a35dba6,pot
f3f58ee455ae41da2ad5de06bf55e8de,cup
2de3e7e6aab22cfe40b21f071283c565,thongs
bb7409e82cb01b88edc816a6b2f3ec7d,necklace
b7ed54a7be85994ee1f9225130435809,Implements.024
b4e387bdcd3e67af8c75b4889228f98f,earring
d9e5d212320e7d96e921831554be696d,medicine
2ac43aa43bf473f9a9c09b4b608619d3,light
900bc885d7553375aec470198a9514f3,sky
ebd556e6dfc99dbed29675ce1c6c68e5,sun
628b7db04235f228d40adc671413a8c8,day
c7c3169c21f1d92e9577871831d067c8,morning
93a04b066fd81a1017825f2dcda313b2,night
84cdc76cabf41bd7c961f6ab12f117d8,year
6d4db5ff0c117864a02827bad3c361b9,moon
8ff953dd97c4405234a04291dee39e0b,star
7e25b972e192b01004b62346ee9975a5,wind
a1234b3161b4fbfdfb96dd576b65bbea,cloud
23678db5efde9ab46bce8c23a6d91b50,rain
015f28b9df1bdd36427dd976fb73b29d,fire
fdfa02ecf86feac3801254da57c1c9ba,smoke
7be9047ff475ad1bae9095ec3529dd84,ash/cinder
642a7c07be23973c5e6ec91616fb88ac,burn/be on fire (v.i.)
936f8869ec33e50fe7fc5ab686e71fcd,kindle/set fire to (v.t.)
3c6f58be2474abf652b613858395335f,burn off fields/slash and burn
9460370bb0ca1c98a779b1bcc6861c2c,water
a5b03048ebe345c488e0ca30eff6ab0c,river
2a2d595e6ed9a0b24f027f2b63b134d6,spring
f9323f5b51fc23e30c10623bd38de6ff,well
241d239d803f6e100d3d20f7b6cfdca6,earth/ground/dry land (vs. water)
ec6d9c8953ab272295ec0469bbed59ab,mountain
0a840ef45467fb3932dbf2c2896c5cbf,stone
601fe8f98bd965659f49d986b56229f4,cave/hole (in rock)
ceb20772e0c9d240c75eb26b0e37abee,salt
bcd31c714bca2c41ffca31bd03003311,iron
e07e81c20cf5935f5225765f0af81755,gold
b8a9f715dbb64fd5c56e7783c6820a61,two
35d6d33467aae9a2e3dccb4b6b027878,three
8cbad96aced40b3838dd9f07f6ef5772,four
30056e1cab7a61d256fc8edd970d14f5,five
f52b5e449a2303c031a0c3a1109360bf,six
bb3aec0fdcdbc2974890f805c585d432,seven
24d27c169c2c881eb09a065116f2aa5c,eight
c785e1ed2950e3e36b1e2ca01f299a54,nine
b1b9a972ccd8c962a473909b97007eb4,ten
9c8454ddf7aa50116496bac348d7550d,eleven
15f6f8dc036519d7fe15b39338f6e5db,twelve
422ecc084f2458defc620ecebf2a6448,thirteen
ab389edaabf8d841f5719d0cf64006a3,twenty
97a9bccc3dd6254bd19760d42178ace9,fifty
34b569aa5f872cc9d12a7f4e5adf8ec0,hundred
0854fc37bb31a6e5ac2d101de7fb8736,great grandfather
f680d8063dc7d9af0217c7077b672d67,great grandmother
cece98bbc1da1c4115e7120a303aea84,paternal grandfather
335247f62475eb590d9ffd885bbd7e23,paternal grandmother
f94ab61304e2fd1200779b28fce8f680,maternal grandmother
0de959beaa82daa7df6ef2286d071a6d,father
6ee6a213cb02554a63b1867143572e70,mother
a856c352b8190c0b4ba2f6f967bca65d,paternal uncle (elder)
50abd2b2630318a89221567f0a22ff6e,wife of older paternal uncle
4e6422fd8c999f64867e1b6ca4885cf2,paternal aunt (elder)
e95cce52143fe23832f17f559e392e73,younger paternal uncle
8e746e6efc4f8ec583882104c191086e,wife of younger paternal uncle
38851692d1fd268f82b2d0e293820114,paternal aunt's husband
fcd10ad65f9d4cf471af107761fe3e71,paternal aunt (younger)
f58ab2b3bd6ec965f916b8b02ac8eb58,maternal uncle
3723dd9df6388f4f04f35e379c71a6dd,wife of maternal uncle
4db3b8fd5971c09766a4850cb5971c27,older maternal aunt's husband
b8c2fd2db75c6afa881e32d2956629af,younger maternal aunt's husband
c5d0945465d34538d8eb2c188738e029,maternal aunt (mother's younger sister)
70579ea42f90192418c486461c59e4c0,father-in-law
21da2a0a449e17af8a0b9ead3d9bf869,mother-in-law
b9edad1b0b5ff587011dfc52d3fbb3b4,brother of male (elder)
9f2e1304d63d4673d0f2d3623ec834f8,sister of male (elder)
fd91723780a8aa1a937b606adb6be499,brother of male (younger)
982ce056f3a4d006e6c09115a613456f,sister of male (younger)
cae0daff9614285d092fc0844638b575,sister of female (elder)
f52f0f51368301d73b26e8ff67fc7d48,brother of female (younger)
2decc1baed4678f7c526b3e421dab1a2,oldest sister
c22f62c1dbd77f25b9e8b45303dd7490,oldest brother
a2d4100de5a4c446ab1f52b1bf20cd93,husband
bb4694a26a39df7501f8bb8cbdd13e38,wife
498d3c6bfa033f6dc1be4fcc3c370aa7,son
2b0cf9520521ebe2b9c24fd0449d0ad7,daughter
603c045f56432c2f272caac5eeb5a144,daughter-in-law
b174e4cd6c60c48b29ef4cf6c47da261,son-in-law
d20fe8fcebab6be60c404a71946b1657,brother-in-law of male (younger)
2ab04865d6359551cddfb42a394b84f2,brother-in-law of female (older)
29ac052790181bc9aad48619260c4620,sister-in-law of male (older)
e1f24bb81035d7f7251671d8a14cf19a,sister-in-law of female
3ca5088d02dfb0fc668a0e2898ec3d93,grandchild
1b7d5726533ab525a8760351e9b5e415,child
e03809389baf957cc2a5503cdfe36dd2,countr
813f8ce580f276558ce9e5093468b1ab,village
2ca63cddd54f9490efad22421891a9d1,house
492ad91488fb5e32d40b4721265e8a35,ghos
3bf1114a986ba87ed28fc1b5884fc2f8,shadow
269a0ae2c253f5bd66e0f58c6b0ab05b,dream (v.)
8812662dcf3e5db0247c0f85909363fc,dream
b068931cc450442b63f5b3d276ea4297,name
97334b9fa6823aabe393b9fff476f15d,surname/clan
bab4ff04cc14af66e4d42c85f888cfe6,leaf
63a9f0ea7bb98050796b649e85481845,root
b9361276e142f306ab7c98020de7b8cc,thorn
608f0b988db4a96066af7dd8870de96c,flower
ac95ab07782ca0ea724b677443650bab,bark (of tree)
076a7b1d6613bcd80d9e5bfa87e8fa81,branch/bough
22811dd94d65037ef86535740b98dec8,wood
8e0784a23b769046be921960fef2ddf9,fruit (general)
f3f1e19bebcc591ae51d97c59abab647,ripe
72b302bf297a228a75730123efef7c41,banana
82960335036ff4ddc124b78af7777ee4,bamboo
01299ed751cac6b25a09c5a72be41de5,vegetable (general)
73a35cdba1ccca375d73735757f325db,mustard greens
46086bc60bd5c19cc4078727e6dc971b,bean
936d8f0827567bab7e339991107c12ba,pea
43f66a1d7aaf3dcc794212b383099718,rice field/paddy field
5dc98547cb1b5259f93706c25e3794e1,rice field/swidden/upland field
15b32ae33014b29186bab9d523f42cea,cooked rice
19962124870d73f3f0fb7cd350bdb847,unhusked rice
220e68e8cc2bb29bba92eab4740fe9fa,husked rice
6ad0e29c601c6c16ff6a974bc3929cb8,lemon mint
6f374060aebf4d4f9a846337dd989c5a,curry
9865ec7186deb56062c1f924963d992e,liquor
09d440e487d45777c05c3a6552ad9154,grass
15dc8bed4e380a261b7794769b97a74d,pine
4e026537a7d32360c5a22b7cb2e7f61a,mushroom
173a059d9dd99f07bb46c7a1ef5a3088,tobacco
ba9cff47632a0906d8121e594cb93a15,wither
f349f07c695b5f5ff3634cd76c0079af,2sg
dc434e2f29d49d9aeba5958d5462b177,3sg
1cbfb724ceee46cd879df7c7cfbe7dca,break
af17bc3b4a86a96a0f053a7e5f7c18ba,fly
aaec96e907231cf5419699f0af7936ec,defecate
2c5ca38849d1b0b961844c065214ff1a,hair
422cde921874e356b91ad1beaea456c9,see/know
12de3a4dab98ef8a7d67aace8150b540,come
e2a7106f1cc8bb1e1318df70aa0a3540,enter
46f71c76983fdee6da6d23c449c8dbc6,exist/be
3248bc7547ce97b2a197b2a06cf7283d,finish
db05c988e5abdf34301dfd0e54998a67,run/flee
40d4a203bc881c2d59c6fa3f6ffe0848,spin
a88f05b6c963e145a45b58c47cd42a41,hide
96f223040672ea79c655dceda08e0830,fall
54c84b40e9ff5a31472904a0cd2f0a17,think
67537fe8cfd8b4c8e036a19404dfba38,want/desire
6e578ced8620311c061ee588b4a74f67,expect
4abe77c201ff11663ccdf52fd6ecea86,accept
127604b318d10d8fc44cd434c4ad692e,accustomed
2e832695acc0021e408170941763724b,climb/ascend
f7a657c78a15abb5302fcf8acfcfe148,descend
d4579b2688d675235f402f6b4b43bcbf,do
a1ec23e9b9ab43a88222d9949ee26499,give
657f8b8da628ef83cf69101b6817150a,help
2ca578aa88ec758e564db6fea28039f2,steal
534735884d341071762ede7af01c53e8,kill
94a9f5155f55b31c73482d54bbceec54,cut (wood)
9db1396159444fec005e8004c08c51d7,hit/strike
6029acbe056a2ee1ddaeb088d190b71e,cut (vegetables)
e3e90fd6d2a7c4661a1a3acf2f60bc6d,cook
61c2cd61e70a8c8ae932a10df21e9540,boil
cb017a2af4338ed37b33bba54163d0c3,roast
9f783498ddd27a6b47dff39f76832c5d,toast/cook from the side
ee5208ab62d1a569908fde449c87da98,seek/search
4aa1e7414849577e6d4c076c08782d3a,drive
bc9bf7bb6c4ab8d0daf374963110f4a7,hunt
ba6bbc3f09fc8179cc8d7cf2e8df881c,fear/frighten
69d4bb17f27c77514f91f524ecae24d0,sharpen
c168a2bc673be90e75392d921959237c,forget
f175e09ccd29c70d6cfd9181256da4a7,kick
324b1f603b05850ff761c4b435a817fd,fight with
68f6f171811b2cede3c3a4084ad9918c,brush
b2f89823829d173028627e4b01b93037,twist/knead
06daa245a3bde4e3ff43bece97cb7704,pound/crush
2568fa9f52b34de6328f5044555fe7b6,grind
ed6579eaedd0e67b3ed51c7ee7071044,weave
48519f7557e1b0f05c65a0455dc64fb1,sew
cd8e7918010a87cc619849e00265c9a6,chase
87d4eeb7dec7686410748d174c0e0a11,sit
945b93f37cd9aa702a7380756f44e36a,stand
6867d0a9d4967ddd003dc9a0108e8ee0,stick (v.)
5514f8a58ce2bcd3e5feb12868051f65,shoot (v.)
1534477b314797aae378d292ec836521,dig
615393e1e0a95c3e3be4b2b23a65c533,scoop out
53b9e9679a8ea25880376080b76f98ad,call
19edd082200abf61c4e1cad5ac3e34db,produce/emerge
b31fe7374d79d16b94fafd0563ff186c,carry (on shoulders)
123fead50246387983ee340507115ef4,release
a2f26a443b13754ae4f7b62c60568a36,arrive
7a3c518623b9309651d2e485b54e1e7b,grope (in the dark)
c695be4ac9d9282355db8c412a4d0a84,squeeze
15c74daa224f69d40cf879d573981d67,wash
9c87c2d7bb201dd3c3924d75c2636307,bathe
b74af4fe1313bbc52cf0f5253f42e6cd,stretch oneself
a6fd878576ddebcb1e621611ba637d65,fan onself
bd352c8df49c325dd22ad8867e6ef874,tie
4c33ad0970091cd38cbb0be25ece4aaa,untie
8aa02b227ebde68e63cd78353e14407e,scratch/scrape
8325324b47e1e62a1c2998a640cbdc72,sell
0461ebd2b773878eac9f78a891912d65,buy
5c731c8c4ee0f43b4b605d534f888603,exchange
485ec278821f55d103fe0b06eaa85fa3,borrow
49256b9819abacbb8e6e031a03abe81b,wait
22aadb26447d87b550b155a4d764fad0,cross
63faabca234a29640f3344e74c0672da,decay
ef970bddec97fd21182fe92b7ed20751,deceive
bb43293d920646f9308f8e7c848d33de,tempt
6391ea92d2d8122515115a04b59d5c55,add together
1977c9daa1d67de51a4651abdb160c09,fit
6f7f9432d35dea629c8384dab312259a,strong
0f5264038205edfb1ac05fbb0e8c5e94,long
7aa8a0deb43109deac12fc515944c9e6,long (time)
03b8329bda582e068b951613bbc070a0,crooked
9bbd993d9da7df60b3fd4a4ed721b082,round
1ffd9e753c8054cc61456ac7fac1ac89,black
d508fe45cecaf653904a0e774084bb5c,white
bda9643ac6601722a28f238714274da4,red
9f27410725ab8cc8854a2769c7a516b8,green
17d965747c701d6ffb406cad0f4265dc,far
85f06cc816f93b8a6dbb1a494f813358,near
1d6ad39ff8ff378c5e23ef5921065891,bitter
716f6b30598ba30945d84485e61c1027,close
e549a200372db9f3fcfac9f384e4ac2d,sweet
f50e6c3593d2dfc0f3f5420263dffdd0,sour
b6015aee178749457a14c559e4924fc3,thick
36ea88c42525c5f42ebbe0fd38a893a5,thin
48bb6e862e54f2a795ffc4e541caed4d,easy
e40b34e3380d6d2b238762f0330fbd84,cheap
41273acb23c652a1fdcaa4b47901f691,ashamed
a557264a7d6c783f6fb57fb7d0b9d6b0,sharp
22af645d1859cb5ca6da0c484f1f37ea,new
149603e6c03516362a8da23f624db945,old
16ff575e4bc2170f825b5bd0d29f28f0,old (age)
931c5a94e7cf4c5d0ee2900c3c2ae1ea,angry (hear is bursting)
c0db7d4e3cbad2b18c767c659f448a11,able
123402c04dcfb6625f688f771a5fc05d,clean
e8008e06909d08bccc344f7e56b1461b,beautiful
6627415e807ee33c7302917216e7da68,deep
e5d7cffe25654f7e3a1e334118c71549,correct
d64a84456adc959f56de6af685d0dadd,hard
dc58a7971816b41f3cc2b8c0f5f1bf0c,soft
8d966b2253a917086c8604959e152243,high
6ce1a133fa63d64306c463bdd3122598,tall
a957a3153eb7126b1c5f8b6aac35de53,warm
75e52a0ecfafeda17a34fc60111c1f0b,cold
88fcc23b74f16d118617cefb688c83b6,damp
81e047aa9039b5428b6d6f5c440f4670,dry
fff25994ee3941b225ba898fd17d186f,fine
7cfe64ea44dc3bbeb63b29ff3039a481,heavy
3fdcd15938a77c4b3bbb9b0a09ab1705,light (weight)
0423fa423baf1ea8139f6662869faf2f,tight
f5976db642aedcb6139ab549408e876a,fast/quick
8cd283d8b7bacc277f2bae5e26ce6d1e,many
85d7268154243dde3d530c057ef6d283,more than (comparative degree)
5d40f6a94e91ccb1147ed7f5693ab0c0,resemble/be like
a4010945e4bd924bc2a890a2effea0e6,follow
6ceb99e973376035f16b078932171a86,be fat
e86117e4f380873438880d09d3e2238f,put/place
1e4483e833025ac10e6184e75cb2d19d,animal
81566e986cf8cc685a05ac5b634af7f8,cow
559e604696a7ab4bde4dc1cc85927783,deer (generic)
d8e265f13545e890c178a34a72f62c43,otter
0e9312087f58f367d001ec9bae8f325a,egg
c75a200b51baa29aa7e2e11ee54c09b3,grasshopper
84cbc9152c9352bf97352a8da0d9e9b3,armpit
71f95cdf6e0dee71ca5fa5ef052f8821,armpit hair
7a069c23854db69bf9cec1b28150f6cb,shoulder
fe1b49004425f2612bd0726f129d9c73,wart
56ea4e79b4a41c0dc872bb873fde04c1,right (side)
8b8df1e9e64120e1be610dc703300cc7,left (side)
ab137fb61f6a42cf08e6e4ed8f106461,back (of something); behind
25a75ad04cf6f5b5a13a5d9d2d8e9a82,body; torso
8db8ebd9499664a8ddd2fbbc07b882c2,limbs
23d7ad0153d318ae330bb0b399e92da4,upper arm
416189288fa181fa4ffc3633f21c3094,upper leg; thigh; lap
519df5ea233286f687b03898971dac1f,bosom; chest
55fd182612fa83b217fc65caa301f108,groin; loins
33e5f4f28be6c846dae74493d6bb60e5,flesh; meat
97888bd8409c676579dcb985328ec898,alive; be living
f3de0b8ba53e538ad24dd434c638d451,die; be dead
05692c36ee7a8be73f1e56d3f3292263,carcass
30c13191b1950e70c6cf43405aa4ed87,cowlick
cb372853d9535627c05d5bf0d6a835cd,soft place; fontanel
37c24a3158dc6f1aab7f6398e8cf5f70,skin
2aa7e43a169c1f15ef7f3cb5d42a729f,cockscomb
e5c095f0cd4eeda38bf0f4d957e90435,horn; antler
190e517133ecea6b78052aff642a9b7b,iris and pupil
40652ee9ae143f1c1c830f01a5449ecb,blink
2a402dd1f1d3ac729528eabdfd2650d0,tear
61b440f9a93d31c35c3e6de6dfa8cda9,weep
bdc46b419a929b3a1bd39fa1e6e8a2fd,see; look
84582d4bbc54db2b8c6293fbe59591ea,snot; mucous
85118ee96a45b9771bc4ff6f82090e55,blow nose
ced5b9cb6730364a78fd5c64a9f62d36,ear drum
613d5e4f4cd6c68618ac86bd244c7153,hear
839d7228b5ccc60e54455093a966b8c2,listen
9a97eda6d89f5c9e84560468a0679707,eat
52def7c94d005c020297bef28628392a,thirsty
a6e43300cd419da1ffb3e8389919fa33,hungry
b75ea17d94ef38905d9f8d315f504d83,full (stomach); satiated
e0e2efa4e934ecbf95040d2a10330b66,spit (n.)
e5f18c6746faca00f7d36f1955baa798,vomit
2f70f1f285b69d4b5f27f85067ffbc77,to vomit
c4af5a178450e2a50d12ba08529eed80,hold in mouth
a932752bdbc58a654d4c4037d06f841f,open the mouth
0652cdefcfe43fb7f2558365dba75e26,yawn
10b3fa9dc28da2d7989c558ade6f8abc,words; speech
3255fdcfb144c5cc1d60a7d4ce2fbf01,call (v)
eda4003a35181ed4cc751ce632262ebc,call (verb)
c6223028990bafdea75604acf8da0182,lick
b090c26d3dafae9230c9f7270c5f0ff1,upper lip
451e85399432c705cbefb90f28742bf3,lower lip
d4a12858e673dde5896dd9e32c442c48,smile; laugh
847cd7286475a3d63d7f4d23cbcf2739,canine tooth
f141d36920f31786e8633d9fc048df79,wisdom tooth
ed735d55415bee976b771989be8f7005,bite
845a87b31f02f7173295d7bb6e65d2c8,face; cheek
a5f18c0233aa894a3abebe5d0295bfa9,cheekbone
ff8a2e4d88f5e271e1ba59032b887a06,jawbone
8c8c4367bbabd0ff176950c82a2b39df,goiter
2cd8cca93cea7c8bb053cc014ae01c2c,windpipe; trachea
83d2d5d267f1e37d7e01d1a3ac44f769,pipe; esophagus
72d59625138d20bcddb9df4f4dfd152d,swallow
72192fb7fa8aa94885e3e8e9d4ceb6c1,gizzard
102b3cceb6c2b7b93c62a3c5a7c88c8c,breastbone; sternum
7f1c89c623d7e9d2be75862a2d3beee6,collarbone; clavicle
1194afddee6c28e9d2e9beba1b386186,scapula; shoulder blace
5a5f29d38303f9664ba1e1652b25fb72,utter
a9170fb5ddceb2187a11754ecb861801,breastmilk
d4983243f1658ede502d3cec85caa5d6,cow's milk
77202e97b275cc30ff755ce87f9570e0,buffalo's milk
0b18a3d7b9c43ff1750d2baa4606b8d0,drink
fecebe49b6edfe1b513c8f2db08a0ff0,suck (v.) (as a leech)
a81b8a00965059d96c1b62386be4a63b,wean (=heal)
fa83f40479a04df219641b58c911b417,belly
7aea2552dfe7eb84b9443b6fc9ba6e01,tail
99de1be1bf660f88e237ef4490d52fcc,hand; arm
3328e4f7fbcce95180abf8bc6075e78b,wing
a794e413d8db0e9d3ec159b6cd85e16b,calf; foal
14de85e36a61fd33fefb7fb814cd91a2,sweat; perspiration
96a92be342470751433cba093ae4eeb7,itch; be itchy
394538b9c091b6120653da6d43904344,fat; grease
5144abbeb84239f038276f8e36b2251d,blow
df6e6b4a3c69c5355ac3957390b023e3,guts; intestine; viscera
3730e61a26d29e1f64a64d62ffd9edba,feces; shit
2f621688cd430d4181844a3315e8bb7a,be born
4d4ba904b38d85f8001cd15526c82a56,pus
5bf09bdad1de1b3fd417c23c327a0e55,shoulder blade; scapula
282dbc90cc62b28d052258254e0febed,cow milk
be5969481bc85342f8b5db7fd424f79a,buffalo milk
fb0fdfbced3a9661cafb9708aacf7044,nurse; suckle (v.)
0bd36160343c8b564ab71ae7c92a2d5f,upper back
a35ecf344c66770b2ba0f0e913747072,spine
88a3ad88846fea9bf35fc24db4b17f97,spinal chord; marrow
9c8a49c331f22587be4ae5664a9d2a03,my back hurts
3b208ce8f940a8d2feb0a3c18baff087,belly; abdomen
d3ca8fa7bc9b412adf66b4b3c6e250f7,pelvis
50a971834849b966847bc564d692aa26,crotch; fork of legs
87be1ccb4ca6efdfdc93a714d91dba77,swollen lymph nodes (of groin)
88b7675fcc86339ab6689b7421efade0,tailbone; coccyx
0356b701094f1e7028be0740e8a7b48a,underarm; armpit
363f41b7e25674d0eb487153f2c04468,tickle
1060095af00f38b86f2565292e3e8760,arm muscles; biceps
fcf3554a56e9f70edf971eaabfd90e0d,forearm; lower arm
92a5d138579371396c149834667f6a05,back of hand
a74eb58601f6f1bac6aa353370e03d24,fist
7fd2bf049798327e5f8d071686fa5a42,my brother plays with the left (foot).
28577ebc9db13d49c9d95f41caf9b162,plays (socce
732e9cf5d41d1bde86248cbd4c330baf,fin (of fish)
b07fb14019c7d230bf76578aa0266829,fight; play (with the hands)
cec3d0c417a41cc4f9aaa32f5aeb1c6e,my brother plays with the right (hand).
f155e2b0674e3aea187c9df55ce6d239,thigh
13739416a01a29adbada6f530a60bde1,thigh bone; femur
f6436ca963c354ed3373f81a34e683c1,knee cap; patella
144178c22b31a844a1f4f97ed97919ba,shin
2620b9e02aeed30cebccf40d7d44ed79,shin bone; tibia
a667c87742d19be5cf1fdfc011a40905,foot; leg
28924f458020fe0adcfddd1202de8b46,top of foot
be596c5ead3c6bfebcc5f7824e94eafd,hoof (of anima
49bf4799e6bc669b66440ddc544a8b37,crippled; lame
e716519257d97cf3869c5abef2212792,limp (v.)
25f3bef53d322d5dc4d8dc2bf1880a2f,little finger
829a56cc8ffa56209e3a10b80d0bbdf8,law
7c659a34314d6d48838b780e3379d819,fingerprint; signature
5872a74307252b3457eb6ddc6ac530da,pincers (e.g. of crab)
01f09b84a77be377c4d666d2b8bb885b,facial hair
60aee16ecb7d5b9f620448dbc1ead54f,mane (of horse)
1f44f02280f5456680b41490187dad1d,shoulders of an animal
c998c04de657d35347d87e06e53f0928,whiskers (of animal)
52378623b09f0547e653611a99c592e2,pimple
828de69a2994bdb482cecf9d10c7f5f2,scar
5b83468fdc6742fe3c3b2e173f31cbb1,wrinkle
d84642aaa21638432d6e6b83a0a8962a,rash
5f3b9b3bd9d3fd2e7eb5fcb636d832bb,itch (v.); be itchy
06b015e0570bcf0b60d9144008702620,scab
7d8cd1913ee3f5d8ba13bebeb8f01708,scales (of fish)
ef118ff6c02d2b883fe614fb39edcf72,hide; leather
e9d0ee27ddf6dda2a7c4418b0520c3e5,oil; grease (for cooking)
84df077bcb1bd39ab1a3294de0cf655b,skeleton
987f8a06448c25e26c5d9c90e1a0d4a5,cartilage/grist
1b8565e999ca6994660c15e451ffbe83,blood vessel/vein/artery
639844d9371c043504e4e398f4c5e473,bleed (v.)
8ac20bf5803e6067a65165d9df51a8e7,muscle
243c9bc6cef81b71fb1721565849ea96,internal organs
ecfdc8b69bf352cfee64fb2af4f79014,breathe (v.)
5e05a1bbf67f5c512af8bbdfb2e864d3,pant (v.)
fac0b980623e3d5c273d01a7e19df74c,gill (of fish)
5c7b4a0f9551d777508463e1c370329d,phlegm (same word as tendon)
3a06e053a0726537b202ce4ace81dee7,heartbeat
275e8336a7690f33bd2208e12a32a1ee,gall bladder
f2100faae4070b6680f288756515c83a,urinary bladder
e7c617543440a6daa4dfd10ef49e0868,spleen
3e7ea6a86117122b7b47cab77b3f9e47,pancreas
e402633a9eb9d11e01f4807625a45245,large intestine
501bb840400fb51b14418ecd3d18de62,small intestine
e93c762d380fcce43a75d678e0ab3f7e,feces/shit
6758fb3568c52378cb507f747162772b,copulate (v.)/have intercourse
c02b7d24a066adb747fdeb12deb21bfa,penis
fa4a4bd03c62a1abe6d259ecbf2e2c5d,glans/head of penis
2b25c71f774f11bdaec66c701d7d59c4,foreskin
e80e6257f415a198c68f183bf4228d36,scrotum
51c40889244aacf4f1997f7cca43236b,testicle
7801dfd24bda9d0a8c9d813981ddaed1,male pubic hair
bd0757b6747ada381f9cea61a587af53,semen/sperm
55c682609cfc903da3eef40399f844e9,ejaculate (v.)
ee2d53d8543809132ab96661c518015e,castrate (v.)
8332189037ebe7b280743783345c6f5c,vagina
37909d185bc2b502e668ace99f9ede3f,female pubic hair
21ca04356d2749e46af771033bb93717,menstruate (v.) (lit 'natural flow')
f4089a7da14a64443bbbf9d4ae6ebe3d,uterus/womb
b53026f464bfc8a5cb49f97c38df154f,amniotic sac/bag of waters
f3d5400ade9a8c8c2761f4929bca9adb,amniotic fluid
b6205ddbb7b42544186a49f155967b87,placenta/afterbirth
1a90e9825526b3a13b7ff0fba16e79b6,umbilical cord
f1ef14cbf5199903a842ced8ae0586f9,be pregnant
a9d719491cf5efcbfea518802bda4b2a,hiccup
f4456054438a797636240592eae23b54,sneeze
1c6819d0309c7f049345d8d6a8c03162,whistle
3f2f4295a5eb6ad967b832d35e048852,fart
e22fb0b6090ae91dffb07b8c86fd6b64,tremble/shiver/shudder
43b056b2285ed4a27ee0cb9fd5e136a2,be numb/ be paralyzed
5e61862f0641709d4c9035845ca7cc85,to swell/ be swollen
ce1cefda230d7a8ff9aff829f3b9918f,one foot (two phalanxes plus)
4b79e81c39ee627bb4cd08e134fd91a2,left fingertip to right fingertip (one unit)
b7e17fbdb536ea4df400b11ced6ee564,mind/locus of thought
37531b0e54973cb5a7286cf8c2e00b43,heart/locus of emotions
35393c24384b8862798716628f7bc6f4,poison
a79dc75a13b584baa37f8ec20d944410,shade
d283d923bc1b2775ca2989a95b9dd5fe,extinguish/put out fire
97f014516561ef487ec368d6158eb3f4,silver
3102c9424a10b40160ee01ab468c51ee,I was happy.
adea392b6526e8afd85f3d7410f08334,When I shot the dee
c997feb958da902fb2dda41dad05a83a,The deer that I shot
d67c5c92a20bc7303883c998c7a6fe7e,The man that shot the deer (the one that shot the deer)
04c6bc95a6050e71e921e54151a0d2dc,Deer shooting
de36687267647ebf19b805bdc3ccf327,The shooting of the deer
4e2ad3f9f0660d60f9efc1b74a22499b,My shooting of the deer
0079968e20358bcf8a3f5e9fed839de5,The man's shooting of the deer
56609ab6ba04048adc2cbfafbe745e10,woman
0e26f42dd401654b8e730ee5fc95b999,maternal grandfather
6bd6a46879f50be260ed14900043c059,brother-in-law
4b95fb567b47eb71a09b4126f23c1533,sister-in-law
758058d8987e7a9ec723bcdbec6c407e,weaver
339e02b7f6ebf90186c12225328bcf33,shoot
c0af77cf8294ff93a5cdb2963ca9f038,tree
37f8bf33853e0a8c55c5fd2a26f9ffc0,stick
26e39d53f0e982954766a80e03cda461,rice plant
38d0bed2efb8b3933d6e2c63eeada6b3,1dl
4e606f72938a3b874a74fec612c26c19,2dl
fbda502067da743888f55ae1ed660bf1,3dl
0e17ed5dacd38051e4d5cb51d8deac16,1pl
0593b545b9919941ac1239d22e169a9c,2pl
d477af531b78401676f274de32299643,3pl
e0deff349b2c61f5f796ccaa344a4930,fruit
06e3d36fa30cea095545139854ad1fb9,field
1fce5629baaeaade48f614c18f10626b,come back
56eae8e1782318ca23067209185ec853,come back (again)
f24f62eeb789199b9b2e467df3b1876b,exit
035d02e56845b5a4979feabda0824f88,exist
ea2b2676c28c0db26d39331a336c6b92,start
f2adddb226ae9915d47e801cc82caf75,fly (v.)
46f9631576015f35f527af2bc67351a6,walk
78a0cc219a4cb3563ac5fed236ad00f9,crawl
d9e573034155f5466f290434d03c02d2,dance (v)
18e2e1b6b83335f4f8e2de2a66c1bbcf,dance (n)
64b59718a47cf57a5e4f8443ff43d117,talk
6a6334b478289b4fb3060c4f803eafd3,agree
600d6af0f320a021dc494cfa2daca569,take
8e13ffc9fd9d6a6761231a764bdf106b,put
fe47aa7c733c490d36e80508d5dc4019,cut
b49f03f46ff85232ca78d59dfa0ef9f1,fell tree
6d52012dca4fc77aa554f25430aef501,slice
c5c2df792f008f6fa3fa335c921ba65e,chop
0de8ffa1aa0e2b4993a464ae3784ba7b,burst
3abf3fc2c74417325898901330b4ceb1,fry
4f2900f2fdfaf3f77bd599391218f49f,toast
0de99b6eb8ef30e4e60d02b9415a91cc,hunt (animals)
1b8a57e067f31675d469ed16f24e59fa,frighten
eb88d7636980738cd0522ea69e212905,fear
8efd23a3fe0ec74453bdd0fadb91b0e3,rub
27666d0c4a5adb11f18303ea8fb658c0,scoop out/dish out
8ca8c6799c5d09ce4adc6c48923a0721,shout
a8982eb2a988054aa4d8d792dd074cca,catch
7bfb7c9400215d38316a45297c5fcb8d,rise/get up
d354df0ae1841edf6036166b5ebd3a81,lift up
f9c05403344bba5b3993d54797b56820,carry
a8504662347d8f11c6121854f10117b0,crow (v.)
ebd73ade48cb3e102d1dbbfbc0377c5f,choose
bc2e496bb5487f6c1a7a3d259696121f,choose itǃ
db853ec3ecf7fe4adc358085ba37c278,sing
b96ba508e3690f5168e4b0e68b15b178,touch
da765e347e7f430e60f1035d66cc940f,eyes can't see
bdcd41b0eaa2aa72b110c162f2e7b0e1,stretch onself
f33b9019ef6d01ef1ea51bfe4bfed571,untie/loose
a16c0a41b56415bc5354724d0d6e655d,lend
adb00236071c05878eaeec5b3b96103d,respect
2990116afd162604163b80daf2bcb914,stink
17404a596cbd0d1e6c7d23fcd845ab82,mock
7e8cce5ec30865dd2f0ce668923c9be3,Don't mock peopleǃ
e79286197db9bbe58e5502defc2f13ad,conceive
b6a5d96a4e99b63723ab54ddb471baad,roll
df8495bd1a9c3145c280348844de74b2,enjoy oneself
0a51ff550024be3427eef96654bbaaa8,hurt someone (=touch)
647844ce8c15d1eb308278c5405271b3,like (something)
7ecc19e1a0be36ba2c6f05d06b5d3058,weak
d861877da56b8b4ceb35c8cbfdf65bb4,big
eb5c1399a871211c7e7ed732d15e3a8b,small
a0a0331821d96d45848d48c376e097ed,short (length)
de635f2e4a88cc6a19c959f25ce70403,short (height)
f98bc9548127488be9d48a366d8e8aec,skinny
3a7ec495eedbc3be120e8fd13e007b92,straight
d487dd0b55dfcacdd920ccbdaeafa351,yellow
48d6215903dff56238e52e8891380c8f,blue
7cef8a734855777c2a9d0caf42666e69,open
7284b39cc1c84f3e07030ec230d8efde,close/shut
06a224da9e61bee19ec9eef88b95f934,narrow
a3a97d386e5d9acff2517d217bbfd96a,congested
76ec60aad2226c5d664fd3c58d8bc394,difficult/cold
f384d48efac7ae57d8385ac922f391c5,expensive
766a42f9594dba226b4b38e4f2846847,dull (not sharp)
63b35d3f939bcc24cdad3a46570e98f2,young (age)
baacb61489570a3923c7a38206848d2d,afraid
f2c67381db28fa11c59fe7a6df0f2587,late
2b3de800b4576343a07e86b8c420e448,early
01bc6f8efa4202821e95f4fdf6298b30,clear
32478ef751ab0a81974a3aa8569607b9,dirty
04ca19de39d639192853db295c8fdfde,ugly (of a man)
be14436334695ae6e8efdfff88a13c82,ugly (of a woman)
c827b9ee04b8f36e719940f9360ec48d,ugly (of an object)
e834955cdb1984d34b24c53ebe5bf211,shallow
650a5678395324ca6b68ec9aa65db85d,incorrect/wrong/err
2bda2998d9b0ee197da142a0447f6725,wrong
28ecfd2458d55297a71a3e95023fb866,Verbs.188
53cced8d281a1a0ace3cb6594daaa4f7,low
27369b3bf4483e8dcfd85ba9a39a947f,hot
ffcd2b1ded52cad5ed1cf1837379de6e,cool (goo
ad2f655734bab59f70ec60848a870d9b,Verbs.194
9ff49c6a11b0ed72fa190e9b55ec4f6d,wet
1c9a44eb2e8eaf3da1eb551da310cce7,lost
8d281c80649e5b147fadeeeffc6cef54,Verbs.200
0e4f006ac453f392432505cedc762b19,rough
a581cd23d91ce38a7ae02bd721a91d2f,coarse
b3b44e43aa5421d268e5747dd2d5f5c8,loose
4fe9dfe784a2be25dd8aec3b403c3654,slow
756ad3d4a36a57732c65e633e7ccd582,leprous
7c3daa31f887c333291d5cf04e541db5,few
b4181cca26f7bf00466808f404f59706,full/complete
7c051efa7641541159bf7e63c989167f,stir
bdc95beeb6091247f506212f1711b2f5,domestic animal
bd5f4b0419caa97dd2f9b4d3238ff92f,cattle
db413d6fbb1d9d0ced3e178e8adbcd97,mithun
8304eb063676068d0ef967e8dc04d462,guar
f27d9e1ad8d2479eb7db2b096319c837,"pig, male"
3135a03098d4e4eaf073d0e330adebe4,"pig, female"
86e719d04c8da7efed390bcfd7347e72,"pig, castrated"
a94aa000f9a94cc51775bd5eac97c926,goat
742929dcb631403d7c1c1efad2ca2700,chicken
9cf0e877fb1bc88cfd577efaf62c7579,rooster
e811af40e80c396fb9dd59c45a1c9ce5,hen
36846677e3a8f4c0b16d8bdf8ef18608,duck
2b95d1f09b8b66c5c43622a4d9ec9a04,fox
d077f244def8a70e5ea758bd8352fcd8,cat
6b42d00c4ca6ddc33a604c54b8ce4adc,lion
4222694c33d0b5b2c69cdc0f1c4d8120,sambhur/sambar
893b56e3cfe153fb770a120b83bac20c,bear
40203abe6e81ed98cbc97cdd6ec4f144,mouse
a7ec1fbce15b4d4086c6943ef2dc1aa1,porcupine
42f1dd6d4a8ccc42fe5fbceddf754129,shrew
5f3f4681121b460e3304a1887f42f1c3,bat
ca03e4b0d6a8a08f400264b5e45fb441,toad
ebf718a2ef7b96e459c8aa4fa129182b,house lizard
c9876fcff85166cc5481b6d3414fbc42,chameleon
87c9b147af317f08ef24d76f4c7f137a,freshwater eel
abaecf8ca3f98dc13eeecbac263cd3ed,bird
99475e3ed1620ac4f139ed5b38bb1cc4,nest
4b03c9393bd774c5b302ad0f7615c8e7,egg of bird
ad55caeff83c815f938afcd96100fa43,lay eggs (v.)
b9f9de68ad1afa5818581fff74403031,sit on eggs (v.)
d801007fd3de272317131e71766c7084,pheasant
b09315ea09c6d3b5680094257f1f70e4,eagle
b6bc6539453d2f0722db8cc3ac5730a2,sparrow
bc73b87e5b85cf9434103e0f7d80d798,dove
83e4a96aed96436c621b9809e258b309,fish
56303c45da18c85d26799349014f81a3,roe/fish eggs
63ba18c68bb999cfa728ecdf53f594d7,fish eggs
d9e85d37a5974206b4031449efbd02d5,cat fish
d5ac70e307c46da82a25a8b9c22601fc,snail
43ac4bebcb3db60b8e902692b6bc42d6,termite
b60eb83bf533eecf1bde65940925a981,honey
18c9c57541e20d79e47cf2194c2e3cbe,"grasshopper, giant"
b6d6ce47b1edaadac8a025b923a28e8c,housefly
f0fee5650c92a2d28715070d15f88eb8,mosquito
0f3e030df47b709f4bd2ef62f37b7f57,headlouse
582f5f1d1b5421698009588517664fbc,body louse
7844f498b582da87b51c49db4fdde6f9,flea
c48e3f43fda26799b96b55a632c15450,leech (Meithei l.)
496b178966fd31a90acf9afe59767e93,leech
0872556d7c53ad9d9f14561d36eeaefd,caterpillar
841a2d689ad86bd1611447453c22c6fc,body
2ce1ed648f80302b6999a85b2cf7bc5c,right side
acfd5b5b09ccfbc4091a2f5e191537b9,"body, upper"
6a9f8788f5b532ffe8b16d211fc91a77,"body, lower"
07202a7e6cbfbabe27abba87989f807e,meat
a0f7335349f683b437fbb8ebf1ef3445,flesh
68abd34b9aee85daf6f8a2c69f2292be,"alive, be (v.)"
a60dfa68dea23b9c17159fa368f13405,To die (v.)
ea6cff4d004b757b076997f38a6afa6a,Yesterday I saw a dead body.
e0d705757bec7d0d467b5cbba1bdcb09,Yesterday I saw a dead animal.
59faa79acc0c2a459c6643ca8ef8e73d,To sleep (v.)
a5bfc6ab0c23dc6d3bffd09cf9d66a5d,"To awake, be (v.)"
5eb86533b0ad80c57a0e42e1853d0d7b,(she) has a brain
ca4379c650b370db29ec66b15e8b2c39,(she) has no brain.
14b5ba829f7597bb0acbccc192de1a2e,crown (of head)
5c3373864f8979675f72ab041a4b765b,fontanel
a80e132839ed4d1d61a7f76155f8bc99,comb (of a rooster)
dc63fd3462662506c7f947a34b3dbc65,horn (of an animal)
ac0fd167cfb07749caa7e082158041c4,forehead
8063aebf15be44af4efc371648c3de77,eyelid
8c8b0f54dd8a18f96813626e89f01a5e,eyeball
01e1bb074bcac5b6d375c4d140bec68b,pupil/iris
17e4654a391d4abec16358daed857b22,white of the eye
390558d9fbfa5d491792841259d3dccb,cry (v.)
16b625e20cdb8419a58d2ff7f61bd7b4,see (v.)
45f965e27fac346d79f68a70daa6db9d,look (v.)
8ecf447d3ce6a1de380c2983b40ad6d6,blind (not seeing)
d832124e005651232af313575b210bc1,snot
508dde19f731efca82c18ad7c37b08f5,blow the nose (v.)
eee8b6446e55289850d56143dce627b7,blow snot (v.)
f070674a1fc4c797426588c5162f276d,palate
ef0cabbd44222e705c888a47088edf7c,eat (v.)
faec47e96bfb066b7c4b8c502dc3f649,wound
5fb26220dc24252be3e69e1042e57a07,"thirsty, to be (v.)"
d9b4412504f72feb72e658673eeab757,"hungry for rice, to be (v.)"
2978b36124841b4f7e9ef2b3ba122680,"full, be"
240b938052a4ed7162a8327cc6f16fb0,open mouth (v.)
b7fe972f7a806af1c23b629caba81e5e,talk (v.)
9ceaf2be38c6c5dca2ce49d636aa88bc,stammer (v.)
09dc41e80ebf96fccbe5b96421e8ff3e,stammer; slow of speech
4990d7d3368d3918fbedd5b59ee7debf,"lip, upper"
79e2ec453f10381c70ef9d98b4e92c6d,"lip, lower"
0509c8b110ddbf1cbb0cb23eec784baa,beak
8af9af0427ebd0d6cc2ac8f04f32d004,kiss (v.)
c958aaf7217dbf6be636ede8f72e2d14,canine
a9d547baf13a5aa543f6804193f8bd5b,"jaw, lower"
947b083c880daea85e961bfce357a6ef,"mouth, external"
d7bc496da292b7459b3965be58af2e48,throat way
053e1f3d1aefdf303ce569d567ad868c,adams apple
d257eb7ac9dc82301ad20500d8fc206a,windpipe/trachea
d7b74a5e89b93a06b7fe2ecae368b3ab,ribcage
8a4b4e6d0fc4313d7f558d73c37094d2,breastbone
a120d781b911daa000fdc6843a933b35,shoulder/arm
21630f692a45d88db870d458b1c24491,breast milk
a195a27d1c96dbc7ea4aa9928d914673,suck
680fbf2ae5cc74ebace3f90c6a5d5b0f,nurse/suckle
6a5177221bcb8c90399f536d9d43fa06,wean
08988869b0a7d19ac91e740a8ffcac4d,"back, upper"
36af624fc35628a4e56298ad829c7868,"back, lower"
ba34bcebe381745c9b62f520e30cfe63,hip bone
eba259e88ef075783e88e770170cfb74,tail bone
af7c7e061253c425804c08bd4f1ada98,bicep
12a0fe95a1ae969d28fb135075247bd9,forearm
967851f760e5a9e33ea0ee346b8911c1,fists
d79695776a5b40f7cadbee1f91a85c82,fin
b48ec78e890f9b76928846ea050ef3f9,wing of bird
546ed940d55d762985e94103c6e4fcd0,foot/leg
acc57eafbced9df2d9a5ed38bf7a772d,thighbone
ba5abf28c76a4d7c3bd61c328afb8d53,toeprint
8fba8a42f879ac69801158cef86f6bd0,missing legs
00806553dabc9d71427635cef15f3056,crippled/lame
77753f4a95c805969203ea75b3ca6d19,limp
afe6957399429c51b34a1a0d3590b340,"finger, little"
52609e00b7ee307e79eb100099b9a8bf,fingerprint
c1b3535deec623c4fc70c20629c0ec54,"toe, big"
952f9b7ed99a7f33a2afed281b279159,"toe, little"
5d1e86ac80e57011831769d1ca10c34c,Beware the crab's pinch.
340fab1dc0ff45e78dabf235cd6e915d,hair of the body
bbe76acf994e3fd0139fa952046d1057,hair of the head
80b63f2ab64b2b9ad32f718a815e2d0d,hair of chest
c5b8b22299d018b4ff6f88e8e2a69324,feather of bird
00a371d7017389dc91fc2dbb03c403d1,perspiration
b8a1a0edf0cd11cfba776c44c3eefc7c,blemish on skin
f7281e0edfe1a5ebb9e3432c997806d5,freckle
fc66df1287040dae8307c9dc6ce03d55,mole
0456baa7bcb2e1d8ebfea7b37a5afd67,goosebump
c0db02dc3acfab553a6c97106724f1b8,itch
73bbd566536e2c09568defc61f5b9f48,leather
c5af0543407a6e8ba11db6a69f792014,oil
d70ae7b16a386a69116b097e282af76b,backbone
2cf9782563ffa1d3aade12773fafee5d,cartillage
3f87b0052c13837876ecd39264a16585,blood vessel
b4a1b41cc1eb3f6a8cfc950fa4a9cf12,bleed
87eefceefb65b96d8a32e08682bd1fd4,joint (loan from Tk)
df421bd994d485f5d58ce2445cf2ee0e,meet
e85d61df75630aa4ca66d1e7ec7bf0c6,blow (v.)
84afa3278b8a3d1419d2e3d41fc5e30b,blow the fire.
7072e03e9274c7dc7e83d0195482c215,phlegm
e477e1a5ead413daac35e02d1951014e,urinate
bfe4f4fa496cc04da49354c39a928c7b,intestine
2bb4527d676d025227fb477b2aab7e45,smal intestine
967697183e094509a81bf34bd5d9f19c,anus
68d03fef8ae3d2ae5f2927b2b3d27284,feces
3f63a99c7709a04b3637d989f6efc90f,I want to defecate. (v.)
c3f834c913578a4372b39f7e393f3d53,menstruate
0c1c8464058cc27e5698618de1726305,uterus
70885d1aa98c1491b257fd19bc94a57b,umbilical cort
ee7c66114e8404b118ff4d877fb79c40,"pregnant, be"
e14ee945f77006035a1d0bf870c82284,"born, be"
6e9f9c65f0110e4e02d9456f7b9aee6d,snore
2457c7ddcaadcf48353d27540a305581,spit up
6ebc5cdf96b05e151afe26a34d4a6918,The baby spit up.
1b52f7d4fbf788d0780e5442cc9c4958,it's funny
751cb93095a674951d147ed282f65cae,shake something
040ef945407327b9b2afdf1f0600f8e4,Shake the treeǃ
5721db81ce8148c8bc48d1fb4eda4b35,shiver
d4fa175c11ca20064efe64d93cef1694,"sick, be"
a589eb1833ef0c06305e0e3b3695a560,She is sick.
97791d6cfeb95c86167fe25fba56eeb3,"numb, be"
61fb3faff8da33e16ccf3ac2fec4b4e9,swell
8ffa6258e7191e317a72d8fa3c686d1d,hand span (l. Tangkhul)
6bcf4d1d6c35a2eb2e3108c85ae32f05,fathom
ca4152fe6cdd26b77be8fde30204524d,mind
3a5ac5c536e98eb49f3c947668484d11,(she's) thoughtless.
f798e7d1599757c2b1c77bb66299ad1c,feel in the heart
914797f36fcd9b226064275ff5d4f259,mattock
3484b0675f04442a90fe94de61424671,sticks for weaving
8c670021b32ca1c3f384081c662ba39e,"basket, head"
dbd2d321d7f446f1589a2575b7df3aaf,rice basket
3e0f93ee5d32050d1d1e663fd0f381b9,rice husking basket
379e86ff8a80f711680f9fb5d4b9560e,rope
50cf19912960f65490b334ea9c196eea,clothing
b9d27d6b3d1915aacd5226b9d702bdbb,cloth
46b5e59b2fd342bf8fee10c561958725,hat
b24f10fa4660ea38325b120a77a07f99,blanket
d606597152655607becf585699e252a0,cooking pot
76ff960d012fcc9dd4507fb463ab9087,water pot
904184769ddf911ec8537e31ff037d8f,tongs
992df610cee4510846565426fcde40a8,bracelet
683eb609607a439b0561dcbb4c8329e8,song
78a5eb43deef9a7b5b9ce157b9d52ac4,price
4ca9d3dcd2b6843e62d75eb191887cf2,war
6e27392494718b706aead66b6053c821,corner
0a10992d3f14642811ed9bffc44d30a7,light (n.)
a82fd95db10ff25dfad39f07372ebe37,dark
630196c27ae023d0c2377afad332e13b,noon
7436f942d5ea836cb84f1bb2527d8286,month
unknown,
2b82477bcccc369d9d8ed30bb1200803,frost
5c7686c0284e0875b26de99c1008e998,thunder
08238953fe0f6dd13f10714ebfbcb9f9,lightning
5b71518329fee780e81e513b3812dbe9,burning
b715d5ea6ae92a656e56ecd04eec86a2,burn/be on fire
cf6c9df68ded66fc2c9d509d76ae22cc,soil
f06d36bf2973e6cc02551993e8eb6a04,moutain
dd2921cc76ee3abfd2beb60709056cfb,valley
1a3161e2ddd0c76177d617fa103d8453,thirty
50c91a1c1d28b21c7adfaea39f0aef61,one hundred
0fdab9a8e5645f409036850bcde55bd7,one thousand
7334638b991571f7dd5f0727a8ad0f98,ten thousand
8b0a44048f58988b486bdd0d245b22a8,person
39c63ddb96a31b9610cd976b896ad4f0,man
32c40257cd6b718bd815916f7ee69805,"grandfather, paternal"
95d81d92a91d9bcb752344c84577fe10,grandmother
b612706cc4ad21bda5c0a231ab6cb394,"uncle, older paternal"
f5486120f6ba826cadc01fcdd79ad8e1,"uncle, wife of older paternal"
f8954c14d772a272098245bc2a26186b,"aunt, wife of father's older sister"
8c8c3b9500e375ead8324e0ec691449f,"uncle, husband of father's older sister"
a47b222e2f4df6dd3edefc5cd8d2ada2,"uncle, father's younger brother"
8ca9a045ec01061a847792b81c0e4ac7,"aunt, wife of father's younger brother"
0d9c6957b928ad9884b198a989b33163,husband of younger paternal aunt
e7b952d478b2969a951edde46716ccea,older maternal aunt
e594003263a7c086ffe38b6ba8a1e13c,younger maternal aunt
82dcacc1199d3780985d2096fd6f38f4,"brother, older  of male"
a5e8504a37e260afc9880f89c3c47232,"sister, younger  of male"
2f9dfe0a3071e637dde5a434fd26b9e6,"brother, older  of female"
27ecbd0a1b6e384350f9bba20d66237c,"sister, older"
9a7fe2518fb96a46a0ce1c11897d0328,"brother, younger  of male"
66b4193c5f2d87dee193262e5366b3fc,"sister, younger  of female"
c97da3b323a73d5780db812cc8fa7b27,grown son
da0b1727dc7ebd4c736939978fa803be,grown daughter
62a2b695345976567b7572035c6afd41,daughter in law
3af00c6cad11f7ab5db4467b66ce503e,friend
cde2fde1fa1551a704d775ce2315915d,enemy
67b3dba8bc6778101892eb77249db32e,host
f2c452215980450a605de36b471d335a,I'm the host.
084e0343a0486ff05530df6c705c8bb4,guest
29d3181bb79f9a3cbab286451da495bf,little baby
c08c9a09d29c504ead2d93dc31f1d6b9,"little baby, affectionate"
2e85a22d0ffa063c211acd8f34952360,adult
392905592df7350fd9f4211786f31dd0,he's old
8d788385431273d11e8b43bb78f3aa41,teacher
cd73502828457d15655bbd7a63fb0bc8,student
eb2d176243ceb173dd7763b3c5e91f94,land/country
9f05ab40dc98c76b5d15f7c2d7e171f8,village/state
0d3fda0bdbb9d619e09cdf3eecba7999,family
14a6e4197ce03ec73e5e255bde949448,your family
80dbf87f21babc680482e0b37bff584d,chief
72545f3f86fad045a26ed54abd2bbb9f,queen
94ad65c857e0770484fda3df41cb053e,"chief, child of"
5c8ad194b0f0302f5a8a2c3bf502dcb2,orphan
c9ad31e5740747285dae5c168715d2de,widow
aeb9573c09919d210512b643907e56b8,God
ee2433259b0fe399b40e81d2c98a38b6,creator
71144850f4fb4cc55fc0ee6935badddf,ghost
19925107eb5d43ea9cef9d625fa21415,dream (n.)
9ea0a36b3a20901fafe834eb519a595c,plant
fe4c0f30aa359c41d9f9a5f69c8c4192,seed
33c6c2397a1b079e903c474df792d0e2,bark
54c9d645462eec110cb822b9be6a9056,vines
793cde7433522e7d899101b0fb637818,chili pepper
f3e6b791dbf9c5f343bc29e3f8f8b4c8,mushroom species
ed4e41bf121f211e3861e43106a95ab8,1du
9245fc6d2fd5c29402e44e66047f7640,2du
0da830bae3ff9265ba76ee6dc7215c62,3du
9e925e9341b490bfd3b4c4ca3b0c1ef2,this
21582c6c30be1217322cdb9aebaf4a59,that
bb0b227b18124e618cf4fc2acbe28fc9,1sg:refl
758fc2a40f9429e5f34259dfe445370c,2sg:refl
08bc127a48da5548c80fc6d7642f2c45,3sg:refl
f945f0826e6a9739d119c0e86a91a296,oil/grease
c83334b192ded46c29af2fe91ff2f10e,stand up
07c32568f84eba49f7c8c058adbb719f,break (v.)
ea27dab27d8786d6918b3fc630e5ac73,easy/cheap
06d80eb0c50b49a509b49f2424e8c805,dog
7a4baa2ac1558c5d7ceeb5537c3d5dd7,bear fruit
251b7e3c3bb5534a0d3a5facdb5652ea,Come! (imperative)
5d5a2218a1a21046c3d52ffc4666ea8a,come (v.)
b5c7dc2b045c19bc7320e40c07637fab,come back (imperative)
e840b644a24c36156af59b8266187f6e,enter (v.)
d9b206840f563b7b4a5b8b056cb40b32,exit (v.)
ffff57b7c0496aaf078506fe41e78e86,exist (v.)
b9ecc382c3638d5f4be9cbad6fde783c,start (v.)
c6ee295ed182f8292f1b7f82f09dd7c2,finish (v.)
8bddcbd356c2fd961e0eded3181e1181,run (v.)
7895ff9b9a5671831e32f4a0054fc689,hide (something)
f937b6b933efbfea65808799ebe17993,walk (v.)
b5d1d3e1b9a0337a516e23c533f1a8ac,fall (v.)
55b9bd79153923cf6615456a35cbad99,dance (v.)
5298c8880cdda933d4a227543a94d14a,think (v.)
2070b98253c84dfc260ffd9b3e6bdb8a,want (v.)
23b919d6bd665b9c43ec427162af5482,want to eat (v.)
be90b9955c92e18aca64cdbbb9be858f,expect (v.)
bc642b83f5303488e909c6303ba6fb99,accept (v.)
3a3addff5e0ccdd6eb05814af7491679,ascend/climb
ed45840f6a6415ca5eb50ae607e9449f,ascend
7165e8dc4c24ff63e12d37dcdd451931,descend (v.)
3383e8b3026c0621a38e125ed740bf3d,do (v.)
321aea43e36f9299f4851a03b1baf67e,I want to work
ec1aec2ea0a14e94caae8fbe5048270a,"help (v., Tangkhul l.)"
19df6739ac704773ee66ebaba5779786,help (v.)
2796909e2db626a58075969de37cb114,give (v.)
0b1af20c833d8240f4f2405ffe4ca229,take (v.)
dcf0df2755086f5933705c2d9273e973,put (v.)
f2e1acc419ea4149a7b141e952130265,steal (v.)
8f1527121a21e4f8887e8624a613f96b,hit (v.)
1cfa6151ecd7885fa5154848c82fe867,kill (v.)
e7cab98b1af98bdf7df6f31de7c091bd,cut wood (v.)
decdcf61642f600bb302c32d532b935d,adopt (v.)
db75fa9d03cf63e6e4f2979ba6e92b09,cut meat (v.)
da489b2fab765d2e635cef16dd801df7,chop (v.)
09a1943df92763ba93977044fb52862a,burst (v.)
538f7ff41bb0e47ee3e136305a534e98,cook (v.)
0e4bca92420f9a0c905227471ff4fab5,boil (v.)
37fd60c0373ccdbd8843401624b8c0e9,fry (v.)
cd185b13f27fc37432979dfc9f1414e0,roast/dry (v.)
3172c5f1c60fa6375bdbee72b38b6a38,toast (v.)
7a3bb0d526917e8a080f23bb17603c3d,slap (v.)
1c5dd7d494fb3dacb6eb7625d887f00c,drive (v.)
1847e6288cc501c5f89995a59935fbd5,drive animals (v.)
ba234c8d04d18ac3a7c560c0d0db4223,Drive away the dogsǃ
4cfc69e2b55c1e13cf7b0205667be825,hunt (v.)
9d27fb7f6f373a6cee6a29e7c64af887,fear (v.)
5924913ae0f775757578a016345c0d41,frighten (v.)
93a0851b7c47ebc56e0c1d3e22b1d3b9,soak (v.)
dcab87ce57b56a3fd944a8108abf634c,sharpen knife
dfa62538dec537cd07234f063e1b733a,forget (v.)
c91207db246f67fe00605338453abcd2,kick (v.)
9110a0cb98fc210e3c3e2629232bc8f6,kick the foot (v.)
d255ed7778d3f06201b91208af20fbdb,rub (v.)
0216b8342fe7c4f1c598e82430ed3898,brush teeth (v.)
7dfedc4e3a0ef754546a2c84b4dad6b5,twist/squeeze (v.)
a9e07b69ce33ae7f986e34e2b3ee6ce9,knead clay with feet (v.)
3103a4bfb932b5a3d2699e958b58ab50,pound (rice)
7bb74f796d6744ec6c50fbe5cfdb02db,crush chilis (v.)
99be1ee67a0137092d3d112c0620c552,stay
40cc08a3773480743a05df983a707040,sit (v.)
501e3092171c322afa23d0b261e11265,be sick/ill
c6ec1bb206e0f89e1798208abe061ae6,get up
a2aee33eec3c1c2fcb191358d34c4fdb,produce
fde1b2408e079705cc832209a0fec478,carry on head
4bec71ce1d9c83eefd58ba02efb87106,the crowing of the rooster
fadfd1f17f8cfe2a199f97085b2171e9,choose (v.)
24ad4777a93f8e74e7347c138328cbe4,choose a girl
9a2445f54f664e6a218641b7fc11ab01,choose a nice girl!
c3e67651e050924f1d70f7abb53c5390,release (v.)
231699e784b3ca5af4bb9ab0c33f1b45,arrive (v.)
29b6f547ee2190dca24c8f319c2c8563,sing (v.)
dd4136167391219cbccd947960e286d0,touch (v.)
204d9b3f15c52057071246d3fa05d08b,spin (v.)
38a7cf539f339abe318c08504b1f3ba8,"naughty, be (v.)"
f65b2f8210dca1dde5872dceb369ad0d,wash (hands) (v.)
1e3fd7c2160a19080f3e8b68c2b6df30,wash (legs) (v.)
a924deef2e2ddfba4e0b58fcd28d5f3e,wash (clothes) (v.)
e4e3aa8cd75951dbc424f444818d2b20,bathe (v.)
654fe22bea783e9c13017029f91c95df,tie (v.)
a1f5a7c2237ed4774009fd10f2b40632,untie/loose (v.)
a23222dec46b99f00bf2f0f86f6aa0cb,Please untie (me)ǃ
989dd0740007f144b21dd5d7d8ddabac,scratch
35bb7ba53b24e077c4cad99175847b9c,scratch an itch
31ea325267abf090eadbdb72e1f3a4e8,Let me borrow your money.
aaaedc9b906cad6bcbbf76b2c87eb78f,smell bad
c0bb722d28c628d3066cc2264dcc7c87,hurt
47bd0bbd140ec0215a11f9a18c0bb495,My hand got a cut.
18795553891c8f7b7cb08e54dceccad4,hit (target)
0d3d238b089a67e34e39b5abf80db19b,rot
900b1a1639e037fb0fef23bef6c0d60c,decieve
be1ab1632e4285edc3733b142935c60b,like
4f09daa9d95bcb166a302407a0e0babe,short
349e686330723975502e9ef4f939a5ac,closed
1a8542a8c583af747b5e0238f007c341,difficult
0a8f1cfa7ccef8df84638a6171b07aaf,shy/ashamed
a466aaf0ad07726f60b6c5872965c62d,You're still young.
dd394e990f8a2b4a2d5259eb78c4117c,he is old
6e6b4c3e0cf36a53865be47ffac2a057,angry
d05f031fec1784d54f34a49efc47cbc2,early in the morning
dfc3387dc9587269616c44351e860668,ugly/bad
293c4fc498a42f097b50e8192b5fa24c,It's not deep.
93c7202c0cd1380972da5114abce314e,clever/smart
fc0586aca6e42cffade83252446d0613,stupid
ae404c275963623481f9966b2db38b08,good (morally)
984d023780462ba30b9bce410820d42c,bad character
cc24e5bdd46979cf569fceaf013b9fbf,not correct
f68a5ee86e94fc65d8535eb5c985ad9f,incorrect/wrong
4a9786e5a25a157f193a1f00a2ec65f6,This banana is soft.
25fcc9186559ae986f73ae5c463887c9,temperature just right
ca5b6de33688dc274ae4d261323a4cb9,very cold
a7887cc809cf0d4df17fc5dafd03e4e7,smooth
b9abae541b4feced24227b5e08f49dd0,slippery
9f069b8189d8152248a40bfd1b42f8f2,not heavy
31d4541b8e926a24f0c9b835b68cfdf3,fast
2c96875bd16326d3e788bf36c31b2578,Write little (don't write too much).
f279f7725b233055488b02ec4ba796f7,comparative degree
8dc63362d68754954e15736a85295134,more than
97c8785b6fba62b101c25a50f06ff2f7,Follow meǃ
e9dc924f238fa6cc29465942875fe8f0,full
e9fcaa41fb3042a4cc82833a48e3ff50,itchy
0a0679778161b558868da0ec377a50d7,"know, see"
fe4f3324b12417d8751bc550abd0813f,"sleep, lie down"
a8c28254146cdcb02c6540e2478b9276,sensitive to tickling
20a6f30e93c39155150cc195c6c563ab,"climb, ascend, up; do in upward path (postp.)"
8fff9eabc75f3eaea454596f513bc40d,"many, a lot of"
aae6635e044ac56046b2893a529b5114,little
ea490bcf40a4c5075379b839882ca8b1,"make sound, noise"
47ef6ce56fae91971602644723a860d0,alive; + phaa 'be happy'
2427f3a81d0055bb2fee171d9256da6b,eat (e.g. rice)
bbbd59fdc9e7d054ade885d36603a31c,long; kà.saang-kha 'long time'
a53108f7543b75adbb34afc035d4cdf6,run
4554244d10beddaeba692733d85f46f6,"grind, crush"
3f9e0722762626d8a5e6c4c4a9209093,"fly, jump"
d702d98849f5aeb3267be78b434391d5,"weep, cry"
34d1f91fb2e514b8576fab1a75a89a6b,go
81b63b9d54b303edeaf9765a6915ee13,die
8ed984ba1b82fe0a6d874bcde97e6e80,"blow, extinguish"
731b886d80d2ea138da54d30f43b2005,join
b9770ef6654b51dc77d563e37c90af2f,too tight
0592b4cc9512e7e0822af8835133ca4b,"be close to each other, be near"
f4d3da2d82c7e9a73214bbdfcc350f5c,"let go, release (cause to be free)"
918634f9410d3be95b2c6074f18cc62b,flee
2f9c691594932556ef427450338a74b7,ill
5ed96cc024a3b94bdc919e9930b73b62,"fear (& frighten?), be afraid"
be161f23445ade1099b79f1135365876,lightweight 
d938ad5cbe68bec494fbbf4463ad031d,smell
fb190521938fea603e2fe80083c90383,wash (clothes)
01a71ccd004cf6c64a41907f24cdce6d,pinch
72087adb489a2eb5c5b22035626364ba,cut meat
bef76688e7c8b5621d796734e70513e4,loosen
b8be7b9eab6586b9a5e2dcaac2c1c9f2,wash (hands)
9df78a628d65092f5412c2cf839b293c,"emerge, exit, occur, happen; do in exiting/emerging path (postp.)"
b303f19c35982f9ef8fe6ea4b75040be,sour; bitter (person)
b778e9a7588fa49250428a599cf59f97,tear down
cabd2a6292209ad4e138f4efb1b2828a,"awaken, wake up, leave, sprout (plant)"
8070ada84e9e4f2149211f6830e2ad73,very heap
dbffc903e952262daac75c71173c66e1,"sew, stitch"
8d457dfa2d5a853681f3dfaf46722972,"burn, ignite"
53cde8f27b1bffae39fecf1ea9b8cf15,fall from height
eea8518c86743fca4fc1c24c3dcf21c1,rice (sàam?)
5f28bb24a7de74b914b857430681746a,"animal, meat"
fc35cf12105a625fefb128af93563c81,rice (in field)
0af5e81185d3c9b7884d3c1f2dad3e1a,rice (cooked)
03724badcdcfeff39f2eef6b93a63a87,rightside
32589a7917a80867bc2a6b78b955deec,ant 
2dc6e78c3c80404f6043bf3017d2e7b8,hair (on head)
3b87e9cc82ea9c6c2ac7724820292654,"plantain, banana"
7973317bdaac700ecde1732199a4de51,leftside
8e68bd2a91bf7034630fd3a52f7d6a2d,egg (hàr 'chicken' + -ru 'water')
6f3a034bc0c7ba28f191bda6648fe8b3,fat (of animal)
37ba5b95358189b42d9478baece9cf5e,fat (of person)
3901b90b93a2b675e5c6f57266b110f9,"foot, leg"
72812e30873455dcee2ce2d1ee26e4ab,rust
e2bbb098e9f3c4367dd6121e90df7ab9,beans
3a90eeb9b16640a98c41091237a517e3,ashes
5e8820b3ecb1e25df5bf40cc852e61a7,be(ing?) fat
b593240e26a809633fe8d472782a9ed7,cloud (mwìyàà)
980586f22f4e277123edcfc60be60af1,"bow, arrow"
9603a224b40d7b67210b78f2e390d00f,branch
8c605327e061352329fc3724c2efd7af,"grandfather, uncle"
23b7421b14a826042496ee3b8febd349,"aunt, mother-in-lw"
4dedc6d4026974109fbd789c7f92e801,bread 
be2e8a767d4b9a33f42ba0eb5e89861b,intestines (ak´ri)
f02ac20fabd892a86fb42eff8b88bd5c,"mountain, forest"
09f72b895ee67a014a708773e8f9501e,snake (ph´$
50d48c9002eb08e248225c1d91732bbc,horn
c90b1198f689dd950d51142e65a44c81,dirt
aa6f1ae52070735cb72e4f297360792d,hair (on body)
4b8e23084e0f4d55a47102da363ef90c,spoon
41d0e299ca1abeb2094852da042165c7,cover
c052784c232607d01ed23dfb540573d7,older sister
5589981e31c4aa2e4034c2ac329ac25f,shed
9dc69fba13e184702f7e2b146b4de8bc,night; ngà.yaa shong 'at night'
4f2dfa63710073ec7cea174e0d46db78,"brother, girl younger  ML"
10677a4c4739f6b9ec7148ccb53d3818,brother older
57407fc2e0cc00b11694dce1700c2c1a,peas
e9044e2a0d58ba57b78f803151713573,juice (they 'fruit' + ru 'water')
3c68cbe461787ba38509df85e731f1a6,road
2a3f1166b041928019e4e8718d628665,ship
9f2b3d7ae6db4362951439127e891b64,knitting needle
c5ae8d17eeea1e97fcb9f33f9f443662,"book, paper"
a09272b53419ab95507cdf127329336d,chair
f97c5d29941bfb1b2fdab0874906ab82,one
1cfd0c7930a0cf5e05bd076c9dbe051e,seven 
2a93287715a475dec2df1214fc4afee3,skin (human)
e5a9a10679949c1a56a91060625786a3,animal skin
cc3e5483329c530c9edd91d71c707d62,saliva (-co 'spit' + -ru 'water')
50f9b1fdd453427b556c93ba84928d58,plural marker (noun phrases)
105298c625eff8023057c1d4f363abe2,over ?
e85454bcf48f4e771ccf784312cf38c0,"this, these"
0d97e7ea4090c72a06d037e5b7872e29,"that, those"
106798e6e5b26dde13e1e3d363d2c81d,"hour, drum"
f3fbc2a8c4aad7e3a241ab6ca912f404,"perfect marker, 'already'"
ae043d810e6d95e223b50ee71f57def4,future marker; also used in hááy ra as perfect marker
c386fbc99b3c86538050e4936626ed3d,honorable; ch. T of kà.ka (cf.  khà.kaa 'climb')
f42d6136a07519adeaba20b75074501f,"brush, rub"
f2842c744272a19d3718c99a23375198,borrow ('take' + borrow/lend)
b1906a4650911faac47ee368c3b70a0b,lend ('give' + borrow/lend)
2a44b184f5f59aba540f36742942ea84,owe (from Meithei)
81b53456406e6ac9fecd1d69faf79a41,lean
a1d4ff44b5c98492421a029aab3eeed0,"want, desire (post-posed to main verb)"
6b06c9112866bd0b4008c27b478669b2,"want, like"
9b21a665a68a5d320a99b348c9727243,"must, definitely, for sure (postp)"
1e3110cc42d3f27c35cf55459d7b2309,"be able, can; might; be easy; be cheap"
af94e76f9dfb89ac6ae5fdefae1dea6c,"rise up, wake up"
1fa3d555097eaea8a54f7d9241c54fa6,fall down (check T)
2c0857ad0f07bbd9cff6d57ac2a7cb00,"hit (with stick), hammer (get tone)"
79d89d2de5231a956b6aa7b1f2a99472,with difficulty; shay shì kà.hay 'be difficult to eat'; cf. kà.shì 'feel bad'
97c9f8f17854f157696e1c7ae0dc11a7,"unintentionally, by mistake, with a bad consequence; shay tey kà.hay 'eat unintentionally'"
b259e0d69868e795a43b4e2b184801d1,incompletely; shay tot kà.hay 'eat incompletely'; cf. kà.kà.tot 'rush'
4f3f5e7e53e7e9cb999cc34b3f0b1c3d,"feel bad, be upset; be difficult (postp.)"
0e609404e53b251f786b41b7be93cc19,hate
179bb91649a741f114a73bce95bc8824,"too much, too often, very much, be extreme; shay nàà kà.hay 'eat too much/too often'; húng khà.nàà 'be too red'"
d8dfe4050ce737c154bb404985303c71,"exhaustively, completely, all, everyone, everything; shay sér kà.hay 'eat completely'"
7c6667b5cf18bc479bbdcb39dff16518,"a bit, a little; shay ráp kà.hay 'to eat a bit'"
e4b5662f1d32661a2fa848d23729c790,first (also rè); shay rì kà.hay 'eat first'
45d2a4494f987b0af2f71ba1c11776f5,first (also rì); shay rì kà.hay 'eat first'
44f32cf78422007ab3ddf9c9217d8e89,be first; also kà.rì
b550cb15b62cff2f59233cf986d1e9a1,be first; also kà.rè
e4cae1918e9af882a978ffaa880f965a,"excessively, incorrectly (postp); shay laang kà.hay"
11198b294adbcf089f9d27990258fd22,increase
2f6aeec582e4a3966888f3b5d1f7e1a4,"for (benefactive), in place of, on account of"
ddc44c862de336c4957552fc183fc931,"beat, hit"
c2c318832fb5cda55a0c522853d3a216,make to remove grains
2e2f5b37ef2f410d6f61665798ec0a5d,plow
6bfcd9be5a0f82e855fbae043eebce9f,teach; check tààm
6038a1557607706ddf036a7b8c346009,"rule, take care of"
09353387931db36c8af0e1b3658ddffe,feed
816585cd447e8e3df23d5e2ba3580a96,"gather, store, pile up"
4c51b6b72bd3cb1eb83e9df659795ff4,"cause, make to do something"
35d7c1b4fc76097ddb702cd138e28bca,shirt (one root phàhon?)
299b4eaf40b9afdf388442f33f787694,"very, intensely (a color); húng shi kà.hay 'be very red'; crimson red"
de84d4741c7dcc8629d5d1242f63eee7,"speak, say"
2173fe926ab122576f224a857dd691cd,"take,  carry (away) ('take' + 'go')"
a63611b0998247422b64e76687c59628,bring ('take' + 'come')
69378f8c051ff8c5686c002e8202208a,speak
959b7175f88493905e3c324c2bf6f97d,throw
2bd2ac97465301c418658db967584884,stop flow of water
8f6147f62c63dff6a9e2324c04a5b501,"child, baby; pl. nààw shì.nààw (cf. 'woman')"
b68aaa840a73e6571480241c76bac0b7,"break (stick), intr. (tr. = saa kà.tek)"
2541d938b0a58946090d7abdde0d3890,send
eac9e8dd8575f4c7831f1f6a72607126,yesterday
bf5d119f841b5ed8480ded8dde16f851,last year
9726255eec083aa56dc0449a21b33190,money
855b0f0b729c1fb321a82add21ce892e,envy
b430670f540c6b2149804ef71dd0fbd7,"add together, together"
868ff678982a6a379e116d4affed4d56,"bury (person), perform burial ceremony"
07a420357eafd0f0c1e5bdb73950d061,meadow
eb64bae45c180ccadeb845ace8196cf1,thatch a roof
63712a25d63eb8793112cc6dc2641526,dust
05b8c74cbd96fbf2de4c1a352702fbf4,window
0f7f4fc1ac21e54703987d8f6182afeb,?? p.39 of my notebook
53d670af9bb16ea82e7ef41ee23ec6df,who
4a2028eceac5e1f4d252ea13c71ecec6,what
d99d0762d8cae8f9a187fb41307a1060,plural marker; cf. khì paa long 'who pl.'
505379320f7d8311c4d669d13da31839,which one; pl. ka cì.pìng
5fd7b43e335ec37d0e6c929aa2b149a6,how much notebook p.46
ad2542425957a89716f86555e3dc23c2,show (cause to see)
098657248279482ad9409b7e4eff628e,WH question marker
b1193a0ab1bf6188fc7b7a19daef1d15,WH question marker ? p.49
99632a00c5ee6f97591255f1a111b52b,which (one)
2df343555a6c62e2a6e27cf310741222,pile up; a lot (postp.)
ff3f69969bb3e4f373345fbba99e9568,"look at, watch, see; as postp. experience, try"
97bc592b27a9ada2d9a4bb418ed0ebed,now
c073f7469400f43abef1d451875d6fff,"just, as in: aaruy cang 'just now'"
d0cab90d8d20d57e2f2b9be52f7dd25d,next
a218b8645a069e72c1c73258bb29bb29,"must, should (postp)"
632a2406bbcbcd553eec45ac14b40a0a,after
c23946c050885b2de6860f47f2bf6787,tomorrow
dee905778f8cbe2d7ebb513c15f00b50,"read, study (ML)"
7e7aac930123145f5f0af775ca3e1c58,maybe
d1263695c8c97763e6a79de61adf18f2,"up to the end, completely (postp.), e.g. sing, go to the end (of something)"
6ed47a47c49d121a2b244f27398c0f69,be wrong; incorrectly (postposed to verb)
755f85c2723bb39381c7379a604160d8,good
7a8427e1e47181d0ff6c9483caf9a1b8,return; do from opposite side or a returning path (postp.)
7fafb7bbdd2d0fee1ee3d0d42ce75d23,"descend, go down; do in downward path (postp.)"
67021b6b54261045f71fe6af466b8c7c,"enter, go in; do in entering path (postp.)"
b9517c624bc9f6306d5df92d01cf8a03,with; wùy éyna 'from'
3971d433fbbd340dacfe5e6cfc2a57ab,go in circle
55e0760df1f7d661c6124f76cd0e31a6,move back and forth
591e7cbf5df55a826b575da32cfc4a65,"turn (knob, object), screw (tr)"
3b63de33dedbc37e4f8fbb0d2a242911,turn around (intr)
c30163615770c8b2b8873288e828de41,outside
f8c58938c3a70b608389be0622b9ce64,"have, possess, be pregnant"
c1c16452b04650ea34d1463da2739f3b,market
251f5794de89ea0e31066e24dbeff5c0,return (sth.); cf. wung (intr)
81cd9dc2fc2e2f5aba5c503d670d0bb0,leftover food
f1e3a86c3774fc40f9cb32ffb4db9028,"return (s.o.); take someone home, back"
13edbe8b95261c3a88680818cace44a4,lead
f4393c6d6b4b9e3b76e47390e61deb98,question marker (yes-no)
7239ea2b5dc943f61f3c0a0276c20974,tea
07cc694b9b3fc636710fa08b6922c42b,time
30c838863761cb5bff64a84a8a8db7d1,should; i paa kí kà.cì nèy 'I should/am going to read'
efb2a684e4afb7d55e6147fbe5a332ee,write
a3b34c0871dc2fd51eec5559b68f709d,play
14c2361935731621c2eaa9d0f1a63a1c,still; àà tsàà fu ta lèy 'he's still eating'
59615479fbd519b81d53b9ecb272deb8,"habitual, still ? "
89a489d281af671c4d79d31d472805c5,leak
e797b6a4680bcf09347328a97fc58001,very close
4e14225f6653afc0b012e4e1c7658e6e,carry on shoulder
30b47e0f2b4803de8f10dbb620ebced2,wild (be very wild)
0e538369f1f5098e653df1ab05d6b071,"stare, look sideways"
fc1f7e9b1b3c76a4f1d8963e8775b303,move around
052fe4b82dbc39d4f1dfb0f4f831908e,"tuck sth. onto body (flowers, feather, pencil)"
b3be264f7bf68ae650e4c45a3d605ec5,"wise, learned"
50738774c364be17d48b2ae02c325d6f,fry in oil
9574c0bf368d860c5bf5341a4176f028,eat enough
ef67824f7b1457ab3c7b539d745025da,build a wall
88412e60c6640975f65423f09e03413a,"burn down (jungle, house)"
ae9121ad0860c251ff3c565654b00abc,gore
72300a69ceec777dba8d222c1f3f2933,wake s.o. from sleep
cb9d3406f28f943b9ee017c9b7b73141,marry (speaking of the man or woman)
38d05e65a44270fbdb0fc1427257be1d,arrange
1b98783f4ec19b70696b28bca862e15a,sprout (plants)
ea20250059ce28f9e72d99767da85bbc,go somewhere before sunrise
9b7460eac882a9cbd655beed4d9902e8,"fast, quick, come before time"
5fda296fae09bb15612f683c87ad1960,"fine, be (small particles)"
a06f941b835d524d4e19f5b6f1f32b97,"old, used"
9adfcca0831e1c99d147bdd3a0107f10,"sad, tired"
9cc2500e4fcfaeba4302cf34e6083aba,"stop (sth.), end something (e.g. relationship)"
2a73f32651a7d44341737e3c67b5f281,"stick, sticky"
69ff9845b681ad2991167c2cd3bec886,"be a follower, subordinate"
c5738dc9da43aaa7157ef1e677c33dac,mend
b9bad25e6bd8b4d6a58243126a17d011,really good at sth.
90ba4067ee3e08fb007fb11d07bb411a,"press, stuff, push"
d78962bb6bac3c305fb61b4d6125dba7,spool wool
3c734fe4bc1b0843bce8615b65e71531,oily
b00c0d8624564256e0e251f262935224,prohibit from doing
56ab24c15b72a457069c5ea42fcfc640,happy
fef19990f39336025cfba09f04cad7b8,male's younger sister
105832f82cf073f4b2e8823ddedd4274,"water buffalo, mathun"
c548ea990e910339a122aa466ee7f971,corn
68ceb9329374b9675f5f5d7a483d8cba,put into; become more (postp.)
23eca425be75edf77db65f4698929da0,and then
6efb0c7d1cfd5a314a0dbc56c1837042,imperative marker
c47d187067c6cf953245f128b5fde62a,word
7f28762d9207782efd294b8c109323a2,step on
2636a4db8672549d9206d9267fbaa5bb,stab
59898171aae9430b2915ebd418a42a5e,intelligent
70807b4995a9cc336754970e8497fdf5,"be skilled at, be adept at, well versed in; be enough?"
c7c683c01ab99e6c8d919d53167a9a76,winnow
64a62b425e8f80a92c94ed49190838a8,slightly
817e2b1df8f30b873b2349a50841238c,glitter
87155e1d6fc5eac5f4d803e76b68ecb6,lightly
785a143226d95766543dd6c0e59f228b,hesitant to
a28d8290c95c784df0565842f54a722e,be very
a8edad01f346e0e891736a720ac17b87,be worth
e31c09167b18cc39f9d1563cb8b9370f,"sit, reside; do continuously (postp.)"
dcb59ec381ecf4577f23a653d5c58dcc,be accustomed to (postp.)
2cd1c6ecec2c6d908b3ed66d4ea7b902,study
b063c1b92eb0c8962826f6c78395fc66,slap
9c7cb20d32f99487c948851175010928,brush teeth (with a stick); scrub clothes when washing
ea16611247e55e5fd94deb54a9465fb5,instruct
87b0a7dadfe4ea515661460f8c5fd4b2,"tremble, shake, have epilepsy"
651a5bec8a61bb5867cc270c8ec3c20b,startled
60905580c24ae0bea4185e0c97931b00,accustomed to
2dfc97e5e093b4b339ad510433d2e9ff,naked
7466d39c926c5cd458d40384fa9b4138,"intimate, friendly"
44b3bced03fde5c66d865a76f933fca1,spit
cbab2b0ff9a8a5f7b39084060eef2eda,gossip
5d26c6bee62e034a9c5d406ffdb733f0,hold upside down
6dc59143bce8a84df7e612a3175f51b7,thin (objects)
b65a68379aa7e4e89c71333a13e20d1e,"reciprocal (postp), each other, together"
d3646209f2fb8ed588efac442fc8c099,fight (with one another)
c159f620b40f3fe446c430d90068148b,"collude, be close to e.o. (like friends)"
90a32591f206712576c09cf1d8e8ed25,shake hands
be07eb0c85b593e709301bd12d60b5d1,be careful of
233e5a1bdbe82e80ab75bfd5f43a34c6,survey from afar
0788a6922bd5f9f130e7ed8980193bab,collect
555286f47c4bc3e63d70adc59800b6f0,give offerings
bc888bfa34cce88bd4f83ac51ee1ac4b,have a funeral performed
ffac439f4106f7276b6606d92bb1e5f2,send (cause to deliver)
efb7b7f1116ea618f62c57ad15771d5d,"exist, have, be"
a881ed364768ac0d77f85c2e07c63217,ask for help
eedb72cf263463f7ec5bc4b15ce09141,poke
7f7111e030c4172b1597edcb30fd6fac,"break (pot, glass), smash (tr & intr)"
ca806c60a4c71de1251a66496a3fe01d,lay (stones)
441d118fb334cc6f621874f1a66c20c8,fillip
ff38c9e9177f8e1093fd5acf5aa905e0,"movie, picture"
d81e8213797f23651cf57e59b4bd8da0,devil
1679e0390fa78fa10fbaaed4945cab9d,shout in singing
0f0a530c8045e1affe36f4884cda0a4f,shout to drive away wild animals
31eb4f15cb679f8ec81d3be7b760d5f3,persuade someone not to do something
57ebd420aa4062bb5170aaeeb21d760d,have breathing trouble due to crying for a long time (baby)
bd3481ed86ac1b830ac1d3e50676d1b4,drizzle
1f871e43f71328d3e350520a8a8ab479,"ask, order"
7d43d5c37269d02bac69cca17f187509,be magnetic (iron); sip
0229309401e06d672681b07daefa1d0e,"into pieces (postp.), e.g. mà.kéy kà.kà.tsàm 'bite into pieces'"
c6ab94ca2bc561e5e30dcb6737679259,expose oneself to sun
644baeb916988b0f3410e821df45fb33,for sure
0d1b08c34858921bc7c662b228acb7ba,???
e7f4f8bd246c235418280d1f124e14f0,rich
a57374ab24c8d283cec45b1de485bee9,hi thààlaak è 'is that really so?'; does not take kà. but can be conjugated
2f71d75620168a47da0bec5c082455e1,tree; cf. thing 'stick'
040445d23df15c59108ce9343b4d2831,wrestle
7284392cc292c227408dee01e3d1f545,"search, look for"
8f7f10575bd1e39ac8cdd827891a463e,this one
ea466148f58967d9f9b461547294be55,be far off
afacdb0a401ccdf6b48551bbc00e8a74,large
d6091039f22d34bed192e3b5faae7eec,burnt (food)
ba535ef5a9f7b8bc875812bb081286bb,jump
07f3efc57664f6db41e93a7944da4834,bottle (from Meithei)
0e39eb40c17d67ce6256602cdbedc88e,rice field (in the valley)
d0e22e456c88bbb3a14431e77929c0b3,big'
ba93c22d17d238b8c1d2798b0cc36777,"all, every"
3c662391820b960607d3a1407cef7f5d,"be like, resemble; cf. na ká thàà talè 'how are you?'"
03d59e663c1af9ac33a9949d1193505a,some
deda6d26790557e9a3b7bcb9c73953ea,"imprison, cage"
2d93ee86828fa8a1ff9697773e3a5a23,be obedient
960d1749a2d21e59589c998e7efade84,"smash, mix, rush"
8a377683d5d6bb9d6535210015847b16,into pieces; cf. kà.kà.tsàm; e.g. mà.kéy kà.khà.nàk 'bite into pieces'
13f016b57da54fd50ee2a7122f5e5f94,mix together
c5b615fcba2e093d8d43797025f94dd7,be smooth
425982c5262c36274ea1c3dd8e1edbd6,knead
e8f3050bd6a20aa4d9f72c27b0444b71,be the last one
3f3ce21bad02d0ee681b8c18cb74ac1a,"rear, raise (child)"
1ed075e3e4af1e2697b2c7a7ab5f7c8d,"keep erect, standing"
85f6ad32b9929a674bc54705cdcf175c,be bruised
20350e2c267ff176e860e510d32dbb80,be scabbed
22080f9c73bc215bbd721676972fce67,"roll (intr), e.g. a stone"
344dfdad53124d40af91ca4ffa8fd10f,pretend
0647413f419621b4d254a8c083149dc3,"damp, mild mannered"
1d91267af76bba32b50280b0d683a44c,make cool
e0f9811e00eef1cc257fd5a15d280807,shake (intr)
fc6e3a1f2b32ad48342c441fdb9fe732,shake (sth.)
6d76077008d68f8273e013d88e768b22,bathe (intr.); cf. ru vaay khà.mìi 'bathe s.o.'
8362addd3dde5464a87cdb1c47e04bbc,"be usual, accustomed, common"
17bb7d3e595b3693b483aa97a8b44fbf,soak
3ef0e1bd76e55bf268a6172d3590efa7,tear up (kaak = ML)
6db722539029ba620c7011e49d0101cc,(do) often
90cec260ab1eae36b32118362c59656a,"comparative, become? hàk khà.mèy 'bigger', hàk khà.thúy 'biggest'"
c2ad5f6f255616748a0310496d576e8b,from time to time
51edf3fe813196fe3e2f28e5240e71bf,loud
b213cbd633952e04a49effcf2abe2065,break off (a piece)
b9ae671232842c60ec9ca51eed94d5c5,continuously (of an iterative event)
51252a21591daffeda42f8845e92518c,partly (postp.)
a79fc128696c16199f1d0282308b32f7,very (postp)
873e1edf9df8c3e3cd0aa1db299d486e,"excessively, more than necessary (postp)"
969beeb6d80f0d8d42f7d7e1060bc10f,lift
e90fc414d435a1edad91d80c6d50d9aa,almost; cf. 'come'
3e55cb94e05f7b792094225daab6a4f5,"before, in advance"
d68655b4bd6d5e73d38f9de8291f2075,thoroughly (postp) = 'intelligent'?
bb8464d982c54060cefbf70a02139ee2,again (postp)
d8298fa84431bfc59c0b9b8efa08f9bb,masculine (used as postposition with animals)
2b79dade332ac0d9ef8a232a629b31aa,"feminine gender, used with humans and animals"
756031ea0b42328b7225d15c6b5c5302,sg marker (gender?) used with animates and inanimates
d54362efe5ed914ad9014a01de16aaf4,"and, also"
16ce96753bf269877509b62a5a4fc99f,inside (cf. mà.lùng 'heart')
5ddab9605a8d89c593efbb7434e3fea9,blow (wind)
65e3cfd86254fb0fc5b84531cdb85061,"teen; used with numerals to form 30-90: háng mà.tìi '40', háng cì.shàt '80', etc."
b3e8a76515bb647c6cb963d3fcf00fa6,thousand; becomes M before '1' and '2': thing khà '1000' vs. thìng mà.tìi '4000'
053c30bac7b08958d9614bb031727a63,hundred thousand
6af2a5d39c7a868db41017e68b38ca61,box; uku-li 'in a box'
3172dbf2df5f1e31ff40efd8e4c62e65,among
22a87c7faef7de4d40d8680c1bba28a6,superlative? hàk mèy thúy 'biggest'
d2b27d179d43b7242d90d4a5b6cc64c0,sting (bee); cf. rìk 'louse'
f27d8161cdaf4da609aa7a808dbcf5eb,"short; kà.shuu-kha 'short time, few minutes'"
662f1a29168c7b2218e7887f0da0f8de,pound (with sìkùy 'pestle')
756941bfae2c90b71c516072ea5f7515,not yet
16b084c8bbe5019f5dd5c40065dbd3d2,all the time (postp); àthùm càp tháá yè 'they cried all the time'; no kà. form.
88336b5bb2a1cc21bac7cf33fd451270,sand
98fd0615d3962f15b25a69add434dec6,poem; laa 'song' + ?
af1d8213f4a22b0f9803fec9259ff7a8,hold
aa1942f8a06ce03360ac01753ae7f98b,main course (meal)
5fbe12d5cdbdb96abc02eedec5b1b849,"roll (tr), e.g. a stone"
32cf6da134a8b268cf4ab6b79a9a5ad9,repeat
67b0d7c16929369c0ce38e0d9b65c0cc,understand
41280687fa5761b998e03e08facb37af,"patient, be"
13caa426d1345719242f07f727575607,Tangkhul language and people
c500ba7887257883773a654e8c08e5bc,rice field (where you cut down trees in forest and make it into a rice field)
3c4588116394d2164657875b7430907e,air
dd8fc45d87f91c6f9a9f43a3f355a94a,boat
bbbd53e913a404b04abf373dc1dac49b,crow
852488ddd9570bc877783bf4397563e0,earth
0cf04112df2ec4a38fe7356b8613fc5e,hog
5dd80efb8e54f276065fa70926ec949f,plantain
43b90920409618f188bfc6923f16b9fa,tiger
806ad1e1a4aa6498a4b7adaed7639293,yam
cbf5d3feec8cd2eee8a9a566457a6c7d,basket (head-basket)
63cc396cbeebc4c65322eb91f85d0fa4,pound
44d9271166a8380f586c3517b35bc8fe,bow and arrow
4de6463becaa3a6cd7db4c73da9df412,stick (v)
8c0d293a8686f229bd737483b8b52b12,brush (teeth)
d39f3967327daee70fac2431efa0d93d,thou
660a727423391d21d452f91543f4731b,ripe/well-cooked
9973dfec057bc36e418ea19b618e2ced,peas/beans
ccaf93fa202f05dde083c3fb188c198b,insect/bug/vermin
7bd3d5f5b3cdb13aed632121206e729c,alive
863e5f582e99730838f47c53e92767eb,fowl
c01ee400ce400ec9aedce8042bfe9268,sqeeze/extinguish
a93b40ee88efe8b2c85f218b4303f473,sky/rain
01f10a2ede4fef62f73e6771f1fbfc5d,drive/chase
706ca1482e4fce938a2d0b9bcd750860,be like
b7cff4cc3c42c982c4a6249fb88163cc,have the ability
e77e39dab4383e98ebacbf84d1f366ae,be wrong
ecd364b77785595371b3ba3cde90d500,beat/hit
a985c9764e0e6d738ff20f2328a0644b,burn
b80a130e5763db944c77842988d8c1dd,full (stomach)
997f6b054d31252dfe32ef38f9dddb2a,hip
dab6408df32ecf9b317e9e4db471fa86,burn down
7c9d2c0a1723fc90ddf677a8b6b23286,carry on shoulders
7f5c60c217cdff754afc085736966230,larynx
e903d4d92fb20751a15a02e1558cb116,piss
521ecbdaea91474fcd9c95b2bda05c69,sternum
e89196f1cb52069efe1f4bf0942bcb7f,corpse
4753a58a1761b872e5da3ed59ae3c60d,damp/gentle
e00f4e01617f2ee37603f5f38d474da4,brother (younger than female ego)
19e1ae7489611024afe085a36870edac,water buffalo
02376b9ba32b79139adbdc2de68f3ac2,high/tall
7fe0c9828d7c9c0b2735ef074e606483,sun/day
c427515a9958f268a8914a35a1d10ad5,desire/want
5cc0eba95a51787a116d5fd9af7f4040,hair (head)
764ce6a575800a3b8fd5dc2d80315990,sling-shot
bf2f3533136d5cd669c7ebac3f83d240,fall (from a height)
fcbe883d88446ec55c9d944f6730b55e,bowl on pedestal
7453f497e9778ee2f0d01058e8dd8107,fight (with)
87436580b0106084f1f6bf626c09972e,"fine, be"
3a1e8b6b304ab2584ea43bbcb228a9b6,do/make
a8df60873ea7c61a35d4db5641d14353,eat (fruit)
6409a020ab0a00cc71dbd01c169c9afd,dry field
808ebea2513a7b99384b23c9309d0e95,tree/wood/stick
ed6966981beb595bd0a50e4371805dec,beat
d2ef14e500cb679db47670f556fcb7e5,soft (to touch)
c9659a2e5d752315e3101d4f1cf88d48,aunt (mothers older brother's wife)
e626ccc9a7d35145123e3c71d845abd5,bamboo tube for storing lard
e809cc608db249eaf1b13d564503dbca,intestines
c2c6b1720c8fa4ecfc5462543e7f4c4a,fingernails
71ef1b11cf2828a03be1378a0f88e8da,rice (hulled)
dd7536794b63bf90eccfd37f9b147d7f,I
89a33a8840519d116fcdf2b303de199d,word/speech
87cf962b35146c21d0dd7f84594662b6,land
6c0a62c27d308f808f200e3b13a5fb0b,he/she
910955a907e739b81ec8855763108a29,be
1ff4e18355370202b05277fbf168bfdc,chewing tobacco
7b94ee8b0b34a64ae6947d5fbaba07a5,clan
203380027b3ea7441bb7f50e6bb4c41b,angry (lit. heart is bursting)
9694cf89c11c060d17c526778c6ce7a9,earing
7b3c790d35f79cf9f22bf3d6efbb58ae,rice-hulling basket
e0ae49665b2409bf98389ed6306b0870,aunt (mother's younger sister)
d5b7ed8ec9a120fef3f831be83ba7402,toenails
e47e40d7517f2e69e35058959f63654c,let go
97f3866aaa1a7bd7c029c4dd69cf7400,which one
811268aaf816faaef03ade5c52127d97,emerge
ffbbb4eb3c4bab674b483a4a230f6736,shoulder-bag
0c46f012c78502f33cd3c42b0a3e6ca2,hair (body)
7e46eeae06e582614a250a0a7d75abe1,finish/be complete
c63826f2f72a4310ce59eaa3099cc11d,sheath for knife or sword
909afb5684994803fc6d9d27ec9c8238,basket (carried on head)
868ceb8990066156f57b2b2cabaee3b2,sleep/lie down
8a245ea3a96511c5cfdc413fbeca8c52,eat (rice)
8ba1ae2288666d4c580b2ad1a11684d3,aunt (father's younger sister)
a359a89b22f2d09c8cda17ff76083afa,calf (of leg)
82ad61d1698a4b56d7bb359f44d026d2,aunt (father's younger brothers wife)
fbd9531c5279b92db45449ed18049cc4,eyebrow/eyelashes
c2ee9f70345030a76c5544986f012183,know/see
088e59e543cc20262c56c93c4220c4aa,cross-bands in weaving
6901a084082b0181b2c3bda242e5758a,belly (exterior)
bcd1384a200186534edb3e49ba6e7123,aunt (father's older sister)
cdc109dd596c621bf063ea30bef0ff6e,pot-grabber
7bb573d4139f6652fccf2b70aee67f5b,aunt (father's older brothers wife)
590f53e8699817c6fa498cc11a4cbe63,self
f1106d9ca96bf9e7f4207dd8f6ad8d8a,aunt (mothers younger brother's wife)
b094bf5e273448e6d9158feb1b0fd513,sweat
686143cc36b151af78717591c7437c46,rice (in fields/unhulled)
34930e43ca8f16b465bafe08beb93ef5,lightweight
7f8df49790d92458c3e99f12fb4c3a74,(finger/toe) nail
73403a694907c99456f11cd64ae147fd,hand/arm
907787a5357b018541a9c2f59f35aa69,fresh water clams
777617f8a58aea415404d200a681356e,lung/chest
b0562d9c3fc24024e747c8c038225815,meat/animal/skin
012b1a2525a4ba63b0fa599e8931c261,(be) many
c03c4b77a6eede51717b14a71fc2ff58,rat/rodent
8f42046d0d2599c561753874329d15ac,skin/meat
507702276b2671d8e4361d422a632a3c,tendons
892317b67b98b00e3e918e32a809725c,calf/foal
75592055063ae4887f7d2f0b723a6012,sister (older than ego)
ba0af7857586f2244da38e246d649957,sister (oldest)
87e5f11b0430dac19c9f668c3d8e1e29,sister-in-law (older than male ego)
53032feda0cb766d9c5f10d4168866e1,uncle (fathers younger brother)
fd5af46e17ef5b46f23ae9a39c1e912e,uncle (fathers older brother)
4156b101e9c1a110cc1bb925cab29857,uncle (mothers brother)
f308b616329f9b1aa7437e48e40f7bed,grandfather
90c80aa5a54c2c63fa9d986f6839b8a3,youngest son/daughter
6f1dcd6061fd6ba04d5fd03fc9edb8da,uncle (fathers sisters husband)
383b394e5ab57dded1720b84dc56c52d,uncle (mothers older sisters husband)
abf05652196087dd34c08821c56ae499,uncle (mothers younger sisters husband)
4c88125fb16c71ec0d9a528967994468,wither/fade
1901cb42dcd3243a7092bc55d2eb2faa,adverbializer
77bf634ac1958a88ecef440905b8c265,brother (younger than male ego)
ed4c994a0137363128b7c24eadf4e6a7,dream (v.t.)
92cea6a9b40e4a55b14d38bb286a21c1,sister (younger than female ego)
cdc1004a5ea3f84941007b8c0ea3542a,brother-in-law (of male ego)
f62ea5a04cd663cce52bfaba9f3026fa,sister (younger than male ego)
ebed0b64ef9cfeeb2a0821b083b3b7c5,light (not heavy)
1142b2a7c0b515b9691c9b84d9448d1c,imitate
5fec2467deb3a38a74a5e19ddd4b28d9,footprints
6a3a6f6e33217afa6373df9d6b2e8a00,older
721cd53508d527fdfedb33ab1cc4b2cb,vegetables
99ef2dca8a1fd974a0db2d7bc3785a1e,tired of
0ffe34b4e04c2b282c5a388b1ad8aa7a,lazy
8c40400c009918b5f10b73f9a0e47398,practice
1807f1888c7f996abef6918c54b90f05,tied tightly
8db906d546b7bcc780c19fb7d463bfb6,hard/durable
86c1ac58f0f7fac9c8656f5dd34cce0b,look at
0ed724cfde79086e6e86587100d04aa7,heat from the side
7cc808fd7f63eb826f5b4c530f868b57,be dry
906ef3ceb61fb3ab81914f0c3c2c9499,palm (of hand)
e386df9ee22e271da0b7d489447870ff,cave
13b7e47aade75d463544e403c06614bd,spring/well
4bad8eb766438006e398e0eed10bf210,sister-in-law (of female ego)
82d65a575279b463b10fbb964ee0f7a9,feather
31c13f47ad87dd7baa2d558a91e0fbb9,design
e5cf75725ec5dc07e8d172c811188bf8,think (v.t.)
094c2bbdeea231de6cb88ea680959fb8,brother (oldest)
0195997ead706f9ff5c929c4fcfc0019,brother-in-law (older than female ego)
08e5ff2b5823996396ef84e4344710e3,brother (older than ego)
5377abd9d32648025bdce882bbe26053,word/language
7850c021b8f5cbba54e53edf1f88d751,1sg
5735cc19ea4998a024f735832877a7d3,(finger) nail
ff1ccf57e98c817df1efcd9fe44a8aeb,we
50ca52f32c5af71034ab11018d249b72,mushroom/fungus
cb48ddabd92b7ba9d3f182fad04ca511,be (many)
2177eda0a52f5829e97dc98163b479db,twenty/score
423a2875decaa9e0ebebf5cb01a9e2e9,him/her
e886b5e8a9e6a8b1a306ac1efb18ec84,them
21c403a69f789e9148598032c2905c28,skin/bark
9e29ecba6c1d4fe710bcf3d463ff3f6a,swidden
78ae48638bf7693ab141054d6f85c11d,yall (dual)
2192380409b03782132c438dc661f9c4,go down
03bc9a4106e28846acf4d366d9360fc4,drive (vehicle)
876331fce06296aeac99a7c6316ecc25,̀rib
408a2fe0e64099a60cbeb1998fedd0bd,shade/shadow
9e6417ebffecef071eaeeb2ed0ca654b,fight
9ea4511c036fbf05366c4c39748c361d,them (dual)
8b7af514f25f1f9456dcd10d2337f753,which
4b43b973ecc7b873e7f560e06f907e99,person/human being
6ecaaff90dcfecc33be1894832a8356a,fat/grease
ede43e856cbabb6ea00fc3f3b1d730b1,extinguish
cd09bc8bafc472bbe526543c2817c6d8,rice (in fields)
a66914233b292a0d66d66c42b273e4ef,medicine/juice
9e19f8857441101b03e0dad50fb4b9e1,disease
8743719ea508f70e97d895de8cee04ed,guts/intestine
607a56572acc436695bdecf2542a3161,groin
8ab0d6b13edc5ad730517cb1a701868b,fish trap
27ac116cab3a3c753411ee32832c77fa,like/desire/want
1deeaa73e9d1231cc1659b3e9608d20d,piss/urine
1223b8c30a347321299611f873b449ad,shit
d0cade45778d94aad93dbcaade649a8a,we (dual)
6e45eafccc6d1d8a0821875ed10a8151,thorn (prick)
0e858eacef189745ace808174291fbca,easy/cheap/can
1f7ec2f09b857878c224fa5cf2813cef,grandfather/father-in-law
ff1d829d1371915cb3f1a5c5338f56df,brother (older)
dfbcc82f495d6d8762019ac50f697cef,cattle/cow
bec9b136f2289e0559a270323e7ebf57,irrigated paddy field
9da8cd8d146f88176b6fcec7185a0c8f,accept/agree
0166fa490fc828be3b431581e627965b,tree/wood
0cb76ccfda2870bb9f51541586e84b03,descend/come down
480a3697454ab39f5696d897db26e3ac,let go; set free; loosen
74c688749e9531646ecfc3236eca0746,hunt for animals
c6b04d0c1c64e90102b12dd326167ca6,yall
c7e00edda1f14b8e361998b53e20441f,grandchild (nephew)
b6755f8c7e5d41d8d1fd7ca60e96b909,be a place/exist/have
db3f3946ba271882d8c74cdbf3d5179a,together
98ac6b4b086b5a2f47677b15e786d9ba,bridge
0ee63ccea22773b7b711a299adc32792,prepare
76c3b7619103fa2d1d792aeabe0e7030,be trustworthy
8543a5e1d4471d8e7c21b49815dae513,order/command (v.)
993a0f1eb3c74e7fa0534a6f61ac82e7,depart
f64d1951b09f16fb12950c7d42869a16,be careful
b6b50b182b169fed9a353112255edd85,be first
b1fc9eb08da7e8ef764e8c8e1799bd00,belly fat
ffae6aa0103e9af2af1a9bff0ede3294,be the last
a181a603769c1f98ad927e7367c7aa51,all
b834f8a159e5017c39235cade2fa09e8,youngest child
5046a43fd3f8184be864359e3d5c9bda,lizard
cfa6f4fd02ca48c68f224224f8996e0f,weasel
16c8ef8074d7337833966ff4ea7b4c30,pelvis/hip
d942b0c27fc71fcc95b77d658e5ac0af,abdomen
1a391d079565ba8c98c87a6883c3ab13,agree/accept
687244538ab3a8d1f540ad8487ce7521,cut (meat)
bbb4247dd331a130e77c775dd7b43d86,blow/extinguish
19744ccb3ea32922494d7da2015c13ec,aunt (fathers sister)
5e1dbcb2ce3104e9a9f1d10692f5b042,mother in law
b2478ac4310a3029057c31646a85b99e,sister-in-law (wife of brother)
1715d8f02288f55af89301fde63c0dd9,have the ability/be well versed in
cf1a7995aa6f8108fb4cbe94cd22a9ab,burn (firewood)
0e3b007b5d0af0e9b8a3699590b6b4d5,crooked/bent
c7753bcfeccf77f9dbe8a45ad5418244,cross (v.)
581aebd3e4cf50407204c9e5af511027,vagina/vulva
e084378dbf2b7b142174e2a54c4ecb01,be green
9913e81012a6e3d19d782588d0ab1b97,afterbirth
9bb1e2ed56600b8f913207ea063751a7,can/be easy
d07fff217b6570de94e388ab79f21486,be fine
742c95a40fbbc1e253684e74ba5acca3,exist/be somewhere
ebff3dca1db86f80ff190895d23fbc69,scale (of fish)
8641b98f2a2012e591be46c163093892,hunt animals
c90e38bb98cea224c5dd838e61841cd3,spread
ccfc59a528a109fa4204e8ea06e8b68b,wrap
91808da94826016395b10b662ed4363b,shrink
a54c30994e388f19974d8042135cd892,chase away
4bd0558eb80a6f4b97c1ae9213d56cd9,stick together
819eab35dd7b8de5d6a0d67bc19e8f77,pour water on one's head
1f11107748045dfd15c15876d61c2556,pour water on one another
596f597baf24555dd211de68bdc83c82,be a big gathering (of men)
8c8d12da46632083b5e8025f821e4290,be a big gathering
f51cedb632528023310dfbf27ca5ccf4,be well mixed (mud)
4a1f8cdad1356c368c17b081861d794f,be very close to each other
04b3c47bf2d974e8a1ae80ac6f3148e5,carry baby by hand
5e58e27883fa86c163e7929fe27365ec,embrace
dc42bba70e898069cd3bbd09e5e12c4b,fence
c9aceb7af3478df2424ea6ad39ec1ff5,have something
bb810b05aaa643d50237c556fee8ee3f,go to a certain place
1778604a4923d524e75554ffbca0be3e,go doing something
0fcdc2a3e9bbaac579b2b3120256cd8f,go eating
236f3d25a9af9de3f2896260f0ce5f1f,cultivate
fa60926245366a4c6045107385f54f07,put down (as a load)
8ad3efb3cf33da3aa6946fb59ec48e4f,be thin or lean
d9e9977ee17228429f69b4cfe67fef62,catch by taking a shortcut
72d8403a32f4883de52fb963426dfe35,be less or wanting
622b1d8a83fd92b0a55ce07413c10c60,have no one wandering around
e587d568f1123770b7628274fb8f0ed1,be hungry due to having no food
b42dad5453b2128a32f6612b13ea5d9f,have
ff07673105bd3e6790eaec3b1d9deb88,wear
92a89bc69baa1f2f4f40746dc0ddad5a,make smooth with an axe
c3dc23e3d1abe3fb5d602f20b8d35041,be the opinion
b7b69cd029204f8437c956e319612ac5,earn money for living
631bf734f237ebbef699b26a6b9b9ec8,be infested by mushrooms
be2daaba63ea1ac93ee9c503917fad74,shout at one another
9eef72d01a6058f5faa222857ad8409f,clear up the jungle with a dao
bd4a71c93ba09f3c573149208c8c38b5,have holes (in the roof)
2d935bb0cf5c61fdb09c4d8ec428233e,come from op dir doing smthg
297f44bef181b7934c226a833b009287,come from op dir eating smthg
18af77f26be27b7251df6f196bc400d5,fight with swords
9e7a655b62491056a8084f48e3c77591,cut grass
affc1659ba2ebd05924c1ab8be4d7141,disturb
157dcb8d29ef5f3c584c6af8453330ce,stir again and again
69213e34a8b1f061efa6f8bcdebcc47d,call out one another for help
a6304d20416fe86f3cca1887b5a5577b,make to feed
3fc5236e3708506ba958305e8bc6c489,beat with a stick
56bd7107802ebe56c6918992f0608ec6,err
fce8bac38af31afc57503c4be322ef64,incarnate
cef835521cd8f58b18aad51f39bec8d9,be juicy
d6f7a920432196ffb490f2edb2b4a13a,carry on the shoulder
52a7387324c26678f669b10eaffef2d7,be light (not heavy)
a90f87937796a77fc2471b85e47895f9,fix for supporting smthg
865d71c4216e1778fa7df9c7ba28dd8c,be the first day after new moon
1f1fe52d19e28bc7d897224839abc190,burst off (bottle)
5f67b2845b51a17a7751f0d7fd460e70,hop
84a0f3455dcca894ace136be62efa292,transfer
c24787e5cc41cac6b1078adf00d6bdcc,disguise
3f08415d7884bc027e515f577a651a85,sit on branch or post squarely
7f5b52e32e94f93d8165445c3bb06fcc,start cutting on a diff side
b0b46d145e27d21de3d62529728b6dff,perform a festival
b703bf716efaa3ede5b076068265aaf9,get a festival performed
957490e1f1834804b39f48626313c35f,be obstructed
ee971fdfce026417cac1abee4555c953,go up on land
3d4306ce49373b83b26117fe47c6c994,live together
bc61b2a85e9c13a173ef3c1f4f4808c7,feed to make fat
feb836ec983213536e243bb91d218443,collect creepers for ropes
62b79d62465c2eb7d8a8eef4f421812b,hide in order to ambush smne
7b12bf3a285671247eedb3aa74b4320b,make to go up
c09acb74bfc91256efb48a957d769f91,be able to do
8086e8475d801bd32d8c6039ebcdd947,moisten
a6b3878336c32d3d98bafbfda5234f3f,remove grain from husking hole
84e8d515829ef0f04b2d459e096a2f1c,adjust the frame of a window
7b1bb85a3cc2253766e44fd0500b41fa,"pull, smoke"
cb2ddb0ef18517e684d3051e689cb7ac,feel sour in the teeth
3059a8a09aa099d9e5b1e7c3df25cb5c,chew
aa7408640d0d8b99347fc8d4245cc465,carry objects with beak
25469006b376505c006cf7264ac0a015,pick up quickly and greedily
8dba4c1f27f8e4d09664fd60f2669c0b,take care of
04e95dab25844604a23562c1d1236e11,be spared
2ebd75c7562c60a11f831ff63e3bc721,be rich
3f91b9916222d803a2df50a917df8acd,cut a tree with a dao
e78dca389b979abaa8091e9cddff8ac9,make to hear; announce
ddbb2e0e2bc9dd18bfba6bd308c3707e,speak ill of smne from behind
fc221f09a3353c9ff905d5cae86f4a0a,look out
1217129017dc4247124db7cc460bef9f,cool something; relax
6b4c44dc54aaf6f9cca2e07ab1013589,frame table
ae6f597157693d7a25de6ba41eb7d782,make someone rich
cf6aec778bae9a90de0a8025c8ec1bac,fix feathers to the cap
e820678c1701271b2b5dc207b023c479,perform death ceremony
0b0595594c8c667856062b6d06ea1cc1,get death ceremony performed
701a40961d1a4d5027f79d8c5f2e88fc,eat fruit
bf6cd3f66cd02b5c63047f78352fa61f,make to eat
e797f2fd186c44f39c60b520dc9cee9c,collect subscription
5df1244109029a356ecd52fc56bdd41b,light lamp
e58b761c9a1d8857d78399e6994ad675,do something prohibited
bd871bf45bbd6e35eeab1f5718e3a403,do something slightly
4b5282b6cbb202a75364afdb6d226471,"hit, hammer"
b96dfb06cc2e57d2d0aabf36ae10df0a,beat one another
d64b46bcda22d561e01b7c6cf0de7c6d,be energetic
4dddb0933228fb08eff123226d1ec6ef,make to hit
5ddf515c210ed45f4662ebdfc0245465,drive away
4a60d5b658aec29c97ed9f316996e10b,make a sorry face
1a65722fc97e777aa9c1d7bb2f51abaa,decay  (beans)
b61fc04de1331fa4762272ffd2d57dd1,find it difficult to do
eeb67b0585204f07cd9d78613a5d0abd,find it difficult to speak
8f75d64a30f3a427504b8fa36d6275f2,find it difficult to grow
12cda318e2ee9414e98fb59a779dd8f3,find it difficult to eat
f3d9a6daab7d647190a83d593912f56b,be very glittering
898617b1c5997524781f477f905442a4,be very red
4294ea3ff6bce1cdce3bca0ae793c9e8,be very white
7931e2b6560e163582ef741948fcf12c,hit hard before breaking
a4bf994dfa6a0cf3223609b3bf388ceb,feel heavy while lifting
5eb17f692368d2e460d2e8fe07c530e3,feel heavy while pulling
3d3521d3d6a39f941e4f0d6844ee6deb,be clever
d4538fb87a92fc42bdabd7cab8d85d26,see and understand thoroughly
3b9827c99fc95ae4cb5736756f285dc4,hear and understand thoroughly
4eb68d105fcb1f028805436ca9d444a5,obstruct (sunlight)
b0f10f6d7ae87c13ba542c1f55a1a646,be barren; become very fat
2c454f59cead5189e3ab7560995b794e,get scorched (food)
f0659d91fbd07a28a2dbcda0cb862537,scorch food while cooking
b321de3bdc299ec807e9f795d7d9deeb,promise
24177a64c1e3b70bd7592d88bf5ef06b,be intimate
2798b54d255629239ea201fbf0a8894f,put again
4fcee506da19bef63959cbbd6b87ba1e,read again
4dfd979162b5022e66bbe24cceb751b3,see again
22ae2237ef3aeb876ed0babcb8ad3e97,replace; pay back money
734296c228c67d1522e1896519788ca1,supervise
ac811abfe275874bf38adfe3dc4bb69f,tie up branches in fencing
206fb80cf88db6a035cbdd21fc9feb79,have a pricking sensation
25ebd7bd2865c9ee7f889097978706b4,be sweet
b317525b07ff4a6f4c83f278f6f3744e,grow closely (without gaps)
34be958a921e43d813a2075297d8e862,box
f682e66c3b97e5139eb46478cb1e2a12,be twins; have multiple wives
46a8d0a5415c3dde58ee2c302e03d708,plant diff vars corn together
6de6de1ad2d482ddaaca7f800b9ab47f,lend money
bf0e48b2fe2a1bfdaf4a82c86516602f,be inverted
44023c73823b8a5a0422d1c951cef276,hold the breath as when diving
130e01607eb89f8b0bec3a6c44475d89,raise the edges of paddy field
4c9858e082cad5bd214a9efc0f2f8cec,reach
418dc7852d13cc28bc4c1c5c492df7ee,stare
68c7ad67adc03e58b645b6a7b344960f,be slanting
cfcb95b7b2592925f9bc10c0102da203,be correct
c165af82d1299f091e00d8440ba346cf,brush the teeth with a stick
38cc16707c6795b8016cda508226ca54,teach
81438f6054a4ab71ecb7503c1aa38eab,keep erect (stick)
c31f784e400ec049a2edc9c915656f6e,be midday
48f766ba86d7bb8ea046515583da40dc,have smaller angle (pickaxe)
859a5146d3ec0bba737295822e49cd89,lie with face downwards
f48ae0478f50e173d21f07e07281a5c3,pick up stones etc. from rice
df4e7cf7886ec6e3d0598220ac574ab4,stab; box
19e165c7679a1996d9358e6a3d8f368f,be childless; be henless
2f2d383d2dd6e2824ac1ad75ec7d4ee3,have not hen in the house
d3987431016b18e6bca2a5ce4e650da2,be manless
5da3eb335931675a96311123494a9ce9,hold (a small thing)
6f2d580df5ba9b6b7700de6896a942e2,do continuously
9b9d6ff1f97d4b0454d68cbbd32dab5d,walk continuously
2bc113904c4944a634c3419e76a45809,be destroyed completely
53f17496d1cf8ba291b9fb9dfdb19d71,be eaten completely
cbc30e62815d8768c3e8a2d41d6d2cfe,poke a stick into a hole
e960bd074fedb3ec8f928366122c3baa,be startled
04187d75dfed43920e7526f245f04bd6,cause to decay
05379fb015f3d38c2aea422af5a448bb,go to stool
c0505712a80f334dde6473a116b41a24,make to tumble down
42db690f146dc1add599a5ae1d507b82,be short
56827e3d6b39219be168bac0ab0f2bd8,be narrow
167cdd69d6ebc1b0eaffaf2e7ae1aea4,hatch out (birds)
64d453520920dfaffc8e3fd715aaf632,make to come out (as snake)
b40c7e1770bc318858fa4582bca05612,be tired of speaking
0503726766a7bd6c539353c6095b0c3e,bark at a stranger (dog)
87530a7dd3f47067e097186aea23a4df,learn to do something
9e875e7b218f2e5d25db6094ccd2fbcd,take after mother or father
e4dac34a68b9c1ac4f3fbd1a186e7b75,frame (table); pile up (books)
67537a7b33611c07fb7cc498e9462c19,leave off; slough off
b472ee21f087550b319239ff2bf6dafc,open (door)
6dd0451b82d2647ee291e0d05fdb5eaf,cut a tunnel
3f1bd609c8d6081876afedfe0e952b3a,come out
00abeeeae7a8ed666043bbb83c6425e1,happen
0791cc57d6c20f157b0b3f949c4a934a,be very big and tall
36a865a2e58ede2a76a435042271cd72,place on something
9db738fc52da1e17234af5d4373ca4ef,germinate
8f96686d7a1924ea96accbca6c0af41a,be weak due to old age
0c004d188ad928346af9bcbf5aa6cb7f,heap up
6fc06261b842f550e0a888e0590cb538,be a high place
fa8167f879134d4a85516a6d096540de,perform some magic
94953068a840ed843f22e8eef6289a77,cross-bread
e28cf2489619040cb746fb19d8250395,eat continuously
8e71b88e488a0ee18c5f4dd54e09ae77,plant; put stones for hearth
68c094bb007af312a91def186de11051,pile up
3c091b4c2ad521055b5e66894270973c,be uncertain
71f8bd3670faef948e3a637238ed7213,be absent
da66f75def484a16be73ad92701ea963,germinate (seeds)
d81bb1601cafea13248f6551846b84a7,uneven
eb19396d6fe89831a30083cb6dece701,be difficult
522626b4d476847c56199dc3cfe0f833,be costly
4b517cd2b6963ff51cf3c2291c429004,make to do something
74950a5b926ce080a63e824016827dec,make to read
e4679619a9f960313fe9b655c777be07,make to go
d619c1aba7655e85df4beb404e8c5f90,put in (or on)
70aa55d8a20f0419db3bff6c02fecf2f,go to stool; labour to ease slf
08c2f26fcc1d9ed46657f37a48107078,stretch out hands when tired
ee2d90a5e6edac6f988906619d8acb69,multiply very much
7c5c564d429805f07a31905c7691d12d,be many more
8f4fecc765437be7f161dc073d7cb81f,be very big
1859b7bb9422054cd5b1c3996694db48,be very small
39257e32cb374808c81a9ae72afbf6ad,come out (as the tongue)
96e79950bfe90612674761d9e393b127,instigate (to do bad things)
107f3400ca80abfe4d2a127622908d53,consult
c452aae2853354560681bc4b91d40594,arrange bedding
7d8e1de4afe448799eca785ed3c42095,appoint
afe69b4f180577624e90e7091cf44cc4,walk and crush the paddy plants
d4eaedf61c419ea01684e3de0b5b56ed,make to walk on paddy field
19ce4acee35c599d4a170042a2d4fbe7,bargain for price
857d8dc92eafcb1999fb60835803a3a3,make human sacrifice
0062bd25a714d85d53aaa7d96d90a6e1,expose onslf to sun
bdc08613694bd9a658424a0baca82931,eat completely
981e26b4261881e2ae9c43b45809b930,come everyone
c47b300c7121ee0b403d6bb2cb5eb658,see everyone
099dafc678df7d266c25f95ccf6cde22,make
86280ac8a7f8881407ba060c76d72d6a,become
559315066c57410548634905cd74f1b6,hire
101108a32557a2a486f6418ea3e94361,be rotten
8e44817876d5e3fbd717d2efc09a64f2,be disgusted
7861fe26429a81d988bc73d9ccbe8cae,scoup out
8b5f26980c141400855c9b8fd8d19be5,die in a battle
ef399b2d446bb37b7c32ad2cc1b6045b,stop
e47e3f734e667c9ef927546f8e272526,dig paddy field
04e3340316d7d0c41f0901d5ce65ca58,be accustomed to do
40fb4390b01e1b990cde020283b6b422,be accustomed to eat
d7b84a1132685179c33b111f8d4ff793,be naked; be empty
b27d6a5ab96845ef831fd56b8673d3bc,plough
d6332b2cecb087f473091d143beb9b94,make to plough
02135ee550eb8d27b4c47aab0130f7c7,draw out water from a pit
b2c97ae425dd751b0e48a3acae79cf4a,filter
d9395a48b1a0f22a057dc35f3515c733,shave
5448223ad8d7a8fca661b406c750bde7,be cool
cb4818b24130ffc84af0c939b68c5901,contest (v.); shake hands
7d4f97eade2fe3fd3168015800ce0b04,sniff (dog)
845690bc118b9f035062afaccbf0ac54,be an antagonist
ecc4d803a910d33fcd692b8c3937b545,swell up (cake)
d3610e94979e8521be8a6d375e221493,"pull out (nail, etc.)"
76c4ec3dc8b9ae5a4330752d8bd80480,join together
89fbe8a8b4113148501f981b857ef16e,decrease (water level)
2456e5f439d4f2aa3f6b90a1e07d7b65,surrender (of buffalo)
d7f14867431072dff09601a51d37cc0e,persuade
b4f99b03753e560e137ec0b0e05cd56c,pull out
7bfd789f0e20e7afbd0de51197f7bac7,skin a tree
862ac67f8991104d49466ff45249356b,be accustomed to see
30c56213286bf04fc05c1888e14163be,be accustomed to hear
9e6da9680c38c5b4b3b6b306854b16c1,sqeeze
5e0a00bda2dbbe73590b5c5e85579797,become smaller
c7f2fd152fa67adb956ad2f95c5c1ed0,have attacks of epilepsy
80936643b14c58b6c1afe6c5c28aca7b,make to sqeeze
80a0609e1b5bc86ff58a412faca5f01b,be unaccustomed to speak out
01db4da568fea3ab58d42551732d3834,be bulky
9edb4337aa7fb72568c8795002d2829f,"be strong, unbreakable (string)"
824adccb145baa51928586ecb8830b8a,give to someone above
d60db28d94d538bbb249dcc7f2273ab1,offer
3c899af99c501d70ff2a74634f78266c,protect someone
457ba8f3475b7e2bb013b9ab542216fb,be released suddenly (as the door of a trap)
4824d2b1934f2bebb1caf9619408ce82,release; to fillip
727efb304c3ef1b96c4355cb59123561,finish off
c3ef7d6af25441b1e7b35de206591484,"be very scarce, rare"
f59d458eb4fc8d10bdab35a434a7090c,narrate by imagination
727a8772bc3ea243199a614616b03920,"swell up in cooking (beans, meat, etc.)"
c6fdcb5b626e5bf3e86bbb5d181f5862,have a scarcity of vegetables
c1c3cae7ef895bf23b569c6ed1104b60,rear up (animals)
5812db994031717b6969732dbad777f7,be compassionate
00239cb44c6a789ba6af6a84e6c33002,fillip with small sticks
0ed20d060d1f6612fd470fc64b852dfc,be able to eat
fe6ec664cdc217a8a9ddd800248ea085,be able to carry
3ba14858edfed4668527930d8d32ad85,climb up
539fc1b8c3fb059432e43a94965b51a6,open (mouth)
7e266628d51993df07e7e7522892c7ca,give way
a7b434ed4f962d6366263589ee0a3f65,change the shape due to shrinking
72e8cf0cf589079e66f7beaa8c42d7d2,change the shape due to shrinking (id. to kAkà)
67c63fecd2197885c60cdfb7aa1761c8,tear off
5b21cfee61c952f0cdd14843fd25dc11,cut into pieces
ccc66a229b770071fe187467ce9b52a9,stretch ones legs
dd6be3f3ed1fca6ce6625abc84142b18,be scorched (as curry while cooking)
6dc2f41b88448f5e8f9a764257debb41,make to scorch (curry)
a3b9d7c23aa7024ca95d6fc1317b597e,have no rain
df4ad9d5c22ecabca116e2b8dd0c140c,guard
4686ce6c2dfa2997deb7b521a4f79fae,make someone guard
babe706edbe33204689f56a2a4a35c12,"cross (road, etc.)"
1a9b53527d2d04cba8d8ea10a6177415,make to cross
6aff6ce8c4c274a020a7ae8ddafa4795,say more than necessary
bd77bbc46f6e015f998997a99b4b8f6d,fly more than necessary
b8022b7d6cda2418c23b68dbad6e4f3a,read more than necessary
a1c400da5aa5b3082a696dddd38f7b7b,finish off (id. to kAkàn)
e0f94924663b833bb6c5c44d7c63de34,make to finish
ed46f54118bccbceac4ad0cab24a87b2,finish off eating
11afd618d00e716d10959b209a946243,finish off climbing (???)
619d47312f5585244943e2b5e66b2e69,shoot one another
da32ff17fe4417d7d56779662618a86d,measure with thumb and finger
96ed566d2915398030204e04770f4633,be relieved of compulsory work (as of the govt.)
5f7b4c81c8ca969de0ebe139c8368ec7,relieve someone of compulsory work
406227d759ef6e57a3b5dc7682c3386f,keep a share for someone
85e47ac07ac9d6416168a97e33fa969a,share
2abdb28cab86e07994b9c7f2a90a44ae,make to keep away share for someone
30ca26b221c530bedc3c49b09d2f4d6e,break; to disperse without coming to any conclusion (a meeting)
5abab4518790a01c9cbd196897757007,make to break
57f7062b1840310e5815761cc927eec3,step out
ddad3929d7a42ed74afe46997cf2f8bb,be cautious
0af8f759bb57f7b363d983757a570f01,be very long and growing sideways (horn)
4e851765f3e8c98392e1da64d7fa2e7f,scoup [sic] out
87ef7654ebe4fb555d782eae3744c36e,cause to scoup [sic] out
9bb5e635f0d2b79d6ad45b10e8f87ea1,fight with one another with paws
a3ede599e0cb08202f2894ca5c93c1e7,"dry (meat, vegetable, etc.)"
fba6284d2f7449361dfeb2074b3b3023,"dry up, to be thin"
bf854e62a9127d2608e236d6674b9163,"dry (tr.), to make thin"
7c6fa5b4a665f8cab256624d788a7c6a,have a row of teeth w/ some missing here & there
fde4bb2b94944886d13bb45371817840,"scratch with nails (as tiger, cat)"
98da8bd6eeacdc36e21d49255427147a,talk ill of someone
6a3cac8365f866f962ff9934fd6c4dbb,"consult one another, to gossip"
fbce8a5d4454c815725f2db81760b5da,"cry hen when eggs begin to hatch out, to knock"
9fb6858da0107b389c562ee10658ebb5,be dense (forest)
0b4bf1098ca48574a7b8431ac3473584,"be dense, well-woven (basket)"
4be17d184b54c2111dcb318921909b83,knock
e6ad85706970cb3e5abdbffea2af8ec5,"finish (making table, etc.)"
b3e7339a854e4b86c457eed403e6f960,do a work nicely
3331d953dd2f0ba264ecba6f44f88f1b,have a slightly deformed ear or forehead
be6067972099bfcea876577bd09f0e49,bite and see whether the paddy is well dried or not
ce48357d7b8d1d335b4457ef37bd590a,"marry, to join"
376eea66de572416260817423a649785,come in the season (rain)
2867b07c0f320a973d32f50512e3d91c,go round and round
823c8caafa5c0fdd6bcdc92eada4ddca,"inspect a place after some work is done, to look after (as head of an army)"
26359a416c682effcef3233d27328297,bend while walking (old man)
1fe6119c924f9f09d6c8685212a13a35,be curved (as a bean due to overweight)
b8987e8b7ba968e10a0d3441d6bf7d6d,sing the omen sitting on the housetop (kind of bird)
10e48e65a23fc2161ba059b4fcce0964,be an addict (as of smoking)
b2b0994b20967cfdde2d5187470379fb,become lean due to fasting
bebb7f1cd1089753835fddc8b595c677,keep someone starving
0e78a41a7c427f64f720ab3daa39d70e,"cure a disease, to fade away (colour), to be relieved of duties"
940afeeab31d1b90418f145cd0704727,become rough and shiny due to constent [sic] rubbing or some injury
99ad7b9e3969cd13bea9b4735a3adcab,make a colour fade away
fc3fbb5a247d28c95d9ae050986f1f9c,make hard and stiff (in weaving)
8f98645041aa7d5f53913329c6946a6b,tap
be2e053e553e733f7c7ba5205cb1740c,pay fine
5fc281cd0bb35bc3fe85818f2f5e3be9,make noise by beating this and that
fab0025319b47e244474580ee3e74beb,feel light while lifting
b6fa0df4f66a7e0981b712c0b3192e44,feel light while pulling
e1cfc4f5cf3ff1939860dfb16dfc4680,be innocent
f8295d5757fb33b75e7bd2f5b9cb82d2,be humpbacked
b6ba6a355a4a4cdf5d1268c8e94c01c1,be crushed (vessel or tin)
4866fe18826d0dea4999f5ad4e74236b,dimple (vessel)
a0d8f98c82edf2e9c7ca31271e0b08de,prevent one from falling out w/railings as edge of a cot
04d969e2134a37f5bb166626336d33b3,canvass for election etc.
667728265e306c64172d4be56d19e1fb,gather together
92b0dcf2657d626263b3cc6fed0c0b20,remove the outer part of a fruit
ae59841696c1df57089b7bcc28c97a17,stretch out net etc.
ec2d0b66aefe4e62563dbfd486f09c35,prevent someone from going somewhere
f7f4fc66d4b6f576c373b7b0647129a5,prevent from going out
ca395e67888668bcd22c42f544572153,wear a headdress of cane or bamboo
32efe35020080b04160e21b46e2edb91,float (intr.)
d9500551f49fca4ce7899f67da231c13,float (tr.)
a1a5669d0e1e95c8095e635b1f9cf904,omit
77cac34473397ebf9d36daec0f5cb3fa,be barred from society
1376ebe015a47aed3015b1b96cb5dac6,"be bent, curved (wall)"
cebe2a23b098d9abaf4e3c88adcd7ecc," gore bushes or walls (buffalo), to spread, to stir (curry)"
4d200fce73a8e1cc965cfc2c43343824,grow
c01339d6d45229ff7debaa7b8002408e,pick up (fruit)
cd0a35c698ab80b969e910d6f7930655,be bitter
67cacc551cb40758132175ffe8073adf,"put on special garments for rain, to equip oneself"
5a8d986231ff76ab3d094c0df5d70a79,be too long to enter
2041fba284cfcfa13f4b8610c8ce6ac7,give a feast
1721f8b50fd25dc24e88b0a8497188da,make to lift up
f7adc866b6ba55076ce871b06a455329,be patient
4a4553b8a37cd86ad7cc6b48fca263a7,be very bright (sun)
0a25e8c0e0ae73311822ecabab89fb58,draw a line
41d4249434ef79f954ec6e6467d9ccee,measure with fingers
690c5fd4f3a0930f0be40b879a1bb4ed,stop working
0a0ed5db30fd1fda6ba18866b6852888,own something
16ec2a553b319d97e8484df3d3669291,be engaged for marriage
7886b65d2df847f7978d1f13b4da7848,"fish with a basket, to laddle out"
c4b54871056daa4a8d1d25a24cb0433c,keep apart share for someone
8ab459c261f2f0415872af3e74766db3,keep apart share for someone (id. to khANAkháy)
4dd0f10fb6d4829c0f233b6eb60155af,make trend in a paddy field for water
1653f1564d777560d81d0b6b50c73dee,make someone dig a trench
ddb58f92e1763c5d8a92fe18bcd531f8,lead in a war dance
6397238298fb360acd4f433e320a42b7,"have scars on face, etc."
acfb19d3f2e3d557af88fc63a60010d6,separate into different groups (intr.)
2fa433e19aafc41d287041ab3f1d56cf,stretch out as the wooden covering of a roof outstretching wooden roof
8dd248ace09064ee5d30147de12d3929,keep horizontally as sticks in making a fence
b7431a60f2b3394c366da25d169596d7,"roll, to wind (rope, etc.)"
3413e60c4be854b769e90cfa4cb1730d,bring
da4be3bf89efa2c9620447117b2c966e,pull steadily without releasing
d88deade400da7e081664d63249a9294,"drag, pull"
8612676c7c3b5b970bcbe06e4e97bc6e,thatch
38fd6df904c1a380de96a0ca368122ac,be concave (as ones forehead or ear)
74d4f41d43810072f4444f5f1734e048,cover with a lid
6913ca4cd790b762585a0b9baf15b14a,make to cover
63ead2bfb41906c11823bc245a13b72c,make to fast
70a17ffa722a3985b86d30b034ad06d7,order
96cdebcd1c122cbc231201d895e8d2b2,put into different shares
bcaa1e5e16a3c06f362261eb52691623,keep stones in a row (boundary)
55bfeb4bd2784838ba83d61abe730863,go and stay in the girls house after engagement
4cb1d9d9f6042f824315ff9a493e6e83,overtake
2e2a7a2e57d1578bf33a559b20c463f6,race
47f3a8a24dee4cf869c62d33a1d8c6d7,"catch a ball, to take"
59856261d81f4977f07db0ece869e598,be incurrect [sic!]
62c93bdaaa1b3139c796e6ee385a3236,just to have something to eat
1c4dd3cfe3fabf1f0a2b52daf01638c0,just to have something to drink
7952beb060c32f5bbace9177bf190121,curl itself (snake)
ae6f198068f701e7e6d5226be4b7361c,"bend, curve"
9d58bf5a52ee850e8fadfe1b2a608a44,come out (steam or smoke)
3659f493b24811c181b3ccf4ac18520f,smoke rats hole or beehive
7407bddc23affea3ef68fef30e5ebb40,cause to come out (steam or smoke)
f07d9bad8823011693a7baba938e148d,have sexual intercourse
24c453d17c0c09d723558c79e29dfdee,omit [elicited from Khan]
43501f7977d9370dd6159251ded78593,strike a match stick
f258fb8c6d070a03f8e97398d4595c01,strike a match stick for one another
732dc4b509e0baf7668318e75a81cba6,peel
047b96c48d528b28dc39457ec26e918b,be deaf
5f53c15b09cd3de2cdee1969cdb05a1b,"bark, to crow"
3af293c2d345872cceb9a5cec6e6d97c,call together to share meat etc.
331cc323ac82540ba4bee6d4fc0d5e1a,play on a musical instrument
e5bf1c72bceb69c3d670e52ce95a8d20,speak through the nose
7b051bd7f8f35cf0422f74703bc98c19,calculate
cf40d36758edf23e73eb6f3690ba0723,have contact with a stranger
e921d784e9dacd1c583a77b421897793,dig a tank
37ebaac89bba4e151526b28995921db8,fix up colour threads to get designs in a cloth
25b7f5ea5b6cb90cc8aa70031378aa3e,cool oneself in a pond (buffalo)
5071604859babb7d7ba3b9023d65b057,lay stones to make a wall
b3f9739e4eebb071cbfeb32c96e3b217,cause to lay stones
38e6d16a861f13833463c0d2f9611bce,be surprised
8dc7f355a895636dd019590f695f567c,make someone surprised
cc5985ab3406f600b03a786c516fb09a,roar
c74e58d668f4759986ec30aab64ac6a3,be anxious
8a6fe395ef767ba79bc15018b11aec42,bite off quickly
a9656558c1ce7f21442043a6eca89364,"be proud, to be in high rank"
2f304083993f7b3c3a12406679b1496b,be bright
52419fb050e4ca22646bd90dc258db86,get musty smell
b6a705a1c55851f56646c949d37937f0,"have a bigger angle (pickaxe etc.), to be straight forward (in speaking etc.)"
981c1e7b3795da18687613fbd66d4954,rule
211ce0f355bdb8439588738e5faeb1d2,burn (brick etc.)
99e0d947e01bbc0a507a1127dc2135b1,desire
135337cc86cd456125714b0347d92830,wish to eat
37f43f85b92d427cff089c41431b6a88,wish to see
aa1e1922374367ec21cbeae9b191c402,be talkative
97e01d241b8a86d4bed63c31e6e2cf2e,keep in the open place (not to hide)
2245605b59afa390274a116185dfd6b6,cut very deeply
e2760d527e163437d1ba4e021f63439d,poke very deeply
8fd38b85ec7eaf13b39c710e1958a6f9,open completely (door)
39fc7fcad1d71c9c6fcd3bf7c64fda99,be very nicely powdered
ece89802df2343db6e03498a17656601,cook slightly as in preparing rice beer
562425d69930fb9db8ce0811bf27076e,be round
ab1129871b86ea2503094240ced358fe,go on chewing w/out opening the mouth or swallowing
b2f958c11ba5f29d6454f46390ffcd39,grow as bark of a tree on a cut
e970b3a5ce057adb14c165c0f9761cbd,"jump (dancing), to walk in a zigzag way as a drunk"
896824474ee94c457bbef2a60f18091a,dig earth
f632bf56b10136b3bfd4e1d85066a784,"be over (work, living, etc.)"
bffbf2b38d325f772c52a53cd0d6db45,carry by hand (baby)
52fc58fc706f4db909e09811515211c3,be real
550596463f0df26a8c257beaf7629c44,snap off
d9dd394d6fb424174ffc1cbfb5b9f90c,make a hole (in wood)
b9a67bdd659edb426e50db718e5c46b8,be curious
72a3a3108db89030d0d55293ab927433,try to complete
34ec78fcc91ffb1e54cd85e4a0924332,add
e5d1a81f629fdfad051dc563d313a3aa,beat one another and cry
a336fa3c017db6e3eb0d30b289feeadf,cause to weep
69b439514253c6dc7e5cede8de9893ed,be insufficient
074099fc6e0c9309dc9c35da381db501,chop off
1740f6e44f2bb00f4c8f48eba6cfd4c5,bite (crab)
745c41e029407526a154ed7a3a8579a3,be old
f85b3faeccd39daed1d8bf0c0f9e72d6,level up
a85173a400329106e01dfab9b0787939,have eaten just now
513fe3ef48bdda6f7112708aafad3e59,have walked just now
8e8a583f3304e11c877616d05f13f161,mix (liquids)
0461f199787bb560b6cdea707d85e1b7,mix up small and big (or men and women)
fc1ee72788dc7081e846b7229e5d2761,break ones promise
c97d42f8560ac58e555d26f61dbf3aef,be white
e6d1f870e9f2fdf7c97c75b72826a400,come out in flakes (as painting when exposed to sun)
3a97aebd36d1b91daacb76b12a109f63,have spare time
40d89228368c0975349afabe56364f86,"fit properly, to be convenient"
26d11559a2f3dea3ee219931a599506e,be accustomed
e11a4717f50f5e1af73d77f2f860e023,have a necklace
e2942a04780e223b215eb8b663cf5353,count
9626a758eb20f30d952e10dd1c4bd37b,press with thumbnail
5054d049935d6f95316f68d1bef528af,cry
09a216229391aa817143e579d13dca07,"be covered with sootkA.thun,to fill up to collect"
bc7354962061a0ce62e1ea8634f2f02a,serve rice beer
6c374e70334072aeeb62ed46ea987838,leave
c6dec776a6eb5b758badb54534fc97ec,own property
cf8f77bcfabcaeea303612ca9ab7e347,wake up from sleeping
0e29956111efc9b19ab81461e3fc5a7a,be sour
5504ab2f6be2904ec33a3ec315b872f1,be angry
8de7d0aebe9fd461aba9e29a10a4f482,bale out water
888f9b2c821095806d0dc56a9ba4505c,wash the head
b35ec1f314961c4f407bbbff675faa7d,look sideways
367db79a8335770eb5a101121a886a52,dry (intrans)
d1a09e44832bc28c0da62bd8b3a37800,cause to dry
6c4c11b9a6d7abbaabe66ccb28129b7d,pay penalty for breaking a promise
f010a2f361e51c7669b3d84ce66aa99b,shake a burning log
3734a903022249b3010be1897042568e,move
f59a2698eac0bf56bc045ab72d945bde,tuck in flowers into the wall
ef3168093889542dc401c3f8745d1de4,tuck flowers in a buttonhol
71b1ad0c2a6b824a897dfc39c0054b65,be learned
f673020973fbb289b663a847fdf31733,smoothen
ac97a45d7e54801fe021de0a36c3acc7,tuck in firewood
df0c317c698ff2b5d4e6111aa0a3193c,be shook while riding horseback
0225daf3150e2101f9062925dc19919a,eat well
03e17210fe5d879544f88805552e3e44,tuck in mud just near the nest inside a rats hole
4664a3707c74a8243b177fe0b697e53f,be very thick
a57cff5d994aed1eb7627827d1831275,remind someone
704ad317a73ec9c6b5e4d84673c0234d,burn a house
77ea885d89cd96a70f6947a0ac76f39f,wake someone up from sleep
5274f9d0c1ee60da7502841fe954117f,arrance for the marriage of a daughter
063cad03fc032287df987367cc990c8d,gore a man with horns
fd930fe0b7d785e8ef993f5be9fe10fc,spread outwith newly grown sprouts as a tree that is cut
4908cf3d6a1dba2565730485532c5fbe,overflow/overgrow
11a0d202bed614831483f6be2c812ca7,go early in the morning without breakfast
69cd7c875310e55c5adcefed229f59c6,be early
699b71c38ec33ddb63663b95707b75c1,be already used
4084533f288705178130bec9d002515a,be smooth and shiny
92584b2bc532f66f82ab4c2ea7feda6e,be sad or tired
e2fc34fcf43840e2c60a8561e51f7e20,stop water from flowing
94664e204cdfa64b85e88d9fb1650416,block leaking water in a paddy field
bcf5a7c8af1acba84a04d327eae7f423,be subordinate
bec3a6a97128231b38a772a4d88db72a,be skillful
3377ac49bb22de88976884c31b0f95e6,"press, push, seal"
fcae80ef8a0cc79c5f93eaadcb072326,grope in darkness
7469458c179813857e3c2fdfc70cf3f5,dishonor
c4e157bc24ed0b655f1f760a840b7a5c,evade paying back debts by telling lies
e3e6d47d687191dfdb0405df998220d8,talk ill of others
1ac58abecf9ad45752ab2208bee1eb03,burn down grass surrounding a house or rice field
ed797d9c738d695a55384ff7e9f04128,"be hard (water),"
3724b2b47308925e65c8eca81b5f9eed,be prohibnited from working on certain festival occasions
a6f7d481ec4b0fb89f78198743f87b78,be oily
d7d8df3c78160dacacb65a9b3c88dc70,imprison
5c82f14415f1d7c66f79fbf7036e29e1,level up floor by pounding
efbcba790e927cb61f973f890a1ec3f7,be very active
270e4ff1ccb0acf435a6cecfbb4775b1,cause to impriso
1b6c17b7b4aa93df2dfca13abdb4cf9e,read too much
bf94127b7c27b2978d5f1949274e1cac,"listen, to be obedient"
dea17c66df66060cc99092d4902e6352,drink too much
e7adff84dc309822992720626d06f677,eat too much
fe48fb16c075e67a59b37b49d54cb81c,be too small
2a9fb02cbda174d8c33a7b27b71a0bf4,be too read
9791200b591fa09768c1e5ae8e609a7e,chew into pieces
591101fe2880e693e04aeefd37160f24,bite into pieces
f81025682e08fbf115b5e5365594f97f,peck into pieces
8b19d56a6e5f9ba5f6b72d54d3da6f79,"have good dresses, rich house"
a6c8c6fac22f7164bdde6f2444009cd8,"put planks, etc. to form a wall"
92c746a5c320c49d547ed355c560a184,borrow money
b99192df2abef8f93ea357655c676cc8,snatch
cf0317ccd1b54a3ace4d867779b2d33a,be near
391bc7d952b4c045d2147c0373cf2969,be fresh
03730b5faa84a002559f351aa6f3599a,"look after, nourish,"
5cbff5977378dea369db17c5c868e7a0,be full moon
360b2de25bab81aa72cbc3a8c366651b,be less steep
5bac858e03687965139babdd7700790a,be prohibited to work on days of calamity
52f16e3bdfdc1badef82ecdb3a9b0ce4,keep erect
ca7959ce54a8938893d632c7a99c07ff,"stand, to be proud"
98a4755f86faba03fadcbe9946e50cdd,have darkened blood
b811586753f0be7450f5eb0e3768a86c,roll down (stone)
e7fa4a3c2f569e3791ff8c9165cfd7ee,"spin, rotate (a coin, etc.), to wish, to think"
9bff2e181b561cac3068c8a5c6e862c7,be systematic
0af43881b953f3cfc05d52970860ad66,be humble
0bb2d17289bfd603037835d5c677c9cd,cool something by keeping it under a shadow
2e134d535ae0e9c859553973d182d8f6,be wet and soft
5d1706de0c6bdcdd7546becef1569705,stuff in
ece12ea43c003780c5ae003a598c831f,hiss
ff11622cac2ce17017ac51d84916f44c,tap continuously with the leg
5ffc7d46cf7f0b09b98441c03c269478,shake
c3388e871a4d7bbd3c618f9285c0038e,move (intr)
55fbf29dda08ddf33b70088828c12088,fatten a pig
aec139179ed98240185beedb781d714e,mix together (solid things)
189d08c0b16405f7e59d207e573749df,get a pig fed well by someone
b244802aa9a8ae00de6958590a164c9d,be tame
2f82499409718013a62b203c49aa0a5b,rub into a ball
cc166f0e20acffc51be03321fdb9f33c,be annoyed
ebaf2c00e15d06a38a3ce692afb6709b,rub against a stone
9a6b15d4c292e7035bb4ca762040e8f6,wriggle in order to escape
52f02db9ee9a893b8a2b50e7ee605abf,mock at
8fbd8391919ac5640c9d6bf2f8c6fe5a,be crushed by a pulled rope
a8c32ea82655ce2916a10ef293d78f87,touch with a cool object
a9986ff46f39d14a538acece0ceca584,"soothe, appease"
8eba20a79eb00745b4cb974ce6ac1462,be low
73c71d700400af4deae333062ed41e8b,control ones anger
b731cf4f71b193ddf011a7a0ce2c2b44,chew once and find a stone
4fdc7a29e47d297c6ce99c75224a27e6,eat once and find a stone
9e01ac5405c36f5572ee2a2ee142d1e0,apply medecine
1d2d9e4c7edddc17a7c004b426cc0539,mix together (solid)
50d717840517804618405ee3db08edf1,bend and straighten ones knee
b61a67faa7919508b7f7a21da2eedb51,be elastic
04204670c9cf115a928f7b41204e0b49,link up
f6f1394eeb6b9595e573f4d75f41ec7e,hang down
4defbc04a3734895fcc77297c17be916,go here and there and make late
cc8fad8bc3d336700b659ad58ee2b950,go here and there bargaining in the marked
04cb8239b09d8a84502367339e71f87e,be dense
7b85f339a198fce4dccfade63c462767,"take help as in writing letters, etc."
d147e23a1ae52ca8ade64cb5b58ced6d,sprout
d79a333d47622ea8ed32f688ef6337ba,press hard as on a swelling
dedae9e748fe86ac1b486a58dd8660ab,make the first cut on a log of wood before breaking it
da294d04f77ec83b853050725af72f12,be strong
8e4016ca8cd0489fde24d9ab2d7d3895,"be fat, healthy"
4141455f59de4ad547cb66b58598985d,break off suddenly when one steps on an object
3b360c1bd73ca0dfc9fe508df8d2027f,cook rice very much
8ece7434fedd82bf778da20ba10c591f,"insult, to deceive"
0132a9e6cde809fed0e64c078bd9f3ce,break off suddenly when one holds a thing
4b3a56a17453e7666478b38547e720e6,blame
319c49e5882581999381e5a10e4d9b5d,"be obstructed, or absent"
d231694731444f48025ca0127722d203,"push in coins in a narrow money belt,"
025abe088a003702818ba522fef22224,make sit
2bbd33d8e7668dcb8f405b194be41887,chop off little by little
f093e4da499a8168e24c0b4dc73acbf2,sharpen (dao etc.)
e9ecad5767ab38ea752b2c5b66568e7c,be complete
d9a22d7a8178d5b42a8750123cbfe5b1,complete
9639bd6c081a53c9e3b3601f3b986aeb,have the exact amount of money
071826a6c05389bdc9e237d12f78d1ef,store provisions
27f7c7d3b4a9c2c444b2753549ed597e,"collect, to earn"
751f31b4bbd7807dfa78f6ad665802bb,look around
ffd9816be01909307ac0f70fe8cb532c,check up
e25b93202fcb83ef3da28bf8ab6bce64,place a finger for measurement
adc760df8b882311f52fd15a4630ce8a,catch with nails
ecae13117d6f0584c25a9da6c8f8415e,read
821f1f544dc3330d826f75e1b217f48a,make to fear
7aec30e577a480b406075bde8941fba9,be mad
4e0e1faabbbe7ddc270704ff6b4aab40,split bamboo
f67d2a7a2a13527db82cdbc6dd78bf71,be broad
902cc3d059d3234bd198414fe350705e,branch out
11fac714a7773bfc3e7dbc89e86db4c9,take farewell
7fde601c7cb467d2e788cca8f71b2c58,get stuck up a tree
864c985d880ceb3783074d18c8bb4255,"rule, to manage a house,"
67559e0c7969fd3cdd4ad9380265ef91,"spread (creeper),"
0c5e32ed493da714043353a75b3474cc,bend oneself
6da835c7aa59acdf418454d272a30adf,pick up greedily (fruits)
713ccc97b304dfeb459d4273cd60e2de,"be easy, to be possible to do"
d4fd9aefe1920cfb7c7eed2a90c6e228,"take by force,"
8f01e0a6b24ce1cff7af49cd1358c00f,"something without the superiors permission,"
52ab26d733eedbf2f62106d3afa3df88,have permission to eat
58c86ddf7b6c40f7f0a503fc43bdce53,have permission to enter
c11cd118845a4cffc6cd1354d9f6c51d,make high jump
0f009327081b80cb7515b56d0538c800,be shallow
556dac37f5fb63b09ba4bb59ea3b7b7b,decay or rot
1a1124541aded99cd472cd07cc94b883,cause to rot
76cfbf3813f01258ffa22f6bce292121,stutter
05dd5718dd30868385310b0e9370e40a,be crowded
c9fab33e9458412c527c3fe8a13ee37d,sleep
04f2b68ef662bb754b3a2f993189f53b,carry a bag or basket hung on the shoulder sideways
56a92365e63362f88a0da909742e0319,tell a lie
c5770555452a7b324e8277173cc00fa5,be brave
af8b557b5893e676348387d908e25e24,have seen earlier
799be3a8ecadcbc918a1ac449ca300f9,have prepare earlier
96a02d23474329eae89b297969033695,apply heat for a swelling
24d8c0ee2a11062643f899d35c335c94,be blighted (fruit)
594b212618fb0e0b91aab3fbd4c0675f,pluck out
973e648c4bec491ad6c025f178303964,just about to fall
27e6d9f3acbbf45beb52dd2ba46e1cf8,sit on eggs
cf57c97b62b5eda9144cc631dfa38eb6,mutter
edc684181ea918cf9842a1ae65316afc,bend
cf15ce3014740049216afa5814b822f5,be a new moon day
fe5cb3843dfff7d627783fdf117e7b20,be full
f5dddaa23f703989773cc961792c05d0,be scattered
8d3f07881e134e4d9f2b5f3a1f94f4ce,be filled (grain)
3d2d7ef62bf32c56ae59d3e869ca3f1d,turn this way and that way
7b4d154d0c7d395cc149c2e81771338e,fly in a group
4bcd4113836c6537f5a86253082932c0,evade capture
7012a969b833196275f9d9f44177de24,come out slightly (sprout)
083e84093108eca759331007d5843bca,search without seeing
147a5200d1d5a049a09f89351e56e2a5,dip in and remove water with a gourd vessel
5567c307e49ff072642f9f0ae4d5c194,fall off
54d942e5681f947c40f8e4acba306746,be easy to do something
5882efa990a1c83ed0037a4fe3d54fd4,put out
c0e7a11ed9bb70081a03dfc3fa81c957,be easy to pluck
f83d8fa0e69e5ac8cf2cb1a3fcfe63b3,sit on a branch
d4a6cae90d8fb765d9d42af93f5eff70,have a number of scars
523e6310e7210c3decf9ab4b61539518,finish off eating by taking someone elses help
40669b147108583730ed7c89833be771,finish off plucking by taking someone elses help
37b4d522328a7f92304411418b0bb8dd,be soft
df5698b77186028d7f52f56cc9afd9b3,put in bed
864303c596173fa0120fa12a19d1991c,be satisfied
79bba5ddd5dc96c7508bb0552ecf7e65,set free (cow) etc.
14d8f5c24a76582d98614e9bcdf83878,be full of liquid
a552c74784b3a82177bca6c8adde0efb,fill
c95f54bac6977e683a2b14a7cd2f296b,be energetic (bull)
5e5e95b881378400bc969b38aa1119d9,search here and there
06764168267c14d2d4a84475783c60eb,be blind
1196d25a203ae8c837b2db8dc10425a9,"ask, beg"
c38ebf73ad74dc07c7ff1faf7755cb69,do something and destroy
c67aa3e63ac8762c1d5feece93f51c83,"dash against, to thrash"
d6eede5e639e82f97285ec0e770f85df,box and destroy
ce4817a35c18b47b16ecd40e66e23b3b,kick and destroy
620c192e300a68bb0aecd7b4d48fb1da,hammer continuously
70fc4e6aaeacfc4fc41bd5b75d6e6d41,have partly gray hair
ac67675aae438dfe9cf6f61fc9df81d2,scream
2cec81f0399fe335652fe27b20aef999,bring into a house
d1c537b5e5955eba40b206d087b8cb22,lie on someone
1466de3d11a887ada2a4ca0a6b9c586a,"plunder, loot"
a9b63638683e146367e61a8f43a7435e,get entangled
1c77a88f1d65d7c38c611cb4df9e53e9,be partly cooked
8a7c961fce18a53b7fe1ed15f78722c4,be partly eaten
8799c59c81422563c19284f8a8a9fa89,be party done
31a98eae6e5e4516f22b66aa96f2f3ba,spread out (tree)
ca024cfad737901064abdcb351b9085b,do something continuously
bbd1bf4a239f5cd6046bd44fc7522d7d,be astringent
39bc737a68afe8e8e6837844ff1300e2,spread all around
ea9991bd10585a05e2327753b2bd077f,sprinkle all around
f09f79a86c03a4190ede9c9a50cf1ae6,scatter all around
9a09349a3c0c7438c0d0ced6d7febdbd,remove the bottom part of a construction
7d67a9387982dbca27207629e43cbc5d,do a thing completely
6f1a6c9dae24c61bb1bf010be74c1704,read completely
9223cac7059e1d446233e8c0462bc8f0,argue
2e9324e939f96a5de1cf2835add17f52,tie pieces of wood to the trunk of a tree in order to climb it
00d376e1c2d0f69750e0d2b187c577dc,make to fly in the wind
f2d2775043b0b71fa1eca4b1072304a6,earn
80070c97b247237e0cabfd44b3902856,cause to earn
cb41ecf6e90a594dcea60b6140251d62,discuss
2ab64f4ee279e5baf7ab7059b15e6d12,shift
61e79be07c0ee83bf43f2f6a29e43e8d,narrate
7d4021ba4a2de1b8d79054f3f0d59ab9,"stab, to throw a spear,"
b7afaa1fb093579b995571b1fb32e04b,"throw a spear at someone,"
e1b5e60bf9a2d26d971fa6212f39100a,find it difficult to walk due to the absence of practice
a93833af9a9a88a50803bc4bf1eb2f5b,find it difficult to do something from lack of practice
d6fdaa0117ab393ba613966b44e53b11,spread skin by pressing it down
481460cc9ba796eb22fbaf4ff946ca32,be good
0e5c2326705f196de0050e203c1bd7a6,be tasty to eat
f1ec9c08a388aeca767bd86e8e4dab6a,be easy to grow
4a67d06b15f913d4f78daffe653f7bd6,be easy to see
06a943c59f33a34bb5924aaf72cd2995,search
70319b479be65f2188abdf73895c3463,pluck (fruit)
2af1b952a446ccd9fff8555f00a90a16,be sufficient for one person
54ed661d1b88d894c1cebdba474c65ad,split by pulling
8416a48d8bac264029cdeb146b51b08a,get stuck up
71bf91f31ff863a36acb86e1177b6d09,spread (roots of a plant)
356f3359c1b782937f01a31da813d6d9,for oil to spread on water
9bcc1b34a0cb6bc15414408159c6181a,be very flat
383f12b0969f46cda7665d1c906d4e29,be very old
a39ebd0e94961c2b203def151cf97d60,keep a share
6381130eb573dde6620eaf246ba70190,spread out (creeper)
8cb95aba5648678c46815eead386463c,have a skin disease
bc216b7a7a849e4c391bba03544c7cb5,be famous
b2d7d7656eb4e5153688637c8fbf7b49,wave
a27d47a276d98e0cd6474080d5f0b7e7,fill up (hole)
9856da36a6a9f148af96d56d3978e302,be a very narrow hole
97797d437f140148757c780559731f16,"pay a fine for breaking a marriage agreementkhA.NA.rAp,be handy"
a9a9b2b011ab0d0067f7bf93f3eedc26,converse in a foreign language
8806db0f9de6ea618b568aec7901d61c,return from the middle of a journey
9ccab55f526f619c27df259fbb1bdf96,eat a little bit
2378c6c3876f725e12d7680979187b99,sleep a little bit
486e56d091fccb7a17300a68d676a17e,read a little bit
d0be6475555fe460392d5e8f7094d40d,tie things together w/rope
3917d674dbaf601d5c50d2f48e5d5667,"be tasteless, diluted"
c647700fce3cfc21879fbe9a973f1601,order youngsters to do this & that
affe8a20e5cba2f8cd4837daa5e1ec2c,stretch out both the hands
bd2868e2c8a066c20c583ce568852bc2,give up smoking etc.
54a5b195411398c9893983025c43ab36,make drink
7c9a956c68ee2cfa54ac76d6e97d8378,cling
3224e5c905e37d0cacac1f2d0c6ab6bd,be maimed
c56fcd153a414132fc38ace3e775d0bd,be lonely
6cc88b144077ec93a664e3753ec95a25,wind a stick w/thread
eb3bac16ce0b10104556989311d71e56,twist
d7f07f90cac62f9362d92643c67a0fc9,twist itself to turn back
459ef4f1a060c2e75f2832ccf407f442,keep a pot on burning charcoal
25d7daceee6d10fd9dae0761fe70ddd3,be high in rank
a01ed5ba1ab30678442ff9b686c97aaa,work on the edge; walk balancing oneself
5392d2b5efb162f5141b3b9b9ae12f14,quarrel
78aa69553e6d063484a3f2bd6e4d9a6a,try hard; fight for something
bdd4cc32f2b8c2b5f610ae4f504b4dcf,be hard
cfbd126fc4f8f43ff277e55d519f2823,be old; be mature
05afb6ce69b9cef1bd6ece7e4745f96c,deny
513e59e3a03f7b6d718ed739504feed5,be an orphan
53b5865d509b6b555a8385bc48a16eef,start building
45d73020d86e449c0e2d9220e3858fee,give birth to a child
7c65fbb069c828ad2a286a4f4e684c2a,be straight
9c6b715b14c362e8a9d83c82d2330cee,take a long journey
88e25720dda985fe0cae2184786c78b5,be lasting to eat
4b31275723fd4b9d492b6d618673acaa,be lasting to do
16960ac9b8046bc3d4eff936484c8b81,copulate (animals)
00d4d19616260e182f2374dcf0acd009,tame (animals); control
63ce344c0d4587dc96634ff3cfddb0f9,be cruel (as hen w/chickens)
a30d8a3d8f649b2733ee3a3922a08e3c,strangle
b2c13201ae95916fab56dd52bf5c48d1,be very tired
718f8f9c59931257fbf768f378a4ac5f,be in sound sleep
554e805a544dca7295760d08346a6116,have seen with certainty
bcdb7e22b4e280193bcd1992b783d194,have heard with certainty
9fcfb6790212e6314798b38de4e1fd97,remain over; have too much which is going to be harmful
c96e65e7f1c71ca677ab2ef246ed562a,do something illegal
5391c669ff94f8532eb484137d747e54,do something incorrectly
3fd05e1285c12dc4026485ef47801741,eat incorrectly
f1e196880159a5009fd7b74776e339c1,read incorrectly
a26b2b2549ec173101dc8d82dfe51006,"haN, get stuck up s.w."
f43ca7e2eeb30a388f9d51b20b6815bd,eat immediately
942fb6420d7cdf6f9070b67c8febd09a,go immediately
df3a2a3efa6a8390b3c9f33d37f39b0a,come immediately
8162c9d81a405c1579580225bf79e108,have work unfinished
99a2e805d7d9077c918054a89f5b204b,have reading unfinished
3701d23532a1c72a68c8b826ca1388b9,"(id., more emphatic)"
534016c47bdc637b2311d5c69953b3ec,have uncropped hair
0d22c7360347f51e0617ee192020d7d2,stretch the thread on a loom
c9b57e3c7f1ab075ac1b660f3969a106,uncover
97d965db39b76772d3036c25412ecb74,be the time to eat
60318964aee934dd1bff7f975e767859,be the time to see
50ac0f6dc54998529b8d9e15bb20ed78,encircle
d35566c2551ade8929234e3cff2ae1b1,be about to fall
8586ca72e3d2d7cd1c6dd17de6df5d6b,cut an animal into pieces
60658b1b0f0589f43b39750c12724c09,keep out things in the rain
96d84d52873f3f48e707dcd50d02407b,"make gestures to express sorrow, happiness, etc."
82bd5fa1c6dfef16e1e22481d2ea17f6,relieve (from pain)
1ae24b10beacf62467ee4e2b5074a5d5,put off (cloth[e]s)
c924e8776f23eb11c0a2e810184af333,wait for someone
b113e120b35732686b24e1b491bcc6e8,cut slightly
07406b0eb9caa1691f42713860571eba,poke slightly
54074f76a891bad6b5bdff2722de7cc9,jump here and there
072acd128851cc38c881453a292944d6,hold this and that
9f86a7c97e42faa0f4e1bfbf5d08b1a7,expose oneself to the sun
f98327a9fa99c01c8d5a1b24abdba5b8,unstitch
c98d4dc7aaed2a860f720f0793e90bee,"get untied, unstitched"
dbc3e3b61de90d8a7c5d4766c7558330,get rejected by customers
2c6b42964ded1b582cf43201d62e1436,expose oneself to rain
f64dccf225c5a00a3cfdbb9ee4f17dd4,spread; expose onself to sun
5034f897807fd9b7040bbc6a31261244,hang skulls of cows in the house
093c59ec8e147471c8b3e69b66f3b535,hang buffalo skulls in the house in competition with another man
512b3cf0e33ef325bda46aab1c97a5cd,come up (steam); bubble up
cd7e8695ae17a705f7500dd941414f65,stay w/ someone; (as an orphan)
31a3c1314b3d16e2102cc1d0459f17d5,come first
2727ab5cf3dca68108b8efb147400141,"twist in (screw, etc.)"
6e6b8e84bfb286a95782ef833a3b6965,be equal in size
bc6307f91a665746df3c23ecfe88a01d,fix up boundary between two persons
ac9774a25b6322fc234b4fe30ab85ab2,show one's teeth
87a75b6a1421488aaf4d6128dacf7acf,be copmletely silent
f84762576b3ab63a63ff57603f795373,be completely levelled up
46d36ba56a3b5551adf40775ada8fce6,have the satisfaction of eating
ae1383568da7b283619bbb8354197123,have the satisfaction of smoking
42dfa49a46160ec49b10471b8ddef539,brandish weapons
26de228ac61917010e0d8b994eae5f0b,be naughty (boy)
f60fa4dc2e23abab48b554737d25d04e,be pointed
ab3bfb61d8413f7ec21cca9a2ece6769,sting (bees)
06535d320dd3c43daa9a24a405a201b9,rise up nicely (vegetables)
3c198298e9b12b09f5594ff8399549b5,grow up nicely
3882de308da71ec8273fc465c08ae3be,be completely black
363c8ef45f699d70494736ac870c597f,be completely blue
368326c3afc294d6e6714c361892e165,stir (in cooking)
59dfd1de254a34cff9aa9f7419614b6e,be alive
964e0d8a74dc904c0457beba3c32af56,become red-hot; be very hard working; get up early in the morning; be very strong
991ea0e0980dda6da0773b49a9276a77,open one's eyes wide
9385fc9bf301bc70505cbe5fef7f3e47,be heavy
0dfa3e6f701012f82c35b258690103e2,have pain due to s.t.very large in the bed
19024936001724dfe9b1f764243bd713,have enough things to give to all
06e9c7f14444feae48009c8de3810751,aim at; press with the tip of the finger
f231e31cae97a9225fd7eedb78cbf0f7,have tickling sensation
c8482a310d0bf02fda7bc53eeb7cb88a,"pile up, arrange"
858d54a4805502f4b34be84f1a9a9e8a,be intoxicated
66d93a584c1f9a8bd5282c3cc88b23ac,cut meat into slice
230c3786e8c082b8eda991bdeb499ee1,tap continuously with legs
2d7d1c2d91f21c1ae1c7f039bff2e267,"divide, share one"
8b62389bbb1b410501336229bdee0f4e,"divide/share among another, themselves"
1b2b3f40072d77977682c5ebc963f540,watch the enemy
0d10ff3cd98a6fc96c54d37e2cbd564e,engrave
b04ec0ade3d49b4a079f0e207d5e2821,challenge
2ece57080d9545702d51cf1394b94142,prick
feb4eb19f29731258d61a11b6a2e2767,fly out in a swarm
3abed71996e3a9d6cb5cf6e7e20dd410,work together
cea16492507124b93758555260d9fb1b,discuss together
b15194d499f5ae2668effd461275c355,eat together
c3d79742ef17e2aa036bb979b02dd8ff,"store (water, etc.)"
63f027d4e003075971456c4a8b651bf3,be stagnant (water)
7d05d0fd37733667a10f989538681a52,"sweep together (scattered grains, etc.)"
3c5e0ceabf1df6cd4145bf0d91aad9af,be very dark
ab86ff0fd834bb0a2521ab5e635e83bd,spread densely
dcf960ca66fd4aa86618f32ae5cdeea6,tuck in (leaves etc. into hole)
a69f300ddeec00976dc229371e133bce,block a leakage; cover a pot
df91e1cd91bb59f177042a891dcfdd60,pay back (money)
e1a2f2e1d12f95b7d89f43a5e8384869,break off (as dry leaf when folded)
6c8c1f68623eff55e61849c71ade9f78,prick with a sharp instrument
6701b514a8cfdba76dd8e9bc696e4023,sleep without worry
3c40b00fae865bb5b7b13821c0f23ab9,eat without worry
72f1479009596e9ee4472844293f8e49,sit without worry
ed0e48169e4c24a76b7e6a61724c6e66,have affection
557e52f42b424d7cb2707dd2c08f2b89,add; be similar
5247b5ce8aab7854f1ea22903ccd4136,have rashes; swell up (dead body)
7f209227f4c96c649b08f4ceac113f32,cut down the truck of a tree
7087cc8b941765c3ec3bcf1187eeb094,burn the feathers of a fowl
25305e7b7743c17995bb0c238058291f,scrape off grass from the border of rice field
aa7cb0a69d5357a608fc45b6548a2855,thread a needle to string flowers
06eea3cd8e1065961f77c47dfc82f798,go in-between
87a54e4508b4bdadce59ab1dce8f05b6,save money
e92c0de66389d5e6b6835ff21feb1dcd,repeat doing something
a64842c24e2976b894c5dbe24fe1b740,resemble
9447347d2386611e0c930463e86f1dab,call again
0c71eea7439acce69778e622aa060710,latch a door
67e014d0af1a502080087b3b058f3ff1,bring up an orphan
ad7e331edc5455fdee3f695dca9aaedb,bend in (as edge of a dao)
26ee74788374927744b87f68360211c6,roll in sleep
d99b50e11eb07aa04506f2b141b6c306,roll a mat
e53f8fd1ce954231f37588944da91a0e,make smooth
e94094602fc0978790be83ecf77ce567,be fat (as young puppies)
7048efdb458a79396775438bca7b4347,have curley hair
80f2cc027eab33fc1e2170ea0866bc14,have work started by a person with lucky hands
a81a8ecdfc047c2581b5f68873d7f26e,chop off; dig with a spade
0998782a7dcff6ae3f918df2f08bd573,be very steep
2b5c59c55e40bc233593f33c93f3656e,move downwards in sleep
5a4051f6f77671c98cf0fcf2b84dfa49,slide (as children on a slope)
eede8342f539d3bb164c59e7dcd0d4aa,have loose motion
848e1c8c31308490e8e299fbfd44a18d,peck
b86d951868be5c35e89fe6bd3c77e30d,keep a charm
2dd04f08664910941d9fd05117529f8b,lay eggs
a32547156b4d4bc08df15a076cb69baa,help to walk (as an old man or child)
9fa4b31def5c40a37780f16aafc4e7c1,"pour out for deity before drinking liquor, etc."
84b6bb0877b63e9efeb3ccf5d0ecc857,pretend to do
80e3fca8eff6fcb5458422548f2f54c8,pretend to eat
276d6c2a0b87688e1c119de3364f423c,be industrious
d35505031bf0d4daf4a3bedb693e2807,"say with one's head uplifted (snake, creepers, etc.)"
20ff418bd68f9f6231910f7bd0c8db93,strain (as water from cooked rice)
b6507782f1b32f689e67fde907ccbe65,expose oneself to sun so that one becomes thirsty
0fae6635352f8d915c1a36065955f436,id.
46210848ba57c0bbb4c9f6045ae1dc1e,be side by side
44149edc45bd868090b76b39f494f675,be bold
b8e6a830b29b40614f6b0a1bac12cb5d,be hard ( as the edge of a dao)
2b8a20e72107bb9d4c470b3aff611bb7,cut vegetables
715e7a4918c2b7843a1bae70176771c1,cut (bamboo); mark the boundary
ea26ca77cc53793a9484b840321692c5,have dependents (like younger brother)
53781e865b9b5720a96257b23439bcb7,"compete in cutting firewood, trunk of a tree, etc."
84cf2531cf509b695cfabc8549998571,place one over another
5382478f3fa1fabe77c9c93762a5caa7,cut fruit into small pieces; grate
a7ecc8eb765336bb3b2b78e5f1dd2672,state one's case before a court
b5e4bda8ca03e6bb7a7f61d17ce677f1,stay without work due to inability of the manager
695845fffdf8f05c8d7ced5ff8954349,"control oneself (from eating, etc.)"
300510ea7b1e3864903bca4dbc4e3b9f,sharpen (sticks)
e2d7a029a008567cdc52309632f8834f,throw over the line (in the game of sawthAyra)
e8b612bf8981b4051273e38451dcbe2c,make wild (as by kicking)
7899dbe3ee0eb4e30a247711d9774ec4,"pluck (flower, etc.)"
1f07eef6d0764aa2315edf6acf3fc1c4,cut into slices (fruit)
2371eaf2e01b9efc15a06450847a559e,strike into pieces
f000121c48a036a279c149d2b8e9e83f,roll while crying (child)
1f715f0dcabb373ec27038dff0cbc550,roll down
64d6c98ee64cc7460a0731d2d8661d8f,make smile (baby)
ba228724069d43e1fd8c85f7cc4d719d,show one's teeth very much
64e0474fe4e781a2f84576b21bf8be23,be very thirsty
2c3d846da989b771669a7f06fb947382,be very eager to eat
e091e3ef58efdaf5121d8cbb66e2c528,have sudden pain
698ce74e7497e32e612f9a951c4c7e25,be possible to do
184872e845ce6edc803be7fd05d3d860,be possible to eat
47f2534d7d517901df8dc59cfd7ea91a,be possible to see
5fc222eef8f3655c2cb3fe6e98fb44c7,be not correct in size
3d46e09d84d9327ea3818f304595b1f4,be hard hearted
19833dd5d250f8a37ab79e48d057c00d,do something on behalf of someone
4ca207bde2244572d97e93509a205686,die for something
caba839e5a12167967c6ea886eea2b01,weep for someone
b290ba5966f4444658c3c3cbdb151717,be fat and healthy (baby)
f361f4b35bc978861a81c5fc57bc36a5,come off (as some paint)
542bef490fc2955c58bb1b1ed4326a6f,take a big sip
cecd7f59d6d2519564d2d09c45d3767f,take a big bite
d4549f5eca9035707f6ed7d202f3a74f,take from each other
c90aae9112f39cb5ba1523132e8ff12a,express each other
1dc9f7d7205efc1d00ac56a69f04cfa7,agree to each other
92f6ec59678e905a44b01ffabfbf4ad2,fight with each other
bd5121577812dc0d8d9031b75b8eb773,be barren (a tree)
cd9bcaac28d459f302519015ab8af2bf,flow (water)
2f9b6e04276f225c42cf074853f6674a,get collected (a sand near a dam)
594a1f4e42cd350b46be0df986b4e062,be correct; be good in aiming at
98b0293f5f1cf622ed85b3fc48ebb22a,be good in aiming at
1bf0a62f5caa43d15694be9c50f674ac,"pound vegetable, fruit etc. with sikúy"
3afa60bc8941f838f1d2aff21b5d89f8,abuse
10f7025a163f4027e4c64a3cc5633cec,keep erect (ladder)
4cfdf3b8bd07440f0275badb7ef2545e,go in a line without breaks
0bc1a1b8f81a551a0aed872fa6795af6,join two things together
dc70013fcfbb4aba3a33ed3940f742a9,burn down slowly (wood)
acef16b51ab28e2f1fc3710a7720d0ec,be wounded
6d198d849b57afe40472eb8951abbd36,exchange (vegetable etc.)
49b3059367eccdb65cf84e655fa5b576,make slide down
1cc4c178a0da5896b25b6828b9d4ab11,eat again and again
1252e39a612766d4362d8899ae33942b,hear again and again
a2ec776678396beea32439889742db49,do again and again
9b21e4d0b19a18d3fcb8210b3aeab08b,wear cloth just above the breasts as when taking bath
3ca70172cf6b346495dbd0c5a4c64eef,have marks of being crushed
bea948da12e04c2252926a78f6216628,"be brittle, breakable"
325226633ef8d592ad86f50afe8332bc,drink by licking (dog); graze (cattle)
27bf6e45527f7ae21621013504cc3073,spread (as a rumor)
b456a3d7440e86f44927901eb0f9bd5d,crack (stone)
e4f70c75a93eecb10ca503566d9832ae,investigate
99938282f04071859941e18f16efcf42,select
0701aa317da5a004fbf6111545678a6c,nurse
6b2a0b4bbffac8ff5b85458b53f29b25,"spin, twist"
e849711d07f4dcfba27dce4106003d0b,dream a future event
8cca8e3fb4d3d9d8b1b1a36525d8d1a2,be chocked
9d2013de987354cb0f4bc7d85399b8f7,divide -- hair or grass while passing through a field
039ff6a9719915f25c4b5e1cdcb45fe1,be a shiny day
8c41029ff22169f6faaca56652923ad3,burn the hair of a pic with grass; to burn down wings of bees
cfa39efbe1762f26d7dc7779cf295bd0,be full of water (paddy field)
5ed33f7008771c9d49e3716aeaeca581,ask
52f79fc9e5e533c4a740549791e19a0e,be black
0cc43d85f2c9780434b90f8e4f36da66,load a gun
a53ff64efd169c1b4d085d6e7075c8d7,say
d66ccdf6db86af93237cb7258c2f870b,be vacant
247174b6c76f2e73711be7503b8228a7,open (book); to spread out wings
e4168202487a48c157f501fc28019fe9,be cut (by razor or straw)
8e24bdb5b679a2d7c00460f985d15faf,fight (as wild bear)
b887d950f3dc0a072d094f6a1a366f23,"saw, reap"
1f3e4a3e8c433644311cd5e62d68bdae,make someone become bankrupt
914a72c1f3fa2621d0776190c5220f4a,be jealous
af8136a56a31951d8715867c48152479,be much frequented (path)
cc18600cba2cc084a11d5f9382c508f5,be rough
c14590bdee899b76da3a7798ff06ac5c,husk paddy for the first time (when just the outer cover is removed)
b0191bbd1f000e5bfcabde70fe66f07c,be charitable
10fe881e54978707f4351a5d26328f05,be lucky
13e85f223ba3caa440ecf933163c5088,be well cooked (grain)
4eea6958908b6344dd3d9fe6f9eaa034,"have water, etc. coming out of the eye due to some disease"
466f5dc834b02ecbc0436eb046da5e54,keep a pot near the oven
17981efc83c79790f19358a47a02bcab,throw (a stick or a log of wood)
cc70f4992e93fe7b20b793d099762400,"place, put"
02689ebaad3c797ce1ecfa8949de7f35,be poisonous or bad-smelling (as water in a hookah)
7982b9fa248db438234cd81732c65772,cry hens while going to lay eggs or while coming out after laying eggs
81f0d471b302d5c574204ce6e25fb954,have a jolly life
c36edeb09399c8c1642852e5a5d91676,pluck flowers
506f3d401cabcebfd6f5d783a13ef593,be big
51492fef1d85c9cc5fe740d55b49425e,get scratched
82c00612ea1fe1cfca012d122e6b1efa,keep someone secluded
f3df3859713604c5b078021c108b69b3,make to seclude someone
186598837d25ce71f1deb60e353e93a5,put a condition
dc9f5ef9633f4686b52943d350194931,carry a bundle keeping it above the basket one is carrying
ebed715e82a0a0f3e950ef6565cdc4a8,place
6b2b3a1a7389ab7224b7b450c2d32f61,"sink down (earth), to get reduced (swelling)"
609ac3678e124944b2c1a3a31a099fa6,spread a mat
8fc5a7d6885a317f2f7ad3f12ab26241,compromise
e93488b78afa29eb40d07afd64ed56c4,feel giddy
3d8e581c93dd6ef9bd5176f2d9ca47d8,lay on one's back
53679cb7180f850114f1f771ab0e4d99,read a little
5fba23d659a9ef9b42475b78c227e7f0,say a little
120cc661edcd8bf090e636b7a307056c,see a little
e6c7d3b7e154d6610632f2691b87844a,be surplus; to be excess (as drinking)
f210a15f9d5b626136219c950e39748e,slip off
e088d41daa7f1da648699d31d5b448dd,be quite different
e1c88714060a369df89a67b34717e9b5,compete
5e4a0fe25ea4c12f01d82d2c7216ae0e,expose cloth for drying
e6437fe47a8a7c560f914ab902b3ea2c,make to repay
d62a82131e37f3a01d2229f112d87984,"return, repay"
139f4a61318dcf8c396837be79bf8918,shout in order to drive away wild animals
98858152b109f361d6a7324615da8c1f,hum
78b0f8a7ceafa7b873a6db77b08eb635,"decrease (water level of a river, or something in number)"
003bd32bd609468f47ea47a377cac84e,have a lucky tongue
badae0e81efa0300daf0a832fa3e8f66,hear slightly
192715129ff259a21d8cb7b1ea6cadf1,persuade someone not to do a thing
ece116f6ee5a75cf8bede17d62b94035,persuade; to reach a thing above or on the side due to wind (as a spreading fire)
167ed9c6a2bad39765e649faedc975f8,see slightly
a270ea9374d8243fee8fbd14ce65bdcc,boil up (vi)
6affecbb91f18ae99e8438899b46c2d1,branch out (paddy plant)
168669124365dee257cb98c819b2ca33,flow down (water)
7d668b59b675388ff0d4b972add4430c,make to boil
ed0a58133d36dd9132d45a860ac747ee,throw (small things)
17caf99729e5e3cc4728191bfa9254d0,throw at one another
862d0634ea868ced23c0a3d3bebf3eb6,cook rice and millet together
af777ad90f588f9db04f7c2ccb37bf67,have one's leg caught in a pit accidentally
8ace2956051201981497fcaf50f7c98c,move a big stone with a lever
c4a7dabf595847124940ee6b23caf4fa,rebuke
b35d26e01fda7d7fd7f3a4c95d5d8ef7,break an agreement
735db7a8afe971bc595f49901abe16a6,make to saw or reap
2c44a804cd9ec2a0b8faaaee90a748ab,turn inside out (shirt)
e16f82b9292cab7009722c0b284c4b0d,"compare (color, etc.)"
4d6c6bd6e402a131150cdd405e488acc,feel itching senstation due to touching bamboo
30d6a2c1ae6e8b324954ebd50943ec73,be terrified
ac200272f9f365917da3bc69283b3786,become slant
30d2262729c38daf8f395d18f7e7259d,flash a mirror
b0514c8e5b3501020b2b7175d1033b85,separate rice from husk
256389ae7cd507fda7bd56cfae703d0b,stand slantingly
f3a898c0d31d3b381bb4b44ed365a65a,work with brass metal
8055c34aae14aa3f117a7602c2c16aec,keep away (as an enemy)
889359b64ff4e8a186cb89d6b7663da6,push with the shoulder (nudge)
bccd565b9e78c1cbb37f7143e01db524,"rub against a tree, etc. (buffalo)"
1d82784e4a04195d0d6c8e23c7e379d0,transfer from one pot to another
798cb8da93030c640824508af06948e8,be adamant
7f87f03fa94132dc079a06a9a5f8e154,get the hot smell of chili
ebe6a8584d604617a240977e1819bc12,have brething trouble due to crying for a long time (baby)
62c24b87ef0d9217450e8e1ec46aad2b,suffocate
c9ed10f49118fd02ccaedda3bc9a6e24,be completely round
a60fe8f420d5b19bdea49a582d6b08b1,be smooth and shining
abab08c3b68a6eb6afe126a017a8d63f,blow through a hole (wind)
03afef5ee863605373a5ba72744fe60d,"eat too much and have stomach pain, etc."
7a9e39ec154619b8ebd53dd8df630c6f,obstruct (sight or light)
c26e4192236d864e5952311f20923a58,slip off (handle of dao)
7ed679c52f421a2e8a38e7916cee1346,sprain
be13c24b9e3793e0ae3785aac8672328,hiss (snake)
2ea7a0aa262f12f35b06d6afbc39f629,be very light
521e51d4fbab4ebebab26c6516f47c74,"become stiff due to cold (finger, etc.)"
5ab4257e86573454238750452f790c44,foment (apply heat to a swelling)
15a67328081577e613e82b00b68c1aff,help in fighting
b97198fcc825ccc586dcbcaeb98a86ad,perform a burial service
355894ea1a84a6026a89f6b3e189be48,press a wound with the finger
a9b6a8cefc69fb3cffeb8546c0fd1a4c,spread out (parasitic plant)
74ad3e7c133b453ad2151f6e0c470587,be an egg that does not hatch
b287cbefc25fd2418ba3212d1002dccb,make resent (as by locking a boy in a room)
8b141610179fb1b6f36ecfb0dfdddb9d,resent
3c573a2ae5ee442123e82e432cc161d5,sit with head bent down (esp. when one is sleepy)
bc1a2624ae5ea1d23ffbc025d8ba317f,be blighted
4bd3a1b242a7d11c0c1875faa665f0ff,be just eating
f0ac60523e04c10bbbd429e79e68b6a5,be just looking
fbcb6cb2a962647e47e28bc4de5794af,be not very eager to eat
d4b5dbcd80443ca0ab06d43d48cb22e7,be not very eager to speak
6a35527cb455f96593a0a47099047909,be not very eager to work
9f434ba3a32374eecb0cf69ee2dbdbcc,bend down (branch)
aafd8e13d89a5df4bb2e6a7bd4533081,bend something
f8bbf32c8e2dfc79675cd7581ca5b1a3,transfer liquid from one pot to another with the help of a wooden tube
7d22a8c4191246154eaaf871180b9f5e,be red
e19521acf7aae1cfcdc887b8546c5d84,do partly
35da7d3335ae3b74302a2760aae5272c,eat partly
0bd67cbab8b59b407560a44e1e9cbd7f,do rashly without thinking
014f49821138970d038b4ad53531483c,speak rashly without thinking
955bf90bfc8705a61b1babeb247c4cb4,"boil (potato, etc.)"
ffb9972268360e9be029718b7990fb2f,produce marks on mud (birds)
fc18305cf6f2a3a01a5b37bb1228c8b3,put on (shoes)
05c55bddaa30e091a9cec71664635256,emit smoke or steam
50bd8c21bfafa6e4e962f6a948b1ef92,fan
f6e149e316bfc50368eee01aafecbfe6,"be numb (leg, etc. due to sitting for a long time)"
2291d8e231775083179fa76d1fa634e9,"be late, slow"
8fb3fb9090fcbf54ceecb22d6d13eef1,respond to a call; to hum (as when carrying a load)
407a097835c269597264ed6df54b61d5,make to mix mud with seen that is sown
24d64a8a7202182ea757d53a748baf8f,mix mud with seen that is sown
63f552c1961887f17499dd5673ac347f,"court, make love to"
204d12e42a9a4ff6e895eb01939c665a,fade (colour)
23b87566528cb4ca93ba62838e93780b,row a boat
4828430b5645802766878a577b0cb65d,show partiality
04983746f7593b35874e9bfdbbc08ef1,be full (of grain; not blighted)
ff291eb468103da391608f3b32fb3af7,comb; to scoop out rice from the ocntainer with a basket
3d482d37973291e10f30892d1ac5a78e,cause to pile up
a88dc58d941ed71119b4a0d0ed116d44,frame (a table)
bb9197830f5104f7c4927fb6a752001b,move together (fish)
ca73b7fa2052d827089ebf35e319e39a,scrape off with a spade
d3466664a7ae9213e68aafce7bbf6811,blossom (paddy plant)
c5ccb32e98f010f65497d88dfc480047,go astray (cow)
a75652896a86af4855b1a47b521fda73,tuck in (firewood)
096a9d40e73359ad90493fd8a4f3962c,be cool (of weather)
bbe513c9890b8b59e2b91b2826c9e733,sniff (of dogs)
678b982ba4b64467e38a0fb938471042,contest; to shake hands
2b95c304f5177e13302182073ddab0bc,make to hold
b548179d86f765bef269245892614f6d,poke at by head or snout
ec1a0b0dfd5faa13d1710b3c91368900,put fire to a pasture
36ad18c9581dab3a0aa36f4dc33257ad,prick; to heat and insert as the hilt of a dao into its handle
56bf3688abf82308881e1c2dd0babf36,associate with
536104c27db70a14d1714a9d2bd2addf,be brought up in a luxurious way
1cadfec9213679aa0464df60b757de12,be worth eating
a9b75308b8958d77635ef5b0d566e199,be worth hearing
47611ffaec374085439325cafa3ec9d0,praise
c2973cddedf3874e6c7ea766b873e5b0,exaggerate
1da33b3689b5810d4ccd58841d549b04,draw out (water)
f0ac856f491d8a6f1d2d484ec902f85b,make draw out
706bb7f5c4bce405c53463487b9a5285,give place to settle
ffe71a0d2a30e5db35d1930813d63cdd,"give water to the edge of a dao, knife, etc"
6218d07fb1e3ca4d20afa2349f3115b5,settle
309aba73f16dc442dd601c796e1d1bcd,cause to keep download from someone's back
d9ad1618d5abcbe31f729d640001b1fb,keep down load from someone's back
a561356ed64650d8af31bb7dd1ef8a01,move down in sleep
ae9da8859bca1cf0e615c2bc7231af35,postpone
34b18eacecfaa23e668d9060d467dade,investigate secretly; to inform
a1cdb2448e2ede92a428b774e4f2e2aa,surrender (buffalo to another in a fight)
0cd074a1bcb78a7e5a35644f4bfc8d04,be steep
0a2001c016bd45e7672fb35ca1d6da6a,decrease (of water)
25cba01b4cdad2d856c4bbe51352607b,sweel up (cake)
bec1c3958e630be147c91c3631f54bd8,make squeeze
2c560814ce35a8811ab91a22fbb20185,be magnetic (iron); to sip
d09cb3954c10aba64cb25f369beea1f2,gather mist on a valley during rainy season
fcb0cecb6ea01c14c219ecf21efc5027,"sacrifice (before cutting a tree, etc.)"
3a4067afaaa0ad6d9ede4765255b4874,be very clean
f99031437570e3578164002d9df5218f,dine
fc036c48b8980325d6b75e630876c964,be sick
b7ffd17f3a97371e317f114f5ce593c8,give up protection of parents (of birds)
c378253f3d538226b8b4b2516a97d154,pull out with great difficulty
99cc95571d8ebb18e4def816d815ef72,walk on a wet path
775e381c3adb590479e7e99298276ff1,"be accustomed to (fighting, smoking, etc.)"
2487a24ddc987f5d130eadcf69f98164,be busy
d7fb2689e0d99189b829ac61e461d886,have uncropped hair; to have the grass growing wildly in the garden
3303bc9e20214df2df951657bb70438f,peck many times
ed4cf191b96428791882c3e213d6e185,poke many times
43c381485c5d15a1c60b74d126f17844,prick many times
ad2bcfaabfa9082314dfcde07b747477,construct a small dam by using small planks of wood
f40a32a42ce18d2fbf83e2685543e940,sacrifice
98e06001348db96503855710fa6e49fd,give a lead in group singing
7294cb7f326cb90d01a41c94cb708009,be the lower one
29e7d70bc9a000aea35d2185cf92cbf4,make the starting cut for firewood
96a4c846d272b866b224a4385a15c6b9,tear into pieces
707b2c04ffc87b5068b0e4a07b15dce4,be sharp
f955d7eea78ed2c4c8f27a111de5e2ac,be weak
202c030a167629dfc575ff84f96fda98,"enter, to include, to take part in a party"
9d9a627954fbd2915b2c132c775af471,get down
79ac065e81b44be34ea611facf462560,hurry
72c8ddc9e6b935467aaa17f0731f5ed7,send down
cad1c068cb62b0681fe4c33d1db1bad6,taste
2d5d91ff6a34f2ffae6a74284f2a0c31,crack from the edge
23965d38ee7b699318018c7ff77243b5,ooze out juice from a tree
eefec303079ad17405c889e092e105b0,split
dbecdc03022afa3d2c8cc16c20617c87,make to walk or go
d7cbbf66faac56450581c86f0e52339a,"walk, go"
52fc90a8cc3ee72347a1354f59ab7c3d,talk ironically
5185afb632a22ee838a6ddbe11efe57e,absorb
c7fcef7e23c6c6768eb86b997edcd6cd,be tight
c8416f28af9e2ddc4adab7734bdd4cf2,be stingy
791bd6f7a8b537fafe5e6cb947df2234,hide oneself
0b455c49a6207a216fccbe1e2a331936,tie grass into bundles for thatching
70d9f3a4f9e3097aecbea766149d26d6,"be strong, firm"
8e76773d56a8f3897b0e8b934c90ee71,"store, gather, pile up"
9904ddab92c8692b2988ad992af531a5,sweel up (belly)
59e423e3ed3f36d3f7bd0a508dbb8606,"be clever, skillful; to touch the mark (as in shooting)"
5a241a357f672a0a8728d94e25b67d96,point out
00b85346897d56121fa2bdd142d38aa7,"bulge out, to be protruded"
4a934d2a7f8d0a5c7bc63f8bd5e9e5e9,hit against the frame of the door (as one's head); to be big
2a4fc6648d4518599c103f5777c71c52,mix (different kind of seeds for sowing)
c9e40b10ecdcd1e628908fcbaaf9e2bf,"be supported (building, etc.)"
cc9f9b82246ebae38d75aa103bc89632,give hand in caarying a big object
293cbf29501fec3a630e81bcfa904fe5,have bends or bulge in a beam
fbde3889b4c10336c66b7428b2f226ee,"give to y instead of giving to x, because x has to give the same amount or thing to y"
7ed5354cbd9636c11b7f2b76b7e787e2,place a prop as for a leaning tree
1493c2ecfbfd965df836bc260b7b6700,have plenty of rains
2c857c57d26529ccb866e859c3d280a7,be very tight
e86f60eb6b566f948907c663d50df82c,dig up thoroughly (as when searching for hidden money)
d6d509db9b94c325cf458e67ce4dd23e,do into pieces
4a2fb0f8447e6dde4da5de6aba3c6c7a,put an extra beam (to support the earlier one)
de7029e2382c8cccfa453d742c3b7472,"wash (feet, utensils, etc.)"
cc497e9bd1eea6aa6915528f4e9f3482,block a leak
66c709f1c65e41d8624e06434ec80822,thrash (kind of seed)
de8e2b5e2f2dd2e08676f00b189242ad,be parallel to one another
dc2b3bb2597b6968156fda0f817e375a,pull out stone
454d3e19268e2db86126589cf2b4380e,give a name
8ab87d4fb3600cc53fc0c5c958a250b1,fix
f7c9b4226c83d519b2e143de9479287e,proclaim
5cc2ca145c51f6122acb1eda33a42865,be overflooded
459550ea896864960f8f1fc9d07fbcdf,be grown (tree)
70a53543f02dce48906a67ab137546ae,wear kongsang necklace
c35b03aad7d369883ef1b5e96c1d28c0,sweep
de99bda24674ac5ce862e18e14aa649b,"bury coins, potato, etc."
2580a966353215aa05af2c34ca30ec70,help in lifting a load
8c04e63df9e0e21cac044fe2f542a984,dig a field which was cultivated earlier
91da4bb9fe8563121a76226f4936b19d,uproot
50d4623c50ebb7034250a7e539061c59,start pulling
70fae366b7055adf56eb7370ee56481e,start doing
8bb127f8edc3987bd0eda11fb07967f6,start eating
d92a9b1058f8a21324feee07bf652336,hit to a stone (leg)
664aacb60078693316d1e388da166d3f,get caught in a trap
f9711459597572557e6fe3e59e17ba68,be contagious
8a9be34127c76a1322e40f54eace3f90,disappear; to be lost
dcf3c1c9e3638a50c971ddd1b65c0c71,be good at pretending/playacting
2ecf5c61f307009b93520f511140a9bb,selfish
b2711e0c6ed1da14ffe1efe05b663f59,rain/hit heavily/too hard
92db5b0c0be5cf15dcb321c94a6cfbf6,become serious (illness)
0374ba3972d208a8985b90d3226b3e4d,be eaten by insects (as grain)
ecf4324477d3ab2ae7f838ec01750767,weed out
380e52175c0a589283a8ac7847a208f7,"spread (fire, sore, etc.)"
63a710bf02b48f0e0f6a0de7d4347672,stretch; to be more
4f4f9eaa995b742292f3eebea808e29f,become soft (meat)
b1df50e6bf70b694efdc2f47e7337733,be flooded
04e219a5d07228225d1b93419e96935e,be ripe
7033d5c4d1ed8e1be4c2507c083cb846,"scrape, rub"
54e7b2912c1184930b873da056a3fb7f,be musty or mouldy
ced9a931c6c438d1a37b1871938d7a53,rub off
9f136fcc442b88fa5c9a66a01ffe27a2,go astray
9b8fd3e470066089e85487b5ba67e70b,be affected by smoke
30c6a84723711ef478784f4246b61559,"be musty, mouldy (bread)"
ad0491324ad9bb8196954fcee26739e0,be clear (writing)
2f211124d2977ebc6de1a1578a7324a8,fade away (color)
ce9230238cfedcec6b03edf56f00fbe0,get poisoned
cd2f875ca9e0571791f2ebb69fa733ab,make a basket; to weave
1df5518ca82e2e93c8d38686b880a12d,open (eyes)
cc64e77e65d232d2741f5e62efa3faee,cut off
65ab6099ffd00b106fd5b3e1e9590cf9,fence with sharp bamboo sticks
7f15feaa96a89c394aa9fc6b5463ca36,"extract (as fat, wood, oil, etc.)"
01c92cda1edc3caadb8ae03e9f93ed2e,"rub axe, dao, etc. in order to remove the rust"
49700de6193e5b5519502952b7d51d1a,pluck out one by one (maize)
19cd2a0ba353e7bc74b243cb10a8d50c,turn upside down (bag)
25e3705f0822acb9c5cd5557f4ba47f2,be respectable
5ea16de772d58096cf701446a6264c7c,be victorious
fc18979b777c41bb40ac13cf070d1acf,be very wise
cb5faf7f0309c473b1643c3149b164f2,"be very pungent (tobacco, wine)"
a61da85e00461c531d4467f9cde25c53,ladle out (curry)
c97da3c65a68a1c8068f311b3752b3d1,run away
df77f188eb0f5c948ffe57cb5046fa62,"drive off (bird, etc.)"
1927cff4e0ac233534d7f0f9c1b44c8f,level the paddy field
8c4291f6956da81515a5c0caec2976d0,look
22a65b8bd80d32029f82b3b49d57e376,"throw out mud from the hole (rat, hare, etc.)"
af7275471e4be2f6eb9075a7393843a6,put notice on board
fd29d849e9053c7478b244fbd5b29198,hit with a stick
2844ddb4d2bb83bd2d6c05d58c335c8e,beckon; to shake the hand
d400731d2609bce52290c4b90f7d81c5,own by birth; to have talent
f0ebc176acb87aaf3b7165173a057106,go out
88ac671dbeb9ae1e516642aed319c266,scatter; to sow by scattering
6ed7afc820dd050cd7ed2dddbf9fa65e,be a hero
f3d36566f2194c26c83b3d25866469aa,clear forest for cultivation
9a468ef5f50495a7e49b4db22ab4576b,"spread (earth, paddy, etc.)"
a5f4e518ab49a7f6bb23415235864e71,draw a picture; to dye
48aa22adfec536f669631473deaa97e9,argue one's case in the court
7b0bc534fc184b054acdad136439bba5,"search out food (bees, fly, etc.)"
2dbeff5bae6e17c766bf11039bfd229f,prevent small plants growing up (big trees)
7aa2abf2cb1dde1ae75fa953b1ebe865,be slightly wet
e302c2323b2bf2872bba18ac73a1feae,be poisonous
ca2b81975433d768984c598ff2baef98,be late in the evening
23d083bcb9b4e0a7217977ab19b6a06e,move in air with stretched motionless wings
49e3013585b2b316aaed9d6b27784fa1,leak throughout the way
30e9d1e3a23ba56bfd6c030acb854b7a,blame an innocent person
57617d4227bef427b602fc851822e531,accuse; to make a mistake
d1f4a41b5b9a25e4b51cee852749994b,"catch (ball, etc.)"
fdf3e547aa62f5f3439627b08f525f8b,slash with a dao
40850fe00e446904d43494de1a15ec67,have some shade
6eec02d02fbddfa89fb166dd29ba0e2c,be wet
fcdebd5fd8e820b3222742745a3ef07e,do some criminal act
df872d498fb34fceef99f914e0283f59,be stale
7c4db06105e871cb6ba60bcd7ac9a076,search out (enemy or prey in hunting)
32e337d23829ab51365d38feadba950c,decrease (size)
8cef53daf40839616c902f44acc89766,scrape with a knife
0b08bd98d279b88859b628cd8c061ae0,win
229c52ad6ea952746e2eaf4d0af9bc68,be unbalanced
3f035b3762862f257472238f614ca3e9,be bigger
7793f9e6d8c63a777cbdb78e18ec843f,be redder
07fe1b139a0fe32b6a37f64b77324c42,have much more
0512d8ea955fc620a2d71f3d351bb913,try to hear
1a618a3c7f2287252a5b9801af43c05a,do by mistake
f0e2eb016655447c5114daeeec39490d,eat by mistake
d7a1fea66f765a6306f88180241c926d,try to eat
b1e36f00bcc5d72dfd77ea8e44e7ca8b,have more faith
5a5485dc480a55ea641de981c9f11473,be smaller
801f5b0af221c4118d897b25ee3e3cfc,see by mistake
dacd6ceb7a7b105defefd4375aa30d38,mend (as a basket)
7ce131f81b37b8fd830faceabaaa8970,make to carry
9c874563d32abd5b8a0da1599344c949,cause to help in lifting a load
e6f6104a68b151001e59248d4f04bce5,cause to drink
8d3e68326a4ace04f7fe21da3dc9d411,perish; to be destroyed
9fa45db736cfb8a6df80fcad7a79d7fd,drag
fb87ece92332d6863aef4ac5d0f54cfd,destroy completeley; to extinguish
3c0c9da0153fe8ba92c7c7fdf387bbca,make to be mouldy
b03ef720e43608783dfdf59921dcb7db,make to drive off
5564b38dda4002b295e4ab84e0de2c07,make to scatter or spread
e91ee117920e0fdd00c9e072f1f7b7cc,"pat, slap"
b1d5b9ee7b336facdf73fb760e655cec,bubble up
a7c584d58f09943088f6aed8c6e7ffdb,burst out (when water is poured on hot ashes)
f04299be9e9a39a088f61439062e8746,"gargle, spit out a mouthful of water"
19cd3d30bf016cc38b520af6c6d1e8e3,burst out (bomb)
b02834a7f488e7f87c81955687580710,put here and there
da809b719ab6b1b4ce1434c44f454f9b,mix up irregularly
7ce35ccec75c98a356814278d492b1a7,pull irregularly
a72354f096603a8365e3d068de1fcf98,catch with hands without seeing
01da9592f59df31bf11a27b9eb0e54ea,"burn the grass etc. surrounding the house, field"
06737d726578f1cff8f731daa1228414,cause to move
3797b1834b5cd9408e14e5e0d6352c50,cause to roll down
324a7590a91adf962f9b2a1d4ddaa6c9,refuse
f2f600c38c4d645a03b753255f64fae8,mean something
4849d3ee445a0ef69eeeec190ef27251,be dignified
72f78d4c2b74cf4a8c6319bb7394d6e4,be ashamed of
c880333c82e6955e4e29dda796124115,"rinse (mouth, pots, etc.)"
a1477a87d040229d4a883020180fe139,make level
dc754322f340222cd591992c0cc08900,take away little by little (as from a pile of firewood)
8d6f0364165ad5986967b54be31b96ed,wink
877c2efbac2696c5684808c6d1998748,be naughty (child)
59ada635ff6a39518955ed71a0e33ff3,divert a stream by cutting a trench
ad55f764e293563c4c12c2045310af84,displace; to replace; to change the place or shape
e23aff51e2ed6e3a96a3a968979eb606,expose paddy to sun
d2be83c7d97c6a000ad6b64e2a16c9af,help in carrying someone's load (as a bundle of rice)
67c2c13e9cc0c312973c90245537fd04,shine
af0202b4c98d8969f0c65af5a81cebd9,be giddy (as when one smokes for the first time)
3618aba9d57f3f3ea5dfe0ebff4c7828,"rinse pots, etc."
50d8e4a4e8eab18f308156d6bc308022,obstruct one's view
6c2425524e8b43e90c20f2653838f27d,wink once
7aee0ac619f8db28e0ad294ec2586ddb,shake off (as water from the head)
ce04e521db2557ac5260ee070a3c0588,swing
0671b8d17ee9835be196c1bedf4287a2,rinse the mouth
f1f21d50012346d764131fdaaab6f0d4,swing (as in throwing a stone); to weave nicely
65c015c775338e1083399c653cad5fad,hammer scattering
f23033811c534dad12433cb47671b146,do scattering
d42bc77555fd2bb5cbdfe3556a8f4228,single out
077107c59123c5a8e40173afc6660db4,become bankrupt
632c183e5d3646175ab150a3abc373f6,argue and prove oneself to be correct
d873aaa03698889642279fbedd35c8e6,argue and prove oneself to be correct in the court
240e95a48036d4d692e474cdc106b08d,"get soaked (as tree, wood, etc.)"
ac9ba0ddedb74a9286c591e7f15ea2cf,compel someone by illegal means
5ffdeed76a31215411befdecfc94770a,make wet (cloth)
e4b636b8f8317dfd1a3cfe488f320622,make stale
7b6855235d74c76adc4cc951b0385843,increase in number
299a61e5f184d15aa7ded3c638bfd7af,make strong (as a string by twisting)
85be74dd7678e8f0b804fecb7fc11d36,look thoroughly
0d299b140b2973763357f31599297bc6,be near the edge
09a8914646f944c8eaf13e8bd3466e56,be popular (as certain fruits or grains)
c7a553bda794c2650f8063a4f0b85b2c,twist and make strong (thread)
ed9ee2f69402202bd0791420b6f29d04,have the sensation as when walking on a smooth object
3e1b498783d9ecbc3f7540e4d9939ce8,be blue
786cc01c09233bd16e2b2d7dd6f25a9f,become ripe (said of maize only)
1430fce29a8c6d0e7fe5ba19e51d955c,be very tender; to be a very mild person
eb32dbe7ce347acacc0634e0332c7394,"guard, look after; to fence"
1114ee36d614e88d67599d4be30c1df4,have a sensation as when walking on a smooth object
4188679c1d8a284ccc41a6b601869e05,kiss
a95c38355085c6e6d854a6c40ecd9b14,be pale
4f24b96a6d55013ab2fc425e2fccc99e,"stroke, fondle"
eca0b866cb7a20e8cba629ea92284c80,be engaged
bf39add0aa3f058215138098e0d657f2,be eager
c3c382e46e32369c403dd2c4515c1e25,be of similar shape
cae61d0a30a1ae14883d8ad51ed2bbcc,pull out one another's hair (women while quarreling)
98b27d09426c05db370f89fd90c262de,eat curry during meals
b0ae979be1ed4474999ab651e6beb2cf,spread thoroughly
2b085221ad8ca352b9cdf885fdde4c96,start crying (baby)
6d196ae5b9dac5e4798dc968c4a68140,walk with difficulty (old men); to crawl
224cfa86f35945d0c4f08f301d0447e6,be dark (due to cloud)
d77527f3c5510a896c954173bea6c910,be tasty
43f6d08a6f0761d0d11276c1179e3b6f,be blunt
e3cf48bb1f3593ae49166794aded6d73,pick up
d2aa9081415c1c70adb0bcce0e0e801c,"have an extra limb (fingers, branch)"
e26e92285fc8dc868502c7dddbaf02bc,carry a bag on shoulder hanging sideways
7bdc75884e73dee018c8278ed7f2a01b,get stopped by itself
5f9901fc60b769b523d0dd8e79b3fe08,hammer
aa87fce936da6fa8a7f393e022a0f41f,put two things together
f30ab8f6ccf91feb03925fc8e0c7d396,have spread out branches
56b6badce588dfdb69c08e43edceb9e7,be floating but not flowing
3b5a5992d769731052e245be02f06bb3,"stick to, as a spear on the animal's body"
50cb8d9d739e50e8fd13472f07cb185b,be uprooted by wind etc.
968a2b78f6f03a3b63d2c375ec98aaf7,scold one another
101f6ea6da990d570cadf7b9d9dfc9b5,be uprooted by wind
d1ddaf1b5b3e4dedb506a21408e919b7,be normal; to adjust oneself
2657e0e686f59de4973ce5454eccf100,observe a day (like republic day)
f47084c1925e121cc971990226f0e24c,compare (length or height)
845fb20650cf85bfb007e83db65d6fc4,have a sticky or oily face
f0fb059178f65cd279537d2cad9b5f5c,"terminate (road, cave, etc.)"
9e7bd83545ffe009ed639b49e92755e9,be equal in number
5402b33930171e567bffd3e5a2219922,scratch with legs (hen)
07f50ec0f310fcf7a2aa756c5250acd5,spread over
7bfdb79312e14a37f5bd4cdb66dc6803,be full of something
912612e1e4d65229ad749f2156cb1d64,filter (powder)
8dada3a711d1566d01c429911fe990fd,look (at an exhibition)
e431e5955dba5ac1d42afda08d9e613c,"play (football, etc.)"
ca8062ec4916c9c580b04d50956b7f9f,be weak and shaky
95bd4d656164278daf3f83b7099a8529,divide
c72056c73a3b67c72c0c9cab2ba41a48,be popular
93e6de60e59c8efa57b2cad04103668e,lie down
baaded0856998fa511885bedbdfb72a4,expand itself
352a21c11af9b1eddad000d09c93c04c,"be correct, proper"
72c3bf210130fb463fd44aee8b099286,have the right to do something
3acdb90eec097a80dfc263b271d652e1,hide; to take shelter
b5d2833da90da03d6c485b7b95f9e546,oscillate
80d43917f69394b0c38bf196c40a5c74,look oneself in the mirror; to look thoroughly
5acc2710baebb22561a6806d438ff40b,wrestle without using one's full strength
b8bab196daa5e84686368c4fb9212736,make a mistake in giving shares
8a4f68eec9521bd48ceec0eedc10dbce,take from one another
0eb0e9eece4359724be4cc6e409e95a9,be flexible (bamboo); to be weak
c2bbdff6e5f82751c3da0f4bd6618f1d,drip
8a7325a412542be6a170279f55a91014,show signs of surrender (buffalo)
e2c12b8280737d1a127c987fa05a535c,decrease in size (as ice when exposed to sun)
efdbcc93786e9be6288de410fd9cc42a,"associate, accompany"
691bb8c2db45384883b1f740ea9a7e8b,be a lonely place
5fc26aa39ccaaa0bbc86b024588ca558,offer (to god)
41cb89fd25ac42cfb0e60c01c6418ef2,make strong by twisting etc.
767506241c90b8ca53e37728586538a2,turn back suddenly
820b5bb0bd77a0c112c622e43c82d113,wait in vain
2d329fcbc1894b34e69004ac9e93b900,throw and break into pieces
9e21a1b030d8258bc7e273e0ce8df7d7,poke deeply
4b83a67ba5b5c6f9377301f1559c1420,be broken completely
562d2612bdce71c3299093cae9de76bc,pull slightly
8b41044b09231a8326f9e29e8f43ffd2,have already prepared
d22d03eff96e89564b6f666105a9610f,step and break into pieces
3365e1233a3213ed99e50e3ac1c0d5ef,sit for a long time
7d1a50b4a11d5c90f47fc3214b471aee,search in vain
efaf86a52602efcbdffafd1ab77bfeb9,sleep for a long time
6496633607335f1d1213f1ee992083bf,mistake one for another hearing
cab2483087065aa41abc09a2be1af0d3,do a thing unintentionally
1a8e5dea9b23908a004a5e9d8658cb0d,finish off doing quickly
a9ab589e9187c8ed9b98ead854dfd6ac,apply color lightly
5052c7e7280de88bbd44a572a42cd89d,eat unintentionally
a51fcedd6dacd5a85b0d352b79403491,cut deeply
54ef1d73eaa7238613ea5a4818323c56,have already eaten
cb793a8256a4ccbda9fc047168293a4c,finish off eating quickly
0e6666fc66da9eb4cea2543b4373c04d,finish off eating quickly (more emphatic)
7ebca294496ad33ee55309617ba477bb,eat and feel soft and light
d7279fa24e5c3053963afdd8e68ff986,be mixed completely
4dc5f191d34ff13704ba78095d57ca62,mix thoroughly
822b77fe778e6f4c8607d446eb2752e1,fall down suddenly
213ece2afb5708ca7fd17d8c1a63f134,mistake one for another while seeing
480ff6421ae5f212d83fab9703a20929,carry and feel soft and light
2653d34fb285a7c204edc5aa96f7a579,cut with scissors
2fdcfff429e2d6c9f3e262300fab4264,express one another
46145ee8fcc825387ca72db80b827c12,say by mistake
054432540dfc6b38650600c922be3a1a,"say partly, without finishing"
3c2f30e0d61e38726d4b4dc890cd00e0,tie tightly
a8bf677abdd591a71a4413f1c782ef02,tumble down (pile of firewood)
6c6c07b8dbc4b9e702be019725e190d7,be thin and hairless (calf)
1f9ec9d09c808b5ffa3ccf86ba49ce49,rub and cut
9b7189815fe747b897366adc1cd8e1b9,sprinkle
d8f617b8cf14f1eb718f51dc316c4b8a,be poor
85c1a049796ff21d87507254d40e479a,decrease as flame or fire
90c3abce355bf70f0886574f6a420461,tie thatching with split pieces of bamboo
88ae4f25299718bd15cb68baf6345177,put too much colour
ff840883ef2be07f7107c80ba66281dc,have plenty to eat and drink (in a party)
7744d19d682f0a52f5fe262addf92396,be proud
32a88bc24d703c083ee09268d50fb434,be well-cooked
3a116049b850844739739c5ea8fc0603,make someone tired
a5fb35947751ca90dc8976c88ac90b97,be modest
3ad01ba6fa3fd7382b12f8afaa817b26,dislike an engaged girl
e47070e6402eb2fc33ea39b125d862ea,have taken enough drinks
e95dfe32d236732a1545599444077260,cause to repair
6c47e645bb584ae3326f2ca16c6a1687,give interest on money borrowed
543f185ea4fbe7e09d411df5b7b9798b,break (tr.)
a7dd12b1dab17d25467b0b0a4c8d4a92,show
f0ed80f7dba928c329f1c363dd820f73,make to kill
da2d4f6c493644749b1d480e2e69c417,make similarly
318fc9955c0915dbb0331b9901568b15,make to support
b16e91cb0cc5be0cb1e199cfcd3f94da,cause to ferment
812edc8709ccec9ffa32f09c6e38263b,make fat
e9d35ea18cd1506c8f4c625cd155e4b7,cause to sow seeds in a small ground
a81c65135e6a77824680bd83144c4d13,cause to catch
23740f3ae5095e3373e87a851691f32c,be separated from parents after marriage
7b8471b200723eeac64016b0a828ce30,cause to get down from the bed
786cc629eee0ac071fa864554621ab5e,make arrangements for marriage
fe2c62149369c388b51ada63fa59c9eb,be blighted; to have spare time
5d0ba4e9ac26dfad591e337ead0c656e,think oneself to be very big
b049d52fa33827425d1e44f4ae0343b6,stretch one's neck
219f6e233618495038cf382da01f1e4c,dissolve
6e0cd11334a28e067ff3d692a251f238,be tired
de057dac92e283d180368793ed821457,be high
847e0f0498e336c47ed40ed97a533543,turn with a steady motion (spinning top)
373806c61b3792ae3b990cadc4711626,burn; burning fire
d1b858c9f809b31f69421718054afa6d,put colour to a wooden carving
abb5d4fcefe2f7b4300089a45b3a58de,bargain
5a7a6c391eb44c5f42249a1bb79a21a8,be secluded (paddy field)
ffad3509caa0d87832f811f0f8d211f8,dip
974078fd471520d8b2bc20468d7a4956,work in darkness
d8b2364933a00088c3e18c3fc2588815,have a boil
5b228cd9735d287dead641fa311edfea,enumerate (population)
5ab2ba86925ae200982c9a88d9ce9c7d,make a biting sound with the teeth
b872c5e3dc49d2d8d12e2a40f4f12944,"gather, collect"
c4462ad4b5057a72bc22230ccef63318,"be too much (raining, etc.)"
e20c27c6956156a1adc9bfb4c8c5467e,be empty
e79fcb2d214b649a5770f48508ca66b6,cook something to make it soft
8ad45fad69ff51e14c25ae018a664c83,follow someone
901f8bbf7c37e8e7199b55aedb04d601,beat continuously
dd27c881868523e98f541c2b7d2d1de9,keep a log underneath while cutting wood etc.
5069bfb6468a4256c74d7153176ab730,make sound continuously
496423872c20ace3698ca77c3e8d0e9f,call animals from distance
e77a0caa3ad257d7a6f3948027f00755,deceive; to be evasive
dac55df80a42883c4d08b1c4e3cb96d6,trample
8c787ffb71aacd44cdaae27b993fe13b,shake off dust from the cloth; to flap wings before crowing (hen)
6e26a3b8a816d18d41b4f83e211fb695,be in a hurry
6bea2c50e7f39b512b9959fd1fa429b8,become public; to be scattered
1f9ffc11e36167dc758b59f346a69e0b,jerk
90e2c5aab0b2b996c748b82d13b8f667,tremble
8238c3b327a2c53da746d963120c1ed6,crush potato with a wooden stick
74bb447d2828895b938da26ac9ec2e66,tuck in
58c8e278a5a1b61475ce8b0407437751,stretch out
3cf0abae65c07516603e404801ac64ac,ring (bell)
da8d5baa7b18ce20e7c468d2726a67ee,be crushed in between
12326ab13b0d1a0571823048e500de76,"support, encourage; to put manure for a tree"
8c6b101d8b835d83c4b3c8e63bafbbe0,put over the level of measuring basket (grain etc.)
7fa812b463324b4b3e4c9d1e10dbe35e,pound chilly
f1afed6c88f1fb60841e0a8a56ce46a7,be small
7f021a1415b86f2d013b2618fb31ae53,end
dd32523b4c97588d50ac0a2eb9836df1,chop off branches of a tree
832067dc13c654fe4d9c31b78a89796c,keep more for oneself while dividing for many
7e72c825e0d6a4d98c2eaf71cb717623,get more amount by deceiving
f560e98bcffbd2ee3d5ce387e8f023a3,"rool over, to iron clothes"
339d8d14024f2ae5c8dc2e07362eba1d,learn
2925f77709f2db1f915deadc2940db88,measure
7ee8556ec6eb5984311f9d27822c4a60,be lazy
e6372de3159e88f827036a7fd2a8f4d1,be slow
5169043fa11e856b0e0b56902b45a52a,repair as a table
d4da00d3c29f21799d4bbceb592597ac,put earth on a bamboo way; to apply colour
9907e70b03776e72dd530b3052df4a92,"be a stranger, guest"
d0e2e7c63b31644114090895e5905037,"cut down tree, etc."
9afd5cd309f26941a9b017c74bceb311,go down (on land)
72057df8c02a25c394e60f14b5ef9c5e,be far
43620c8382392d0a6cfa3d8ba22ce491,depend on begging
007a58a6f5915fd41237d94d0b818f82,be clean (table)
e94a93a567b21f5c5b2fcf79855d6507,come down and pick up (birds)
5b3a943b7a204c5004b05dc245aad47c,serve (drinks)
ed2ff46f13a3441b2f448334e7dc27d7,be scarce
162897fff689269e52bb8ecbefb34ec9,study for a purpose; to earn
d12e10afb5eeb59a6a9876da2a35481d,be of extraordinary size (especially the mouth)
7e6f31f28167146c7770e2b01fd172e1,take interest on money lent
95c81098d061ba551c3071f8000437e7,be extra
11349981f21e4a05a285ad82c423811b,break (intr)
0e360b19673505029ad15f9ebc1e9586,forget the good things done by others
239c81a7608442457b1f7283470e5341,be low (as in a meadow)
0c8b41e0672ff5220daeaa6032d650b8,"be small, low"
f54246fcaad72b7a1ff070cb886f431d,be skillful in doing a work
e05ff031e37eb97f667a606b53909821,be new
c833a9adee2be0caed544cd097050a25,be diverted (road)
93a87745773891695fc02c2b36b0241e,"get collected as snow, dried leaves, etc."
97e0d323ad99d8f30630cf1865a99b9c,dawn; day
041b69667fea48d34ecbcdcbd4df13ab,lop off
c81022697ea557643f60998b1b0aa9aa,be clean; to be holy
1e8e42b87a65326b98ced7d3af717a72,see
d893ce437cbeb7b3981ec362cbe04ab2,be similar
32f7a3a1b3a6813681e2293a6565df28,shoot arrow
d3344b3dd6caa411e1c51acc0c620629,fill up wine etc. in a gourd pot
7c1c38571f5d3f30c075c17d63839031,send out of a village (as a punishment)
6f783a7f19bfa0ea998558f7356b75f2,"be quick, fast"
434990c8a25d2be94863561ae98bd682,support
8d0b76afbd66685a48368b33c9690dd0,smell as an animal's body
1eabad983d2c573173cc475144768c9f,"wear a sword, knife, etc."
b67a28510d811b4ecadf3bd83fb5de70,become public (secrecy)
ad0183aa940b744522b4b556157ee33b,ferment
d12effc293ac0a420594f3077c9a9a27,stop the flow of water in a river
531b8c4a201032637e8c4f2b413b987a,sow seeds in a small squire ground
9bb4bda994be9ad54718cfc8846f2066,be strong; to be deep
489e2c35b5c916875ae8b8de650b1b55,sprout (plants during spring season)
a5737ed74f1c8045783768f2654d24cc,"gather together (army, etc.)"
9b6d1ee550fb3cb298041188cf3c28ef,"soak (seeds, etc.); to put flowers in a flower pot"
55ca634872809cb6e41d942a3ea896e9,fold (cloth)
ebcb47ae2deeac0ab4fbb4251777b817,"beg for advice, instructions, etc."
2e65ba56fe61ea1f9447d020f3a7ffd5,sit as on horse back; to carry on head
c91afa8b0287ffb6d8c599fa83957030,swell up; to curve up
58185d026d33b2326218a5024eba885f,get interest
1a007cedd6fe48cf16687dee43548f68,be whole
9e0bd942c8665635c3fd6fc35d9e43c4,be inferior
b3252e9264286cca9ac13201d17ea1cf,overspill
41bbc1595edba05951d4f7bc1f2615e5,get accustomed
20449204ef9e4519891df79de94843dc,have sufficient salt in the curry
cdca291b84d3b7664646046bde7b6d48,"catch (hen, etc.)"
66915bb8cde7b3f25bb6ed7fac56d28f,press one's shoulder with hand
10856686cb67e3d08bdca67d31f69cd6,be fertile (soil)
55edfff7e40c04dce257291244a5770d,be full (as a place full of mosquitos)
ad074699f4a112564d7a2df8b42e44b5,sink in mud or water unexpectedly
a8aac925dda3eddb0dd0714785027519,be fresh and tender (vegetables)
e47575ea942f4c3d5e9a027b82cca8c2,get down from bed
ac333e2c9823061386e6026e92d9bf20,run away from the house (girl)
75feb4a0602200bdaaf829a5682ed7e2,be very thin and dirty (child)
6022b1ca75533a0c1b7d0d2fef6d3e49,be well set (as a row of teeth) or grains in a bunch of maize
f1356feceb425d8e9a2e55d4d6b5f475,wash hands
57e11bf41db22a2d5e0e2c49ba39cfe5,control and give advice
ab8b5fef51abe4fad224727bde9585d8,"scold, threaten"
bcfc4d5d715056c28e5a6c3ba936f737,be hallowed (tree)
305b8925851c9f33f99983c9f52bca77,be long as a new axe--it becomes short when worn out
c84cdddd60d5fc3959490ffebe0d9ac4,cut steps
8daccaf172e57643c6e9573e3f89f4f9,make wet
76f520e10686aa1d6b4a64cb85076a62,think over
d47dd44b65b377de86463ade89c9d541,be full of liquids; to swell up
41d9cb3099aa2b72f693be9012c62eba,come to be true as a prediction
d091a7d7812830ad6011938fd3ab276e,put a mark
daaf86bc701b7ac8249c9ebe02db0737,carry by mouth (dog)
6daab436a656d47fff796f57fb00f63c,kill worms as in paddy field by putting poison
17da3d8116133910b5b83d32f82a0a99,fix planks for flooring
4041fab608d30fe1aae79a11d624fecb,wash one's face
62be069cce832d871de8d52cbaa3fd30,"increase, multiply"
d3b5b51a554f735d947c094260ddd00c,have an interval
bb46560a89289bb23c90be54bb280c90,be unaccustomed to speak
db58607fa2bd94be7ff62254b4b14bde,be notorious
6d61cfb9d516bbb2dd1766835cde0bea,gather twigs etc. from a place where a tree was cut
d29f9294b2a00caae1e9b28fc66e1708,have a strong desire for fighting etc.
8592669ae5e3c2112a8116ece45e5f7d,be beautiful
a37821efe50a564f7dad395ad6b036bc,be happy
28fa28a65ea8fd27e6035b9c4d7b0252,scrape off grass with a spade
220a57ce65ae690ad76f62c28b312bb9,be transparent
a8fdf3139e0e7595fa439fae9440a34d,wake up from sleep; to know one's own position
d421a2bd39ed5fc3147dcfd52dae3c3f,be the upper one
2b1e15b7d766305f2eb2715af57141be,go stealthily
6aa3721d098515fbbeb865f415865018,play (football)
b0d3a6caed6fbc6acc92f6b022cac6c5,dry up and bend down as leaves of banana trees
3ff3fdd0495ab97b42c1a26747163be6,be afraid of
eb479605271a1f0ffff9d87f2cab0b75,freeze
3a27d42d3c937f91df7e2514adf44996,walk in water or mud
18cb8d7d54194befdbf62bd4a4231824,"serve food, to help in work"
69cecc5317019f7c85a5eeb6b99606dd,divide into shares
2cfb5576647049163efdb0d3cfe08cb9,work by shift system
fbd215cee74cb78c30498f819eea4f36,"compare length, weight, etc."
93d1776d8f088c1da6813113e5aa353a,release on bail; to get back pawned articles
b0cc0d29f05f4eaf1881763ebf3a9e05,place cloth as padding while carrying a load
70844e08d1fe19eae6545102a2279d68,"be straight, to be strong"
33a2defb33df8ba3f064f2ad6ba8c46c,boil up
b6422cca0fe6caca4e9d77dbfcad1c0d,be different
7165153ad99a31a59ad274570faf6515,collide
3c5fbbafaa1018d427a6a237f8999b67,blossom
1179f48fd25bc5683c8cb34439f8fb28,stretch hands at one another
628877c267157a611a29fbd3802a74e4,bend down to give or lift someone
5f5975daf7fdadb4911826bd771adce5,be very soft or weak
8263b5c6e6cfa70ddf9d7ee0faf3351f,be careless of one's life
35b6a6e12a69379c341261ee0f81ba4f,make flat rice
e5141d6957486499317b670550c1e1b6,break one another's stick (in dancing)
16dd9020a5fc079b55819123edac3078,wink often
f44be559d10abd4d71a87ffb4eb95870,kill one another; to defeat one another
df1a71e9ac6166c667f88045787a65b7,get stuck up (pieces)
133224e549ac1681277107754f4aff93,disperse as after a meeting
fa974a0d259c0a289f8900eba1ea13bf,get stuck up as a piece of vegetable in the teeth
0357d167453cd6759b348c38dbc9f105,enquire
9d5fde0174b3ae1d34bbb541013f677a,sow one another's seeds
fa69b77bef5200651134ac15a9ba6e56,be very clean and smart
4a57a3bd688000608d4af403d111ded8,come up as the hump on the shoulder of the bullock
18649bf2babb751aee4764175136548c,have boils (due to fire)
7ba4de796c8f4ebe718bc3e371b11781,husk paddy together (two persons)
bc81c6fa2f3d0279ddee13ee27f57da3,wink quickly
7157f9b1756e9edee9f87c59a2aa34b0,swing quickly
a65ac135df135685b80db5bd7fd246e0,cover tightly
332882a0d85bec4f708559300f6e27d5,be very nacked
fefa5e75bab65b2aabc1ed5f606920ca,feel something as an effect of drinking
0eeb39d238fbf3027d4d476b1d12750d,feel a hard thing while digging with a spade
c313e9192908d6c4f1b34c0c141d24d8,feel blunt while digging
ea272ab8c5500745fd3208ee9128bc20,say half-half
123f8304b2e6bd2046f36a709d8fce6c,be very musty or mouldy
b6943adb908c22a75000165bae2dfa5d,hit and make flat
93b032a3a27212ae1dfbfa8d4c85db41,be very thin
6475127da137e43caecc82357246a9d5,be very thin and light
2471312a6040ad4de75bdbd63431c59b,be late in the night
ce6f2cc11f378e5cc78ae29daf8cc042,feel a hard thing while stepping
a6ec0bba4601dba3b81f2e2ee2d91f81,be very doubtful
966efd02784ff0c7925ced99c9de792c,read partly
26360a3c2b11cb10466312712ec3ab64,search one another
051b9969f760f0b9eb740d83ffa37895,sleep continuously
b96b265bfbbedae19e6715a99c2f204a,be very warm
9ee83916da90d9012b3ffeadaa6dac21,be able to eat quickly
57f0bcf8ff88dfc37685a173c616e959,finish off extra food
7eefd6717fb763fbb78194c384b4bf00,feel something as an effect of eating
95b6cfcf74f5d722d38b9ec842769cf2,box and make flat
f5d23831aa97ec5488d3518de269e7f0,do continuously from the previous day itself
96f6a46ba4ce19eb77bbe8fcf1b60672,be able to do quickly
fc158d4ed7c6f92ec9c9635f01893875,work continuously; to eat continuously
febea652e83028a162e97e06f33a7ede,finish off extra work
f878cfc4b7d0590de81f289cf638b1a1,feel something as an effect of doing
87a91d80f22fe817222f6db08a560f4b,do without earlier preparation
1bb2164da9ee35c7a0ee1199c7532803,do half-half
abac52e542cfc3c156b74f2c624cab23,feel blunt while doing
c19e110ed9d4dc2501fbeba78dac319c,be very cold
fe134265d4c1197fa0985bad60678ef0,learn partly
ce5d88bb61e402ef9a46f087045677ac,see from the previous day itself
18b224df0b202200a08dbb701ca66762,see clearly
d51294a8fbfe585c8b07605456a2dcbe,strike quickly
ea8a156bf8240f994a2cb3afeadd21d7,be very frank
9bf30f27f6d436239db15cab98ccb9a9,fix an engagement
1d0c0e847b903986d27c501079f62127,hot/spicy/pungent
6f4ec514eee84cc58c8e610a0c87d7a2,ginger
06347d0b118a7913aff4c6fdda85ed6a,maggot
b1ced3ce7079cb08adc87fe632d9369d,strip (v.)
29c84cdaeddc5d13634a45adfe08cb68,cherish/watch/protect/guard
d0c9535493c958d3f45bc836b296719e,move/movement/exchange
080f651e3fcca17df3a47c2cecfcb880,try
3f24e567591e9cbab2a7d2f1f748a1d4,lemon
1a721faf2df53972bfd0831c64b6146d,collapse
39c78d2c391f72756fa4bfd51805459f,weed (v.)
3a91ea838f734c5b1c71c4f5379fbe26,pull (v.)
69062064610760ed2972b063811f8c0f,divide (v.)
392321eb5c877b1a88fbb5213ae92087,spirit/soul
4fdecfed69d81146dc85d7f33982f131,light/shine
68238cd792d215bdfdddc7bbb6d10db4,parrot
bf4d9300fc35431eb3ac982c17b6dd0d,scorch
b640a0ce465fa2a4150c36b305c1c11b,connect
aea78dcf849f0a83eac9f49f6a61fdc8,be greedy/strain
ddc353d484c55e624c770189585b736b,copulate
30403192841bf90f1d801faedb1509aa,hoe
891b1022ba8cc518e7fb437b0afa2221,1sg/I/me
4886d623909345e6c2a038419fb9ded2,turnip
f25852543a340eb3de698347f561ca68,afraid (to be)
fa9343948bff36ecd85175965a895ce0,chew / gnash teeth
558cbc63640d212a999d238171c488e1,thick (to be)
92bea1d58fa4d983047774eaea85f8de,rescue
ea82410c7a9991816b5eeeebe195e20a,mark
d292374ddac7a37f1127a116b8cf985c,take an oath
3811727de5b0ddf6ae30defe2ca4d2c2,fog
1e35b4e981872f05934549527fcb07ea,bead
58b21a134b22a29d4c7f0925d5974fce,clever
a22ec93009028de9f684c77242372163,sugar cane
e594ba35385531b78c8252893dd915d9,wrap up
8968003a7c9ebf7be85fce9045ffbee2,mantis
e0e163572822006823fd6bed78bbfebd,separate
b134a7f8f8cbebebd850d238f0d78588,throw over the shoulder
388e381b61b92a6b85211fe56b04927d,pull down
b5c0b187fe309af0f4d35982fd961d7e,love
f193429801f3f9a610cbfb11251e7ef5,send on commission
2767c08c940abf03ca868dad0efc2db2,trample / tread
78509a6b5cfab23f0c74374ac3d7575d,cut (a road)
e6c97af86be53d57d343ee37132e8782,ask for
5ca0e6a2c9cfa5e49d015f18b25075ac,carry between
0d628dd8736920fa28e4f61bd33be0f9,labour  (child birth)
de97e75e5b4604526a2afaed5f5439d7,hole
52c59993d8e149a1d70b65cb08abf692,rod
0bf1d83648628b4955592d81d571187f,soot
42b90196b487c54069097a68fe98ab6f,post
4003593b37c7f66d055eaf2313b410ed,breast / milk
5094baa036f6aa5cc0193826162b9539,tube / bulb
9c02c63869b78e8db6991a17beeb918e,banyan tree
46f409ed6fe1b1ee7d102c1b6ed705a0,goat (wild)
222489560036639a9e1e1e1440358ca7,bier
b716174fb9bd751b824ae7b64bffd8ab,potash
82c555c76762aee6c8b535e1cc98f1b8,land-leech
42133a3dcbeafd8d1b0a68cae646de2a,charcoal
b822e19e6cec2bc2607b119d2ae7c920,front (in front of house)
5669b8e487543ef439f7020f986f6c2d,twig
084fbcb062050ee7ec8138aa8da3f57a,thunderbolt
9de42d935ee711f4ec8a83c437ddb8f8,bed-bug
bee82f6128cc54e3714c586762ae3e18,womb
46bce1089857d85daa24da77e50a1552,nail / hoof
f917c3c181afb4057e556016927bb5ed,offspring
c7a1efc58d5a34613c67597118886294,"arise,awaken"
3824bbe9ba1e02675ee44b0ebafbcb3f,aunt
7a10ea1b9b2872da9f375002c44ddfce,ball
5b79c9b6861fcf8311e38bbc3af277b4,boil / cook without salt
81fd830c85363675edb98d2879916d8c,boundary
3fd23dac2d22a38504e90c5e54e18561,break / broken
b2e0496dc263073d250216d3282ecad5,"buy, barter"
135c1400f786001f1b2814d4046f42e9,"child,son"
a452dd6aa39265d21240ca1718cd96f8,cotton
9531187c8dc73dd1015c4a7adea9486e,"draw a line, scratch"
0935ab1ee46847a6b011ca0aa4f0303b,dull (color)
f0cd112e83f9bc596e34b6d7dabee667,fireplace
9ebfcf3be24eb9ab4e44bbe045f81c7a,fork of tree
a4757d7419ff3b48e92e90596f0e7548,god
23d0a9ffb38d2029508455ab327f49c8,hair / fur
382f23fd721fe2b30e0d8c1855233600,"hang on to, make love"
7d2cc3940551dd0dbbcd1c1f24b21b68,"itch,itchy"
cef4b461d8b4d5f00bbd18b996d9e733,"kill,hit"
04256c045e9a71b2ec5261e83a955494,"meat,flesh"
8a93b4222cf0dfb6bfc34e2428dcb25b,nephew
028dbbfa273d4b792baf487492f43a5d,pillow
752d7c4df0140f244d803a7ca41b85a3,"point, tip, prow"
6f561be550e60b91461d97aafa4f8793,shavings
daffd55e1b8020c7a60a7b6e36afb775,sister
94db0d0249f5a46d8d718733e051a2f9,spittle
b57dfea6a7c66948b040b91164a7a129,inside (of anything)
4f88974b3ebd7f67721b3a501a07d336,"tree,wood"
639bae9ac6b3e1a84cebb7b403297b79,you
338e8e4f4086aaafc69a2bc97c2c0e84,younger sibling
bb9f27747676a2ce21696b34c27fddda,"long for, miss, feel earnest desire for, copulate"
e8acf16de1850d2e3cfc1d59cc093d18,"bite, snap"
87cd823ef8f597f356f9fe85d53ae0d0,"breast, milk"
665c403aa19fe701b0ea7093ea4d0f45,dumb
b227e372a1813868863b0615fb9ce86b,"fat, grease"
eb5557dfed312b40b1efa8406db31915,"fresh, green"
52f9ee4521c97f8b7495958f9f4e98cc,head hair
32dfaff59d5a4f25104a62b6fa8e68e7,"oil, grease"
92abbf82b976d68e8764ad7954c1b030,"suck, kiss"
064709a53b314bac3e88a4f70752416a,"swine, pig"
6642854a01c26fdc20d71d76133c57d6,back (body)
f105a2abdd232eb28285f9c7f51b9c37,bladder
5456a19d6c110eaa6f65778cf4a98478,seventy
d16e61897aa78eb3a3e39f615ae5b78d,hair (of head)
3a694d6d50a006e941a7d0e85545e44b,hair (of body)
272f3da8ea6283df73187baf02345637,jaw
9097292b4541321e3d9d214d21b7e45f,lungs
cb24fca57007635da0374e00c7526311,right-hand
65b6b57784d166b900200c777f298b8f,lip (lower)
36c479a5cfe96efa4aa91aff0d69d39d,side (of body)
54680ce9dccba6570053db39038a9d7a,waist
5f412bd74e8ece87b8e45743c8c1e014,wrist
f328976dae9176803fb936097e4d84de,breathe
23416e4da1970d0a4d5530ade6e138d7,claw
625d45c587033e8970af8b4e3fdb575c,dung
bc581fa82e1fdb4f74400dad61339a79,fat (noun)
649be85da19882e6335962b2842385ea,heel
2078f5e0f377a3d5ae491df58d73b7c3,hoof
dfb211614379634d387595e4cee19430,left-hand
fc245a9e7208ec9856b39b85b5fb4951,leper
e2c44d1faa3363f0f2a9180e73a8d700,live (to be alive)
c7f5229a1bcc8ab9323b1bc13b961276,pregnant
8d7d5ffd0031f2449cbeaef424c22d75,sick
765ae843192a0f1b071f4446ee4c5fa3,soul
07868a716d4712d7771f6414d2b8bf8a,spirit
f28d598b45801119820d5380a45f91c3,tears (weeping)
66008f2f59848174b0095a4b15aacd05,wound (noun)
be5d5d37542d75f93a87094459f76678,and
a363b8d13575101a0226e8d0d054f2e7,answer
775aa19e1a75e3e900decae010b81c75,armlet
5feac25f1ad9fd74b7c509efdcde6eb2,ask (a question)
7d0db380a5b95a8ba1da0bca241abda1,at
2331669811345be48060a843ced5a115,awake / awaken
bae60998ffe4923b131e3d6e4c19993e,bad
4a82715423d654d61838e81060a4cdf1,bag
7c382ebe69b0cc58230e8f3c40d7f18e,bank (edge)
ab79f065ef9039b0478aa26adbdba650,basket (generic)
af7ec17e11709585a82c8598029c28ef,"basket (back, manʼs)"
db2a00993d917450f22e51d2a84d3e22,"basket (large, storage)"
5435eeb714f3a0739ca75b3b0eb8cfb3,beam
536dbacbeaf70618707992773ba2b604,"birth, give"
276fb81adbc692b668b7b9920ba65251,bear (fruit)
cc70865f1ecd933ec055851deb5bd69a,because
001cbc059a402b3be7c99be558eaaf73,bed
2f44417567bc123bd7c60de8c2a2b444,before
8d589afa4dfaeeed85fff5aa78e5ff6a,begin
2d46f6286511bd2e22f9c02907274872,believe
a03328e8d311484ecec5cd5f4129ab49,bellows
f92a6ae69b7c9af888bdeb9b874949fa,belt (girdle)
128477f50347d98ee1213d71f27e8886,bind
2942c466ae985c4fe2d8cc9d0c801501,between
ab3d1393a756e2c820eb376caf349f25,bless
a4a216eba2a727a65a10fee9d2af5ea2,blunt
821f03288846297c2cf43c34766a38f7,book
c380b558e42920abc3ef516dfd30ae2f,bow (for shooting)
d18eabd76bdc6fc6ccdfdd20d40ab20b,brave
dba7b12a19fe9d49fbb53d65c49bbce6,bread
f2a62045877bf1aa24ea29366b1318fa,"brinjal (bengan, eggplant)"
2edc1729a970bb80083e0fcc9614cccb,broad
5bfab488f433de37ce0c779dcf2074cb,broom
48114f8d489969362afea5a91603fee8,bud
b0da275520918e23dd615e2a747528f1,build
a0cdbd2af8f1ddbb2748a2eaddce55da,bullet
146a362242faedbfbb23db489b9cf7be,bury
dbbc546e357040b4a83a65f387d5c06a,bush
37598dad8f8805ce708ba8c4f67ce367,but
3c93b79ad63ce7c621b5d147118057d0,by means of
0165801c0cce07c7a8751949845c93d2,cane
07b13c04ebce73f4984d27672155e6da,carry (generic)
318d77aa78393898133aa34e23a3303d,carry (in hand)
39239727fd47f2a06a30b8205e05943f,carry (on back)
dfa4e826dfefe4a09a55f4d39b2818e5,chaff
55a97bfe94ce99444d590568718ba3b8,chillie
28b3da6a4cad283dd294dd51d476084c,climb
05531b19bb846b18c09f979eeb429ad3,clock
77eaa26cdfae788af243f9fb04650eb3,coat
e909c2d7067ea37437cf97fe11d91bd0,country
51b7457ddee747c21231e752147cae0c,creeper
3bac74cb793d05c11512767880ecaacc,cruel
1c1cfd6f52e2eeb8bc9f92327fee57f1,cry (weep)
1441f19754335ca4638bfdf1aea00c6d,cucumber
aa06acf0977feec2a3f5a7a1f9d79ef5,curse
7fb77aba73ce1167e39c67c68e981a01,cut (generic)
6ecebb16e8168cad0651129383038a24,cut (with knife)
74d113c833ac28d0e289c4e099069621,cut (with axe)
3355d92c04a3332339b767f9278405ff,dance
f0719ea8e993ccca9ffca5334b96f546,dao
facd0334daca4c7a2d65aeb4c06f1ea8,dear (expensive)
d51f95cd19fecba66558f490554838ee,dish
94e4181f2f9f96c2d63e9ef2166b7182,ditch
74e8333ad11685ff3bdae589c8f6e34d,down
ac9bfee113e7ab6889e53a00a2a18290,drum
933dd8674c563081260867dfa95b5e74,each
a2e4822a98337283e39f7b60acf85ec9,empty
edc1e3ea2ca4939a55f1edf84a1fb85e,enough
83ab982dd08483187289a75163dc50fe,every
ecee7df9bbac50b9b428483bfea1dd7c,faith
68934a3e9455fa72420237eb05902327,false
82d89d51c42a6ed911455c0af7a87064,fast (quick)
676b7712bbfe2b34fec3905d05d87232,fell
dbc3af4bd3df34270247bd7f58fec14f,fern
6c1562051db6c994bf5b6db8afe5605e,fever
04d8b0d72264ac23a02fdafcc5fb364e,fig
ea170e2cafb1337755c8b3d5ae4437f4,find
37fc7edee25a177474eaebe7f7b09785,flat
7515875808ef6219fa6fd725e2105588,floor
61f2982918cfbafcee738bf886b28e56,flour
cff5497121104c2b8e0cb41ed2083a9b,flow
2642b9054daf77ae8647f14f58421f45,flute
62506be34d574da4a0d158a67253ea99,food
dd7b696b96434d2bf07b34f9c125d51d,fool
f379cfd7a55b621577a8389d1817a102,forest
75f3c043b1c49c5adf18647c05f1d6e0,forgive
a8eab95894a5324fd30e0b2433818405,free (at liberty)
d98a07f84921b24ee30f86fd8cd85c3c,from
e2704f30f596dbe4e22d1d443b10e004,garden
ccf6184efe5e38da61ef2e9a30d1c1ea,garlic
76a79a1cdd981d7b73a1b7cf9cc6e0de,gather
b5eda0a74558a342cf659187f06f746f,get
3ad10171faad0bf45f6e45ab35c26009,glad
d26a60c3d58a70ead3b7a31cf400146b,gourd
386a023bd38fab85cb531824bfe9a879,grave
acaa16770db76c1ffb9cee51c3cabfcf,great
7df371bd48afbb7cd8a2e6a9c80219a0,gum (of tree)
5161ebb0cce4b7987ba8b6935d60a180,gun
7afe399f1415b137d0962f82662fa9d4,half
74265b0160d70ded04ca0db7a02c40d8,"hat, helmet"
214d940b5313897d9e25b3a2b3533770,heal
e3920be4c1e4d4d12888f1ec8a03ce9e,hearth
6c92285fa6d3e827b198d120ea3ac674,here
f09328d495fa622700aabe5707edf00b,hit
5a582ef17d6a088d9cb644e4c1ea3cdd,hook
8c728e685ddde9f7fbbc452155e29639,hope
db88a0257c220dbfdd2e40f6152d6a8d,how
4efb179217fefa4ddc6cb53bef3343aa,husk
39c8942e1038872a822c0dc75eedbde3,if
13b5bfe96f3e2fe411c9f66f4a582adf,in
0a16bc32f55683128983f223de242942,ink
57f7e96f370e04546066ee921424c760,juice
5d991220a07e65eb7ab854341691ca7d,jungle
18ccf61d533b600bbf5a963359223fe4,keep
3c6e0b8a9c15224a8228b9a98ca1531d,key
0c8e7f6bcfc63293960dfb68cdc9273c,kind (sort)
b2086154f101464aab3328ba7e060deb,king
09228dac155633b13780552bc01dc2e0,kitchen
631abdd64631ad8b6b067fbb8d872aa0,knot (in string)
af9dc3cd6ce29d560a1e4077694254d9,know
4fbf0df9152d076908cc0754dbb50a06,ladder
fd0e723bb22ff076d14453e346905bbe,ladle
6780237a0c54951693513efb491f7aae,lame
263addb7611158a2c3db7c164a20cc2f,lamp
8512ae7d57b1396273f76fe6ed341a23,language
f5b75010ea8a54b96f8fe7dafac65c18,letter
91ad0ec44ca9487e6afafc6d0bd086d6,lie (deceive)
7f7449cc6f05461ab12778319812ea9f,light (bright)
cb8e75cf2bba5917a7dbe1aca30d224d,light (of weight)
aa9cf06c74e7c487f3a9148231c8216d,light (ignite)
e9f508733ff1e43e2399baf7dc620159,like (as)
995ef5d08c9df0f1d1c3082aa9d409f5,loincloth
8095d87fe84e9c5288bccd590976964e,look for
dd26ea8b2bc48d1b4038b99e4fdf612a,lord
f7a2e8166a663d6a5fc86c3ccd320f0b,lose
63d60f24d9e2f597f032fccfb64418db,mad (insane)
09a6ddb3515a79ecda96a6f092b4a486,maize
684ee71c5b2d154e92972f0a67bd07c8,man (male)
c987b785d1c14811d64496682f4655b5,man (mankind)
aa00faf97d042c13a59da4d27eb32358,mango
4750ac30159ebf4542d16b95e85767da,married
4a258d930b7d3409982d727ddbb4ba88,mat
4a548addbfb239bbd12f5afe11a4b6dc,middle
1f7d985406fafc9ff3e990e3e35a1afd,millet
75496dbfbebb296508150e41a03f5788,mistake
367a9769775e3e5182b5cbdc5af1df8d,morung (men's dormitory)
ef56b0b0ddb93c2885892c06be830c68,much
d0e6ef34e76c41b0fac84f608289d013,must
7f3b6b9097e3d420cc518fee0618e60b,mustard
ec94c63d602e631f9e7bcc0e6a29160a,necessary
40fa73c9d0083043c6576dd2b40511e4,net
c7561db7a418dd39b2201dfe110ab4a4,never
508c75c8507a2ae5223dfd2faeb98122,news
7fa3b767c460b54a2be4d49030b349c7,no
d529e941509eb9e9b9cfaeae1fe7ca23,not
f10822a83aaf430d7fb710e99d9fd8ed,oath
b678b9b08f489255f2476b79876d01f0,obey
50284714c93f47d629c69d8d70d12168,old (of things)
8705d810e57428596fe38922a0471802,old (of persons)
ed2b5c0139cec8ad2873829dc1117d50,on
cf4c2232354952690368f1b3dfdfb24d,onion
6299ba2cbd9661a5e3872b715521cd6a,only
fe01d67a002dfa0f3ac084298142eccd,orange
795f3202b17cb6bc3d4b771d8c6c9eaf,other
72122ce96bfec66e2396d2e25225d70a,owner
87a429872c7faee7e8bc9268d5bf548e,pain
b02a45a596bfb86fe2578bde75ff5444,pay
33ee7e1eb504b6619c1b445ca1442c21,peace
03f00e8e9d0d0847bb10a3a22334274a,pen
12a032ce9179c32a6c7ab397b9d871fa,people
2fe2888dfbc236be05bd44b1e7a05263,pierce
4eb9f833394c20a44c6c585a20ee167b,pipe (tobacco)
5da21a3ecff2814528fc0997c69f72bc,plate
05c99620f9187ede058038f115d4a27a,play (a game)
55641ac7bf5b64c8ab3ddb2dc737699b,play (music)
5cffaf9375c0ef1d49451b062abdac80,poor
eb75cc36764ab3e4c9a37ed4e58eda8e,post (of house)
62cd275989e78ee56a81f0265a87562e,power
9a58e260ba54286eb38b603eef0d94e8,pray
5f0038e170564c7ad98d949c741a4da2,press
7f82a3da7b6b954e96f193222b33165a,priest
3d36e867fac87242d740bb25ceb551d9,prison
a3e0f6576a754059784babff593d798a,proud
f43dff9a0dc54f0643d0c6d7971635f0,pull
edf8377563f7fa2897df6aa434ad305e,pumpkin
21a361d96e3e13f5f109748c2a9d2434,push
5494af1f14a8c19939968c3e9e2d4f79,question
556966c7830465dc4623d62e32cec31d,quiet
090245289ce5a188ea08adfb0defd1cb,raise
058cc84522cfd9da2dff4fae44f02c97,rake
61492556fd5530261b4c143d27e2eb0a,raw (unripe)
2ef1fbbbd4c2d1f599ff65358aa35ffd,reap
cbd71f0d3114139d38a8d080d610e5fd,receive
d25ffc8d6db524c17f3e701cd989a58a,reed
a6daad2f29decd1e94a592164d34183a,remain
3d19dbe912d8420f94e71c569a235704,return (come back)
d4f01fd09d87a5118e05fbdc8415d554,rice (paddy)
e21cbcbdc6d81243ab998d56f06ef258,rice (uncooked)
ce345c26da6a96c947314c54f0706144,rice-beer
20175dce992e3a32b7a7ec8d60f51996,right (correct)
8db0f36eafc2e156d695e941a006256b,ring (finger ring)
04f38d5f332a9410d3aa737eff3b2698,rise
3a393f7a37dbf89ce37854b31d7c6908,roof
78226289aba350a58537ecc63eccdff6,rotten
49f0bad299687c62334182178bfd75d8,sad
28aa838315633f0e44049ce88de36803,salary
43781db5c40ecc39fd718685594f0956,save
a07a8f8eab60eaafe24af1016a02fbf3,saw
035a7e407f3c7495aa7eafc977faa213,scales (balance)
7d89153387e0f3ffc41641cc4fb91cc1,scissors
a9f0e61a137d86aa9db53465e0801612,second
e6f6362248805a36c61d205dbc6f4076,seek
859446768554c9cb461c7f673485b41d,seize
a391753bd01860d467b1c6a303d2428c,serow
41dabe0c59a3233e3691f3c893eb789e,servant
20cc39187933346eee8108ec76a2f796,serve
72792fa10d4ca61295194377da0bcc05,shame
28c69b4cba5681d565d3bd901684dd77,shield
d8a48e3f0e1322d53d401e3dcb3360db,shoe
ee6695e02950fa895fc45a37c5e47964,so (like that)
73cf0e388971ee4ec34e8daedd0d36cc,sorry
d525706d6f19ea00e7d7a4574f7f5e3f,sow
9b4a8a31b4caf3cc5c6205f74950ac14,speech
cef61bd90d634debdce837dc315b8541,spin (cotton)
2fc01ec765ec0cb3dcc559126de20b30,square
4669569c9a870431c4896de37675a784,sting
1933600a817d0c85790f2f2427517ef1,straw
42ac3f9444573b898ef250937a0d8912,suddenly
61e7591821af51b4d8338be540911608,suffer
ada15bd1a5ddf0b790ae1dcfd05a1e70,sugar
d848f475e8b0202725f7878a088f98f9,swear
539125fdf85ba9fc38e2550c3c838e4d,swim
f3b462d93b24cb0538f5d864546bc3e0,sword
aab9e1de16f38176f86d7a92ba337a8d,table
06565e5611f23fdf8cc43e5077b92b54,tax
f5ab96926a6a561aab7ecb4ba7c915d4,thank
0e5243d9965540f62aac19a985f3f33e,then
d850f04cdb48312a9be171e214c0b4ee,there
4fdd39ebcfddfccb6efaa94ab0caea00,thief
8afc1e9bec810034dafd45c6854f1dd9,thing
dc127f5d2483352fd20eaddb38feb6d2,thread
287f44f35ecb230e8b997abaad077f46,tired
01b6e20344b68835c5ed1ddedf20d531,to
c5e7dfaf771d423ecf59b008369021e8,today
40a89aa6f51d76c4672cdc2d950d99f7,top (i.e. highest point)
3da599477b81b0974d06437937979366,top (i.e. highest point
69756f3cd326cb18036b1cb8f8e9f77f,torch
9ce90fddf23fb66e39c8adb03e690768,towards
79835ea3522d3f99a86de822097693ca,tower
7198cda575b51b68a0dc83f5d66c2aee,town
ca97f68cf88e0d3b9c652c05c7619575,trap
b326b5062b2f0e69046810717534cb09,true
44fbd495d8919c6ffb79bc4838096717,trumpet
c4289e7bbdb2e0b890f3bbbd2ad12045,turmeric
fc4a76e151bf9f8ee530757e11ebd648,turn (v.i.)
92cc3d581fc30d9f4b4737d2592656e4,ugly
388fa2509025674d7dbf4715a4a9783e,under
3103a7d8f63cb184287c558ca51c6160,until
46c48bec0d282018b9d167eef7711b2c,up
5ef76d30bf9232902687324b5bfa0bd2,use
4bd349cde0fbfbb97b9e3cfb557cb2af,vegetable
f016441d00c16c9b912d05e9d81d894d,very
a3186a309d94022f5d4ec3a601f4a7c6,want
1ea4c3ab05ee0c6d4de30740443769cb,warn
fcce99399f1d563046458da17ab086f5,warp (loom)
db350f36b2d220e25398c2c4e9f50f47,wash (generic)
392f1853c17a3c86409fc85d728f78e3,wash (self)
82de85a6e3228992d197504ac58c2975,wash (face)
e153e1f0af33f12922976c5d0d2ee47b,weft
f2782ba16978ef007059eeb13229eae7,well (adv)
8717cfca734e8987971f63b20eeb8024,what?
b96b08cfd02e2475fefb1742e016af7d,when?
dfacbdd0c516bde4257591276af992e6,where?
24412aa365632abdcbf6a6b047647146,whisper
2031a94ff8b48ec750fe7db5868a05fc,who?
356c9ee60e9da05301adc3bd96f6b383,whole
fd1562614f1983c875db9c78c89e31f6,why?
1c13465e24d91aca4d3ddaa1bc3e7027,wicked
b71e59a3962a4af02e9a7dc3b88ed3ea,wide
779232e2d4cb5bb01f673bfb37892b22,wipe
dbf4c379c5873e57d909a025ac8f38c2,wise
27e76ef6b60400df7c6bedfb807191d6,wish
33e6cef46b423d6d83557d13a2834a35,with (accompaniment)
60df9e64b0693131b626e465236c6874,within
fc0cb42fe6c1069381a66da04097ffc2,without
256f446b60e5cfbd429443fd756d01ef,witness
9f608aaed334be3b7c0cc481b86458ad,wonderful
afd3181a9dec11a5e8964769eb2ba523,wood (timber)
67e92c8765a9bc7fb2d335c459de9eb5,work
f7b0e354b768a2e09b31aa55744ef613,worship
9c935c3b79596238c8043c36c9fe83bf,yeast
a6105c0a611b41b08f1209506350279e,yes
5db89605720873a17b80474d07f76a32,yoke
6f96cfdfe5ccc627cadf24b41725caa4,he
2bb3d86d95234affa7c5bd68c4bab606,they
37b56dcf91eaab002c91cf6a87dc1ec2,we (incl.)
616863ad173e18d24e14948e3f403e11,we (excl.)
1a699ad5e06aa8a6db3bcf9cfb2f00f2,boy
85eb107ec23396f0b6e3b5c881fa8062,bride
bd5a92e1873b85ff408816081a3ad4b0,brother (elder)
220dae4a79be324cdba1f3e32fe19a07,brother (younger)
86145c0ec100303f5e9795b2b5aedfa6,foreigner
28ca53d2b7bb4aa13549b4022c79dca1,girl
73415497e8b30e7a48e31465c7e103b3,neighbor
eba6bb268edd634c857b8b093459bc09,sister (elder)
a18de8924ef791ea025df8b5c36ab15d,sister (younger)
862ad4cbad0b7bf46bb6defd29e52300,tribe
18486728d14269ff2367eb29f9fc7aea,uncle
f6a34310dcbb89ee23d2b363d2570561,widower
f6182f0359f72aae12fb90d305ccf9eb,young
f5c45e98431a62c912cc28d82e0e4d01,young man
01dd8d76361ab15bc83ccbd9a32a276c,young woman
966c4fb190ddb95c950f7b0d9d4cc3a1,grreen
c91bd7a43923bb50d2e5b360220b9acf,ant (generic)
6ba0a755a09af63d04844e9780fa8ffd,"ant (white), termite"
6848d756da66e55b42f79c0728e351ad,baby
b5a572771a7a7908abe2812376932978,bat (animal)
ed0fc5f7be67974e0344eaa5c3748315,bear (animal)
ae0e4bdad7b5f67141743366026d2ea5,bug
c4ceb152db108935c71875ae7eaeaaec,bull
9fd8301ac24fb88e65d9d7cd1dd1b1ec,butterfly
93fc92c41998302ba2fd934eafe047a8,calf (of cow)
ba1fd711b87a89f982f316a5a936fe1f,centipede
9268d0b2d17670598c70045b0c7abf38,cock
423a52279bf6584def4d3f4b113fb047,cowrie
08a19b095e8885ca0815cd547c8ba14e,crow (bird)
e6e12d2edbecf2edb36fa7fea2acc009,deer (barking)
8971871b932202a064726da2a620ad78,deer (sambhur)
39ec785d60a1b23bfda9944b9138bbcf,hawk
b4426ce902b3f739860ac777447b4818,hornet
c55c68625ca1da0e1d4a922fc8cb373e,ivory
5da520440785b95df2c6016087c315ae,jackal
cd62562929ed9d64a1fda3c911f9de9d,leopard
abf14bc0efae8598de5121b616fcda09,locust
02ddba7e3a5bffd55b1ac34cdfe4abdf,"mithan (gayal, bos fontalis)"
0c435aceb366226505f98febb3c208ea,monkey (generic)
dc8164f147c632d1b93756b8f1f680b3,monkey (huluk)
4ba0defa5fc2b2bd1c0badb8121e9827,monkey (langur)
5fbeb798f38c330e5dfbd66254fb87d2,monkey (macaque)
3e442b18a209481375e3361f7b568696,moth
50f8b6c98b0f9a271a562632405ae63d,owl
09e9078de26df62a428727755b93c28b,peacock
379683511189a8ac385bd67bc3de2497,pearl
e2c7ed21df8d945a856e96f791cde76d,pig (domestic)
bf31c9eb7c2b9227aa4613bb9c92bdb4,pig (wild)
b9e6ed3f047270d365d1d4c0d4a118c9,pigeon
a564ffdbf74f280398ab5ebd27ba54fc,rhinoceros
3f8da8d150df71f64db5f8e96438c567,scorpion
2591c98b70119fe624898b1e424b5e91,shell
6f96cbe1e77384f429dfce5f6072b105,wax
bf4397d8b4dc061e1b6d191a352e9134,wolf
6d3f321e4e2b98afdd8cde1c2ee4ecac,worm
74985f5115ad149212a917dbef8ec801,shut
0c2f29830171ed3d3e201cfdbac8185e,shuttle
97997986dfc905c6fee9d5c9628ac525,sickle
7d27e4a7ca7533a3bef4fad10a0c19c7,sin
f6e041176f8cc2998f9465ede0dfeeb1,sink
03158cf39c6f316f9ce98a4e034cdc28,slave
3daec8dea85232fa2baef18aeb2334d8,slip
3ddaeb82fbba964fb3461d4e4f1342eb,smile
2cbdaf9ce47a2c4adbd1fd578a192c58,eighteen
b82bb8f7ebdd7b8d823dcfba622ea1b7,eighty
92a2132e0190d6e582f13376ddc660d5,fifteen
8b04d5e3775d298e78455efc5ca404d5,first
2b54fd1b555329a0f52e197e54903aca,forty
279e962ea623aa2a3a86739622772e1f,fourteen
d4c5e56131621146626444148d7c68fb,brass
01540f319ff0cf88928c83de23127fbb,clay
e7e94d9ef1edaf2c6c55e9966b551295,copper
009f25a425c179da52a4f69b60bf81fc,dawn
1801bc89e752077204c92b3dd9f9f62d,dew
e9ad9c2394f7dc7b6a69fb43e52a7382,earthquake
320381dbf7cd2f31c04baa6b36e1c682,east
ee1150845fa3041ceb3a3fcdbe42d68a,evening
b61705f85f6a5787b3797b783d692360,flood
80ca06abfa1a5104af9a770f485dad07,ford
debaee4affbeaba909a184066981d55a,hill
97d986e2afa2c72986972e6433fbeaf9,lake
33e16c8a3da401a5625838638cc5634b,mist
c95e3dd9ec9230450a558cb17be2106d,mud
aaddc3454ccbefbb2d8d8461f8f7f481,noise
8d8d1437907bca79900ac5f0ea1f5c73,north
20b7bffdc8a9a8dbc12b53c222a6e961,plains
b10a8c0bede9eb4ea771b04db3149f28,pool
cd13b6a6af66fb774faa589a9d18f906,rainbow
804f743824c0451b2f60d81b63b6a900,sea
2b93fbdf27d43547bec8794054c28e00,snow
50fd76e33fe5b9617c5ca99008af8904,south
849c829d658baaeff512d766b0db3cce,storm
797aeb296971bec6ec7ab8e959a1544b,sulphur (brimstone)
6b1628b016dff46e6fa35684be6acc96,summer
da4f0053a5c13882268852ae2da2e466,west
f6432274349b5cb93433f8ed886a3f37,winter
7d793037a0760186574b0282f2f435e7,world
29117dc0a099592ced9a6e00160743b1,diarrhea
2e457d2f9f38af419f5a34092cba8438,seventeen
714fd71d7c236f31341e0d1b69ddd27f,abdomen / belly
3fb512a429dfd735a3cc8b9060faca93,Adam's apple
d774130241409a6f80d360cf41d2de44,back of head
3662e0d57cbef9bc8aeeef607011f8f9,beak / bill
8fdd962eb13c67e1b69017d32252c362,belch
5bda07a6b124823c78acf2079415993d,"bladder, urinary"
291f880b3f175c074e952d1cf1a38070,blister
34d56f42593809a95605a29aa305d3a8,blood vessel / vein / artery
e56346679e241daf1ab76dbb7c25c57e,breastbone / sternum
cc8d3ca33b5ef11ed186cb38dca450dd,breath / life
79a90fc4de4f129ce0befa1c9ce30998,brow
8a1a754ed4805dd6fad06d6a33e2a134,"brow, eye brows"
fa06b937059385b77ec065b315582d9c,brow;eye brows
bf6a73a3c19c40dccfdfbdff21cbb920,buttock
b87b1b1526748cfa6a4a78a6c5604dc3,tooth (canine)
ac2a5fe5834f4c522fc2374ee44d3525,carcass / corpse
6f19013c042276b9fede6e25659cdf59,caul
e51931e8ce1fe1a9adcc0f4dc9341c18,circumcise
d83585fce72eb0c902fead8f0268f119,collarbone / clavicle
cfe7dc48e565a91c6621b93fcac48a9a,dandruff
7d798916d73c46b724415de9da186f6d,diaphragm
7067ef81e360efad0f28de5339883788,double chin
5522d919ef945df70d708324203febce,enlarged spleen
2b02502fde4eb2d2d3e6e0071c5f15ae,fat / oil / grease
bdf8e8f60fbc4feef90448f6d3b4d5ce,finger (ring)
8e7309c2d64e7766c9ede08f3e5d319d,finger (middle)
1c2f04664aa96268a6ad1fbbe64b4dce,finger (little)
e66405ee1415200bf33864e10ccf51cc,finger (index)
4bac9f5dc406612cd5575ea7efeda7ff,flaps of nose
2640622d54acdc74f38cfd839bb94130,heel (foot-chicken-egg)
00d0052e6e851f549e6b49ea09c14032,copulate; long for one another
55b21d516f228de90ebc33c5068fe26e,gills
0900840a128bffa6f7ee9ec5745605d3,groin / loins
cc4b54610d3dc7ca8dac43f9fbe8579f,horn / antlers
6bf6b438bd21eea3a3d8895b906819ac,tooth (incisor)
dfda6b1330a525827e50a9980da27d33,intestines / bowels
4ddf262814d2b95dd5d61637d653164d,knuckle
82aee7a4cda975a4767a48c941127273,larynx; windpipe
bb4b1d7786d6056ec54e44d9965c5df4,leprosy
60aff348232b3845557e87215b6fd98c,lower jaw
42cc49500af7bdae340caaf57c7adb8e,lower back / loins / lumbar region
e90536ae4ecb59f28229238509e177c9,lower extremity of bowel
b009d93acc50554392c00149816cb9da,lymph gland / gland in groin
ad58f67f7cc39ab7e9abc30c2c90cbc0,membrane
385d325f20b55ae9486f087122501d58,milk tooth
5c02cea71e6ffbceeff7328adaeb96fd,nape
66a89d6d93a59bb25e41ea5d54efd2e7,nasal catarrh / snot
19e133f84ba95b410620f018b3b13ca3,navel;middle;center
bf755be91de45534dfd450e71cf1fd88,nerve
24b0ebde3f519712a6e25f4b6bca6b61,otorrhoea
da31b7e60298a017d05966a8ae90e245,permanent tooth
4cf500a6441d196f59cdf23cc915b43a,phlegm / sputum / saliva / mucus
46b0f5512398efed1bba807059088b5b,placenta
4b9c7d51b46b210de36b5d8b0d1175cb,sacrum
4ef97a5db1519bec8ee8c91d62fcaa08,sap
5435cfddc7e1cd3c1d703f230e2113ba,semen
35daa70b8d6f6d6c5e2ae1d91837a760,shoulder blade / scapula
952791b06783913f4f7fcf1aaaf43c5d,sinew / tendon
d385287509d79b5d5163df9097dcca39,spinal cord
b8b841523e209676fdff07b492fbe546,backbone / spine
dc2327caa981887302b4629be122fe45,spittle  /  saliva
f97ee44aefd797519351ae90825e0730,vulva
fbf547c7cc768249a8a4494200187369,sweat (sweat-hot)
42b6a4be95d57f036901f1d7df656b86,talon / claw
510785f3377e0ba2410bec392b502555,tears
44fdfd6b77242931b681916e068474e2,temple
7eff27ca24ba0236f361c2d8ffedb508,throat / gullet / esophagus
e49148c5c519aca9c2df57aa935eae3e,tusk
697788a1362509c2421fc9319eb99630,uvula
41f3f674f4c0e8724488e024cb3cf4b0,vomit (noun)
a5f39294d45bb9a7e8e4fadb995a7855,womb; placenta
f41af3680ab5c7dbb137fecc5513e161,bewildered
f6354ab76a612b4e70d2331f350a1c77,"bold, daring"
d0766cad6c0fd1da53c0d915c1fe4cf9,"break, cut"
2f06a20bea2cfdf5880c59cfa7f49a30,break; be broken
591f72927418ea85e3780521cea0c41b,bridge / ladder
d09abe61c86774b2d06c1b727bf0ed2e,come to an end
4b00e1a69daa064c2ff77aaa10fb0811,conceive / pregnant
fb09dd910be9becb75181c0f6f75ef00,"dig, hoe"
78447838b32f0ba2aa361165413c684d,"droop, hang down"
1ea753bb68b53f4606b3c658c43d8db3,"earth, ground"
e252086b9c83b0977ff233d30dbab155,"fine, debt, tax"
987b51092766aa9e93f7831c417e50fc,flicker / blink / extinguish
15580828261d65f0ebb86f54defd7678,"get, have, obtain"
9d59aca6a6d5b47b95ee5d1469e060a2,hang on to
e476e9bd459cbf150fe884c995f07231,late; slow (as a clock)
3615ecbe017c592afea166d7e5ab3007,"lead, guide, escort, conduct"
811882fecd5c7618d7099ebbd39ea254,left
c4c30993a6af0241a3812870295c5054,"limp, be lame; hop"
76a3977c8448a37f78b4399157b10076,make love to one another
c4d231ad58a74c10cda03061dbedeedd,clasp one another and be reluctant to leave
115b5d1e6e1b252927ed2d84bc68b313,"pull, drag (as badly balanced load)"
0022496ca45076bc699dedbaabcdf1c9,more than ten; over ten
0bf83831ea4a1fb853e6d38ff5d43737,myself
51b532947e9f23f6dccc00b47e34ad4b,name of a stinging nettle
40d4c593c51af2ca1fe436bfaec35c24,pull / drag / lead
7820bf7967ac294df2d8d579c514b559,pumpkin (red)
4faebf02390aae8e30283164fd1125d3,rosy; ruddy; red
d5f87ea0328df76d927c2412647bb371,"scatter, disperse"
2041c786cceab0cf14ec74c3d32bac0d,scrape with a hoe
7f01da62ea3b144e1b003410aef5dc02,taste; eat
3cb7063571b9343bd03bea0565b56c47,"long for, miss, feel earnest desire for; copulate"
23ef57bc351e17b77cd18954a192c28b,"time, times"
2d58ed90b79edc246828ab7ea02075e9,"war against, warrior"
2266ceb51f13bca5e5f03d878cba0019,wither / fade
97dd15e8a90588f8e60c9da3be59c2ab,"more still, even more, in particular"
de7c098e315795e53e1c5e122fc41deb,"row, paddle; wave (the hand, arm)"
c9080c509cccdcd8568a577e2abb04bb,"whorl, coil; twist in whorls / coils"
567b03fd6ee514fc96811d88eac4337a,"in good condition; plump, well-favored"
16ce60064d98ef27a2db58972a73b565,name of a large ant (that presumably inflicts a sting)
d3c720ace67f6ed410bd4a8099a55803,"pull a rope arond a tree, etc., as a pulley"
e7a07798b94679ec7d569b978b874428,mistake; not know; not recognize; be ignorant of; forget; mistake one for another
ce91c7e40793c11a49048f5d8a60e4b7,connive at; overlook intentionally; pretend not to know/recognize/hear
9a396b5e97d048ae0cfab92cbd21bc07,"juice, sap, pus, exudation; exude, discharge"
334c5f350403d0daab46739a441bae8b,"temperament, disposition, nature"
44a5aeb5ed302ccbdce3be9b6ce55701,"draff, lees, rice from which beer has been brewed"
44992a86b12f22046810bd1b1ba6eb8c,at enmity with one another (intense); have a grudge against
a02f318f1a70d227812121fd61448f3c,offer a sacrifice / utter an incantation for one who is ill
3329ae5addd82f20624f7ed5b961fe8f,"stagger, reel; have a foreign accent; be out of line askew"
ffdabe051aceade4f5509e6377aaa16e,"carry in the hand (something that hangs); hang up, suspend; lift up"
2552ea7a768a71750ae7f0897671f8c2,"giddy, dizzy, dazed; have one's head swim"
114d8dc0738f34c2bb3e64baad0a4039,"flurried, confused; lose one's presence of mind, be bewildered"
7b2244c867fca0e267ba16cc7ec2bb53,dew; rainwater settled on leaves
1748ff223d12f93a370bb49651b15921,"throw away, fling away; strike out, cancel, annul, discard, subtract"
4728482e8bd9ce148ad3c87658607e04,"finish, complete; ready, willing"
e8ed62cce3c2a27dd1a181facaf49481,"cross (over), proceed; attain, achieve"
a5d6b5c54a52565ae20a6e07c7842256,"scrape / draw along; scratch up, scrape; unearth by scratching; clear out loose soil with hands"
99dacfc5b72f63a40167b314953b07ca,afraid  / fear
817b9097ed045ae736a92a133a9a3942,barking deer
28f9b1cae5ae23caa8471696342f6f0c,bent
5f836b0d70ad90777d5f356e610caba6,bent / crooked
0a42a939eedc459e731e903dee9a34a7,broken (off)
27afc1f7fc022c684ec984385c20b687,carry(on back)(1)
d5a124c9445ae5eeadb48b050b9cff72,circular
18bf6263f5c017edffa544bad21a36e1,congeal
27e51bcf2e76ab1e97c3800dbb498940,crest (cock)
86fca1931095f8a2040ad16222ff756d,descend / climb down
f6aee9b2c8199248e323aceb4f90667f,do / say / think
11207577f8b7147e475dc7a8b56b3f22,elder sister
f8ff5386627de96a92b71e2b13319003,fresh / green / unripe
032a7fda47d31794b7d12b48c87728ef,goat (wild)(1)
9c2747b885224563a58abffbad6a8387,goitre
2762786f167711a61acea25bc7fafdc4,hear  / know
36af256ac63ec0e4728a9bed57a8b2bf,knot of hair on nape of neck
1038c46233d2e9e081133a69eb239568,language / mouth
ad2320dea825ec1a86e611b533dbf791,leg / foot
182b2b8b029e173cbe0cd7075ef96878,leg / hind leg (animal)
04329b41b2ce2ad550c93fc5df6a319f,loins
48fb9ee95dc11c1f1e99a6a4a2c94d46,navel / center
eb5ea7ea8bc2d17462f98a7f9faffb52,nerve / vein
9aa667de2e41ba9616b3c91a5451029b,palm (hand)
4c8e3b740b49b9c0d6c8838e710eb75d,palm (hand)(1)
ef480e7340bb7bbc7e7cbb08cd2f9878,put  / place
1df3746a4728276afdc24f828186f73a,quick
16e9415f45c8430088b067eb842f8f20,row / paddle
dbe795c60f835bb275f0d025da77ae64,scale (fish)
856c0290ebc3d689d777eea00dc140af,sole (foot)
991c1bf4007ff8a493b6147ab1ad938e,soup / curry
f5e30c366cce377dfb47113af0d20aae,spindle
41b1df40c9b9692c97defdd964161339,thousand
cff25d33da91c34f7909a2a84597d65e,ticklish
0c0c846a58eebcb616c4acc4905449a1,utter animal cries
ced33ad1e67e5245a6f49ebf8eb9666e,way / path
b1275ae967fdbd25d1692fa5e2f547e0,weigh
06f2e206e563319fe84c856e430a5757,whine (as a dog)
bad7dc9eb60f567c6dbdc2a20e06b0fc,white ant
fa40bec7d0a4249e5470a5c76249e1f8,worthy / deserve / merit
7bf4469e160a3997df3f0c68aeacb532,young one of an animal
966c9b32bdfe320dec42cb7cca5157ea,younger brother
0ff1d33df43c764f079f16bb3b594a49,young  / tender
1b41f69fb1def498f73d1b464b5cf0c1,hole / inside of abdomen
95005b997ca5a4e1174d3a921a97496b,"fresh, green, unripe"
df2d913709b090d9264e5d1ffb08be5c,bowels
458e08539a7f75c72cb0a9e2e09ff672,"mouth, lips"
32b269a83a0ee03f32fb369ce645268e,"cry, weep"
c9c6831162e9ea85210affca210d919e,kidneys
1e9fe6b2f93ae37a25e027c83e2eba33,testicles
c0e1c52d1d965a2dc057428258f05d7a,"hair on body, feathers"
2d79a24877096535ceab8f360ebbea47,hair on head
51a3170f134dbb796fa8a46d98d97866,"nail, claw, hoof"
2a1400fad8414d9440e6f69b5449ebdb,jaw / chin
39e184020c59829b0abb8449e772072f,breasts
bac40cb0ec0198e3a2c22657f6786c41,brains
5d846d8dd4f89e837f6a2a62497bc990,blow (with mouth)
969312681320e6d167ee99a2ec8717a8,"corpse, dead body"
8d3a4d3e159e64804221169eba57be75,"after, behind"
b16c4711db02e482f0e724e05d6f0d79,"apart, isolated, detached"
9cb8cba0323be96f1d1ac755991cd139,"arise,awake"
231e1e9e4b45ded1eb92cf89fd2e3897,bamboo rat
a8d65b6cc5198207dab57270ed5ce225,"bank, shore, mouth"
2271cf4db1bd6b0eeab8c0fb256e3ef6,black pheasant
582bdbbcbfa7fbd80c6949e32eb73099,"body hair,fur,feathers"
2f3262f52e8d85d2ed06354afc7038f7,"break,cut"
7f18cee8e6887c234766f91ffb1c9a5e,break / be broken
20c18231dcaa6f7557e4f03c8813c33d,"bride, son's / brother's wife"
c5b6e890340c1cd540f33c80086a8671,"brush past, rub against"
aef6825e8532ba3f658f6f8d5682d5c6,bud; bud (v.)
5ee96b72c2fab103a8e0ed399431c426,cane plant
2c80fd262d7c67e9a4d697482a9d51db,carry (on the back / shoulders)
ab41e8f4fdd956e5553fb4c25082fd5d,"child, offspring"
eb52e7dc29306d89da88bd3dea184fb0,choke
68434237f5401f6838bf70b20bbb544c,"circular, round"
73f47084fe365d8b538133b8f0bee037,close (as a flower)
e0b2bb2075edb5cc59ac89171bbf4ff6,cold (weather)
de41d7f90896e5226189a5df59d9267a,"corner, angle"
74aa6c24d92a62c20f0255dbaf411482,"crooked, bent"
b5ada8ac16d11914f2511a1580aeda67,"cut, chop"
a0c4cadf0cbed6feb770521c888da575,dare
b7cb2f9bd4993dad1439d83fa31fb0a2,dark; darkness
1dfea9767f2582afaf87d117dc81c2ed,"downhearted, sad"
3acf99463195ebb6eb9182b0d70749c9,"dry, dead"
d8dcb31d39b95dd4c148d594b036bec4,"eagle, hawk, kite"
dff2417b689f974a87832c877f6aad88,"erect, be erect"
57772e080d8a8ce7c393476d73b22148,"evaporate, dry up"
6df42af2b466a43f006381256ce5e640,"excrement, urine"
f619bd6b081cb09431acbb2f8b6a3136,"fan, winnow, flap, flutter"
9652b65236939f7b2a29eac4ff4580c4,"fat, grease; fat"
e821c2f8d90c8a9a2105e7854944d48f,"fear, be nervous"
273b9ae535de53399c86a9b83148a8ed,female
3cd5ab9deaaa849e63b098d3346326c8,"finger, toe"
6b53e9122a5f910fcefbd49a79779e12,flat and thin
60896b948fdfcfad3356a52360ab0db2,"flesh, meat, animal"
5f3bf91a7d881eace3e5fe2dd38da11a,"flower, blossom"
5aa3d276735f040e294380b6e3040c2e,"fork (of tree), forked"
0cf3327877b8b05ec3de823cb793beb7,fork of the legs
c6fe2fcaa7b07f267b94837ea0686216,"gag, wedge open"
32a43356644979ac16abae0abb711030,have little to do
3d0c56ec3f6176c2a1955152eec2a930,"hole,aperture"
9857154afb886528da178b1e22fe659b,"hole,cavity"
d2ceac0b466b709045474d815a7e1ebf,"hot, pain"
335cf4508dd597be4bfc9caa3e08b901,inside
54f60434e4855ee8caddf2625d80c3c4,kind of basket
ec959bb046e222fb12553ed1845e649f,"leg, hind leg of an animal"
2fa47f7c65fec19cc163b195725e3844,length
0a225851f72bd2b7476a9372f52526d7,let fall
64389c0bdf6ada77cf94b889aa11728c,light weight
a5fc2aec7557626e9d501930bdeab3d6,"liquor,wine,beer"
89b94e20ab83d7a58efaf533af507385,"listless, quiet, silent"
21c576a3fccfbe8fe3b5390771667229,"middle, center,navel"
da0de61bc65682b1d939e81b26e4ebde,nice (to taste / smell)
e2f1ae575258012d4cf372de953f2b82,"oil, grease (sa flesh)"
14cb721f3be8d26348bf4a6793975e32,open (as the legs)
fc31477e0ab635b0fc7c1b5552af5144,pass the night
9dd4693f14b59b12ad30fb97bee17947,"peas, beans, lentils"
ed7a315bb38ede5945217e20057bea48,"potato,yam"
157368ff55a98c45ce9e6c304cb4a214,precipice
732e3324cfd3cdac9eab91ee6730ad50,"pretty, beautiful"
a449ea557ade1d399c520dfb8db1de3f,"quiet, silent"
cbee94ac9acc87f1c1cc4fdeb78ea2d0,"rat,rabbit"
800cc2524b530218346a5a16c5861979,"ripen, ripe"
e8162cb3b44d9be8d82d9470191f29b9,scrape
6273b4be7dd55237bab3beae328ca5c7,"scream, cry out"
b7e8909cc41f0988def046dabc664c76,shelf over fire
8bcf6c4fb36470b050b853278c00a3d3,shelter
f5ad722eeb06f2619b781af00a9777be,"shoot (bow,gun)"
41a9d913e78677af550f5472e61a4459,"shut,close"
40f96b6fdf6d30cebf684405a6f9b2dc,sinew
1aee86e7086c6560166072815eb6a6b8,"slice,pare,cut off"
728b9d42db255938ab6cfcb7dc4a4806,"small valley, ravine"
f765b10ef308d36be70bdaa59254af08,"step, pace, stride"
3a96dcc0dde003b7164a0736060c1b0f,"stream, river"
083ebee43c7b72109bdb4be80fb954cb,"suck,kiss"
60bc69e7c559cc9cb6c2cb38055c2a3a,"sun,day"
c20711db6f90701e701cb7bff1a3eb50,"swollen, swell"
cefc74d412b46bdd91246b168a7372f9,tongue / lick
300f4f04beb8829c4dd54e9741882ea7,"veins, arteries, nerves"
06a771fde1679c3ebb4e283ed1f3f95b,water leech
9c781f778e115e954cc514978ecac16a,water; egg
6465e127bb345009b690ecc05cc382ec,"way, direction, place"
8417a031bdadfb493a827cfec74bba14,weed
fb8bcd456b3c26c980724da0177a5acc,"yard, enclosure"
908fbbe44a2c5f804f4c5a7563318839,"young, soft, tender"
24a2984e81e87a1adcf3855166be8201,"row, paddle, wave (the hand, arm)"
481f2a49c4b55756a0a58211bf978de3,"knit, plait, be entangled; plot, conspire, plan"
e9a9c6fb2ad5a675fa2e3a9055308826,"sag, hang low; to be loose / long (as a coat, etc.)"
815c284c2d228a80b071de2c0fabeb9d,"at enmity with, also to prop up"
c419d34a50edec10d354a0c032797c95,beginning to form in the bud (as rice)
6a4d5ce1695feb4b4aa34f8abb7e9c1c,"slightly graze, go / pass close by"
5e7be9ade9415238c8e83decc4380a96,"aunt (father's sister), mother-in-law"
60f8237b118718b55c0d2c54c728f100,"stick on a pole, make / set up a landmark, hang up"
f94bf2fe48579190a6cb6c3086b5ec2d,"descend, steep (downwards), down"
760593e61be4cc084ff8630856420d36,"put on / wear (as ring, boots), encircle"
f7781cf4817a29f2b9b1ac77146009d9,"draw a line, scratch; line scratch"
0b7037d80f354cf24faff1f5b5010510,ill; illness
55357bd51640ee1bd91185d3a9b2ab97,"ashamed, shy"
a8f245c6b0b21423bb4fcba06521a770,fruit / bear fruit
fdb79e5b31d1d0983211452baf2f4b3c,lick (as flames)
d0a5f8d09905afb816bc6ba486628d89,bank / shore / mouth
02605be6ebefd6dc41818beae8df6581,bite / snap
740b3baaa21f2862d49c017a1c799cf6,gray monkey
81362c35c3c9ce15bcbe10338f08f90d,heavily weighted down
517c3ab78cdf1a0d6d5964483e8de660,point / tip / prow
2493131a25ee0744c24bcb2cb8c8ca33,shriek
d31bece098ba60231603792ad83fb928,"cause / beginning / root / stump / foot (of tree) / lower end (of stick, post, etc.)"
2df755f223bdace5be210cf8273dea6c,congeal / frozen
853908ef5de486e1b070a125ddb2eb4a,"free, release"
2a310f8a6142e8da7f708a5ba562ba61,vulva / notch (v)
2add2961a7caf27bbc57cb3b2d8f7c89,"rub, wipe"
c81fc6cb486bda8398bdc630fdda6f1e,"sharp, weapon, tool"
3f325cdec1e7eb30534d063895ba9e57,"leg, foot"
1c89f525127a806d9eceef35c60bac3c,arm span
8432e951e3db2389f292267954980a6a,"peel off (skin, bark)"
4afd2985d343ab668af9054bebeb64dd,hare (=big rat)
2a609e2a48c763e227231d86bce1ffc1,verbal affix indicating motion downwards
e429dc08d9c3bde6fe1d0621e848989e,man(homo)
54a62e1291e4fe65dc687f5558d4499e,"grandchild, nephew"
4f30af1a49cd657d4964ebcb1c15b7bd,"hang up (cloth), spread (sail)"
b21f63888214c74ff16fa6a57a38a6e0,"new, anew"
738858aad1dbb2a02a319b4f3eb9970d,"cause, beginning, root, stump"
ccaa0819747c5671f78f548240b68cb5,"arrow, dart"
a18312ae96e959177a7759d6fb6e26e2,"scatter, throw up, toss"
77db22cfd54ec490e8f5eb982cc841f8,"bank shore, mouth"
3e1570cad8a24eebe611671bbb73046f,monkey (gray)
22ca6d9e905f138eeb114c81abbf1d32,he;  she;  her;  it its; him
a068d8104d5fed0396574ab35ccabb97,breadth
d64eef5bf99c9e0139e7a8c44afe7742,be salt
ecd1fff5c5732b07fb228f9bf5beb842,generic name for all edible leaves; green stuff of
01a2f178a4595fea7fa4823af5577339,a species of mustard
ce50a09343724eb82df11390e2c1de18,button
0360ad09adb7795035f32fc6140fe062,red-vented bulbul
9489eb2e50c990eb68766f57b4c16d64,edible arum bulb and plant
369c51b892ae0545f558573f94dd99bb,left remaining
66a743b98101ba9ea6867012a3ccd388,wall; partition
4c232672825682db73c1a4a0436ea63b,name of a bean
27f4eb284f0a063f1b008a23502bd961,a species of beans
a4eb4a22a31ba1de88303ae8eea187bf,a superlative particle; very; most
d4641120e7661c8dd46e527ed611922f,generic name for different species of beans
7e831694026aa07cf7001206132e1d62,pot;  utensil
d14ac35dd02ef65216fe45ea07b4cda2,round; spherical
abd96630d0af060f111e038bd22d5026,name of a basket
c44591cd6c5c5bf282ee6c224929c155,bunch;  cluster
3767b450824877f2b8f284f7a5625440,rice
ae54cdeba365c0268e8dd0dcf02ff28b,stump
5f462c52347e99ab8445dc6a29fd1d45,a temporary house; a booth
993e27cd6b56592ba4aca85f8eeb7313,muscle; flesh; substance; form
62c48396d687070a4b88ff0ecae49454,as much as
dfb281309bd7b93497cba276bddbff7c,laugh after joking
8103eb4b28c0baf27bf83d0e9178a492,spurt out
df491a4de50739fa9cffdbd4e3f4b4bb,when
e07cd1723fbeb38e9e7485d54b593f64,bog
b1289fdcf80bfd497c482124df09cb21,nail; claw
1694a52d584b37c45d1d7c789d8bea9e,clear; transparent
9bbdbef0636db1e2ca4b56b92ab693f4,wise; clever; artful
267289d2d80353ceca1de8ae8887bfea,wood; tree; wooden
81e5ab6a6387907c9578d3a0c323a38a,become cool
8d45c85b51b27a04ad7fdfc3f126f9f8,bell
e355da4126573f02ba37f05ac3dbb574,custom; way; manner; habit
dc4f545b34b8b4d1cc3a35cdaf0ce186,back of the head
3d45bf4a8ae3cf32f5746b44009b0d21,right; accurate
28c9058a079e537f80ff127c64048dfe,witchcraft; magic
bd504a86d4a8040a2509ef8ce56f2b6f,water melon
53f018f2ee1fc4fb7ad2be1cc7b9ed43,firefly
9fd53834705bc8f4aea5ccff2e1c7bea,point at in contempt; an interjection
76dac3fc899b232d0006503f1a8551e9,excrement
5fe4facfe88486113fa2e653c8cf6945,exceedingly
28672f2d6fb09d7c174a9ac9c8b87e61,country; forest
bbf167ea59e02e5d4600017c89edce2d,a wild gayal
bab09a14723331a0a68429f32aa8ac46,inherit property
8deed6277234dd267fda4956e6ef0a63,domestic animals
3fd4c82b5ed7fe723d7e015e9f161668,at a distance
8de3036ee9278f815285199c909bc3f3,be at war
0b435e603501954a08eda228e0c24a27,long time; delay
92e963907ef20942a79adc202edd4b5b,hail; glass; earthenware
627f0f23731df11c46ce5ad914895aba,the bowels; entrails
405d6d0a51003debc1a939dde5e6cb86,edible shoots of bamboo
94f68dfd5d8e30a42402b909046dbcd2,mouth of a bottle or jar
f770a74b2a2531f802b338669cfd5d55,various roots; leaves etc. used for poisoning fish
d9ee5ef497bcb6cbefad4b2beecd44a8,naked; empty; hollow
22a586fe24dbf8513d1230c21e188f37,creeper; string
de5ac8d3eca262bb4cac4a9d0aea82eb,basket (variety)
df9a15f4b208bd6675480d927c71bc7b,a species of mango
af26017a122eb2657c10eff9b0ca8ccb,put on; wear (as a coat)
258fa1dc6804f9550f983d83f2a0754a,thin out (as plants; etc.)
282aa351a2bd30655fbc060bd4f33766,weapon
208c060a665b5a1531e42460b40f1b01,birch tree
e04210da47125bd102bf0e16c26db11a,bark; shell
af4c917ff28e29ec366d6621479a539e,be worth (so much money etc.)
f74b0e16435df777bd80d846df3083ae,worms
f5faa6069871ebf553474f2a8c246786,sack; pocket
bd5af1f610a12434c9128e4a399cef8a,bank
736ce74871de8e6d63bbe12015177460,prawn
c28d6dc4437f1414400e7816656acf46,be good value for money
62d6c5a12df2e321a80a0cc5f17aa520,accumulate
567904efe9e64d9faf3e41ef402cb568,where
8d60d347241fd53d0bbfb5cfb58bc993,doorway
bdd00dfee158daca8ec48ca600121c5a,trough
7dbbefde57ede5da8ef325682c9c8929,tree; plant
6cfb569a9d21422b0c95c499413bf5fb,grasshopper; locust; cricket
7fbf8a8b90bcbb2ba650cc8b0714b739,stranger
df55340f75b5da454e1c189d56d7f31b,still
578552719239a72a2d45ad422f67d24d,ground
4da938a19c6ffe92e1f591c702e70aa1,deep pool (in a river)
cf55af745b48ad6ba11c0d2cdeedbe36,be pleased
be554ff838bc371c3974f53b58e32529,obstinate; stubborn
f7b44cfafd5c52223d5498196c8a2e7b,stream
3b28c0d4855607bb25e2bb7bab69d3f6,bamboo (variety)
a3f4db1781e40e4a19d615a9f86ef993,name of a tree with small edible fruit
897e9c2260175c5ee7d4486d0eef0de8,son's or brother's wife
b88bc07bb943f35689bbf1fbdeceb28a,elephant's trunk
cd592b4836c32ebd4b592cc62111f047,species of Indian fig tree
f7a13e18c9c1e371b748facfef98a9a5,vulture
97916faebd57a0b7dd76c96537986217,name of a hawk
ec277cab12ac17213766cddac4a97336,a kind of hawk which eats snakes
60d7a90bfb803017ab403a06fdb09f69,cotton spindle worked with a wheel
b90f6b4e73474ff49d803a6882dc796f,hair; feather
fe1fa253fc5392978e9a74b4c97359bb,beak; lip
fc24e432b48a46a31ab2a79b5c95fec4,strap passing across the forehead to carry loads
af6dc86bebf02f47ed3550fe1e757ebb,mucus from the nose
35a46c2c3dfb9e16c96eea691eb1ceed,younger brother or sister
b5dc6bef94e2c5d22406f62b9f6009d1,sun; day
94b7a422fdac3dd75e7286c08fb05694,paternal aunt
6dadba4c5d4b3426750e193c0cff4363,young of animals; birds; etc.
74ca9058abd576876d64f5ca49e2587b,bosom; breasts; udder; milk
24897584aeb4cb5f308eb4ef1019916e,the underneath
8de7bacaf9d85e4e30612c90851f7104,the back
eb9da300c7375fc43702c68a1ff7d8ab,a large male wild boar
56ccf5466d2186ae76c282ed0da48a4e,grey monkey
2c9fb7fa13233b5062dcb03dbd2119fb,really; certainly
d9e28aaa375a4e11013f19e541b7e4a4,name of a boring insect
9d7d8f69be2c2ab84721384d5bda877f,crocodile
706be3205881857a3ca3d45f9fa673c9,chest;  breast
9c62ad1fc551d04b815c8573285b65b2,side
a24525a6f3b4ead1dd539cd59450d9a4,sheath
0e08048c1468a29b66cff945720bbbb6,grandmother; greatgrandmother; maternal uncle's wi
91fb30c2bbe043f7d1361a3d95df77e0,company with
68448b7649edab684af6b5c10a7cd03d,grandfather; great grandfather; maternal uncle
81845dee8df77037deb801851647cd7a,rough (to the taste)
34489782704c2621dfdc01c053098285,level; flat
548eb3a49971a6bcb74e1c186844405a,name of a mat
0d7fb7fc53982dab112030ef322188e7,be brown
7a3988453b1d3be0c3d7c8abf0be74e8,wild cat
41d6b4aeb36ef3cd81ebb4c6a8ae23e1,wild goat
0c379c0276f19febda43dca47ba0011c,sambar deer
002b1222f4b2e00de0b6b2c556135595,object for; object of
9e3669d19b675bd57058fd4664205d2a,v
67c0ecaf5a1b782b11146e9fbe80f016,lime
6b2a5d11723ae64dc5fbdda7a925a9c4,storey; tier
48dae70ea24a0b89af6029e71e8ce939,hone
7d7e5382d3f2a8132b3dd76a07fedfe3,goods; possessions
9d993a806584d6686a16aaa13b614ff1,near relations
175fb72a8d60b7b0812c233c6b054115,day time
9b826b74afdb563dff1736c512496124,comb of a cock or hen
9085327ef1962d88def6e788e70d4ff7,one who presides at a feast
d0c89f3a32feac03c03f108e8fcd26b7,real; exact
bc1a84bd84753854dea68ead87b6d610,portion; share
c773063257201c66448c8ff50bd4ebbb,grain
28947be9cb3e1be32c1597bf4da3eaf9,large cucumber
a00689b13e6a845b282c2a701b852bff,a worm
7648e290403d8c4a4a82e1c0417b8989,lump
ead39c7d35edb1c8f488bbf9e19c5df1,son; daughter
0e7e318cb89140f5b1ee650c4d1ec34c,pine tree
4c9184f37cff01bcdc32dc486ec36961,public
d661dfd0977bea539dd923f405b5160a,a measurement
bec670e5a55424d840db8636ecc28828,story
ffcdb32212928db821a0dcdeeb811745,a platform erected in memory of the dead
7985b57909c51e8d6543496c7490b9ef,the Lushai chopper
43ecd5de44233b894e2a78e9439897ae,water snail
0a90df2fb0185c71e57e345acfcaa092,along with
eb0a191797624dd3a48fa681d3061212,master
0e9ba4b1449cbfddd25721ac75675b4c,cubit
19b8cef206508fb68d8d84a8489c7e91,grand daughter
7c95d372a61b7a2f5d602d2bf29f27f6,grand son
c73755399b2e8dda11c1bfe9e114bff0,wrap around
017e959edc7e55901ae1fde0caee958f,ridge pole
f19146459dd42d795c6623304932dd63,white-ant
e02b9453ee29229dd32b2851dc0423b4,a large hoe
cd0c66e9fc654107553ed7b76ac85c12,rainy season
5177790ad6df0ea98db41b37b602367c,strength
bb4b3e1b4c8d284732e12f97403040b1,storey
00f855ef938a2583c91a10cd88f8a326,generic name for all chirping insects
e0a31b79c8056f416a084dfc91db277d,edible fruit
44e59035273dde6e09598bc561349f02,word; about; concerning
43c3e6f84e341eb3b85f24dec7f12c50,stove
77d6050e94424c990457b09d8907e812,elder
b02673583fb6330b60064133ce6e3b1e,crane
daf86a2a983d5ce9353a73dc8e3b7db2,left-hand side
60450d63c4c591cfcfdc5a4d3834313b,break wind
98b929ea2521b6f39fc260eea7d496af,neighbour
2d634b531da4ac6f8a89c69f8d6a9fe6,domestic pig
ad095b72abbe5c1610dbabeaaa086b33,be piled up
7f9cf806afbd5d9b70561f8d28787a63,continuously; right on; one after another
f8ce4572f0f760e931578a01ab750fd1,in the early morning
1cfe58b46011275404417ac4eb5650e6,name of the Lushais and surrounding hill tribes
fa3df42b45a9366a268bc02ebf6b5695,emphatic and distinguishing particle
b0d7afc8ffd4ec4150ce9bba29f20969,bastard
3e1867f5aee83045775fbe355e6a3ce1,beer
ed7e6b18d9a595eb45499763b6473c2a,finger ring
025700e661a9ae53fa72ad27b8e2bed1,be foolish
ee468f373eaa0f1cd1748482384a7cce,warm one's self; bask
94800b0c8265056b9d688e7a9e4c3abb,he; she; her; it; its; him
ac313029b19fd82338907a03a12330a6,mouldy
7095900a0d9bd2da42b5596d289bc032,seize or possess (as a spirit)
bfc7f3900241f29cee38d19726ae7dce,slanting
cbfd5abf9f0518c579d28c964dd813ee,be or get dirty
6ea1f74a8f00628a694925d823bb2bbd,hang up (as on a peg; etc.)
37f8a8c91aeb34f024cd9bf6ebf3e6bf,stuff in the mouth
2d317f3243cfd3c90bce63d22bac9050,the name of a bird
97a13e4db6ab7e8de91c7a941a31a4b0,be lame; walk lamely
387dccb92d755aa7cc93ad972f2ddf7f,having a piece off; be chipped
c34d06178736f93485b3b8e9b1e62ff4,reach out the hand; reach; arrive
92159805cf28ee78e13c41ebbbb1aeb4,owe
ad571b878fd18c8d453fdece432c91ef,surround; envelop; cover (as sores)
9d5f291ec85b1d78b2071b50f95f7f52,cluster; bunch
70b717bbacc1aff795103f990bb51c66,depend on
de4d5dd084f25c71d774a663a0531c82,clap; slap; pat
caf9485951556313f641603817510924,wear in the ear
d395bfd63c0df9fd02b1cea5f8c938d5,do; assault; be engaged in doing anything;  begin;
a4f41fbbf2210b1259ba18cd0016d846,stick on (as paper; plaster; etc.); plaster; patch
00dc713bf29da955bf05badb4d87adcb,be confused
e5057ba17c2243b0d34b17796ea2dbfe,be spilled; pour out
12f8b2c68895f3bcd8739550e1f67df7,pour out
4bf13744f39a49eac5c0efcdd959a519,wallow; bathe
14f1b2f3f87c3b10403d7d91d588239a,lie in ambush
c7b38ed21c831c9264b73c1d9d942390,put on or wear (as ring; boots; etc.)
331c9ffc27c4284687a02ecc4fc9cf79,pour out; empty out
cca65d735f7055c9d841992423ca26d1,stay overnight
7f03191be868db87c4c546f8d7630702,remain in a place over a day and night; sojourn
949b39ff79b00be558ffa175cfcb687e,be deprived of
9d6a07d9677a8bcaaede7be3352ec159,lie in wait
03c737deb9ed03ae122e29348ac7c90d,bait
c9e9a848920877e76685b2e4e76de38d,level
809f9dddf7b9b1c22b46b6b97948651b,cut up; slice up
9e7012e85c5db78eae4e63e2ebb9548d,mature
2e61363441a9ce970ba6a7c1d4b1daf9,receive as a share or portion
f571b781b2c686a741f3afae20a13946,change into; become
631ddc1f8e4ff5748d8985706ca6387e,break (as a rope)
65e8800b5c6800aad896f888b2a62afc,rest
ff9a09accaaba644c083d9e8b5b7c781,do; act; work; perform
b7c2cb7a4faaa56bc18c6ea74144b435,beautify
29cd024fb9abbb322e8b1a430783f9b4,nip; clip
028a62cc1fb3c73ed766b834eec2f605,make a noise
0639533ed7bca51e4c6a6084927009dd,answer; reply; accept
1fc1efd52499364a64315355871a47a0,be thick
7605d2a08d26aa9d7b34ac7f5c91cd44,tease
e8bb5bfa885d2108a2f9ef7dc5fdc4b0,run short of anything; lack
b0d62d3c3bc19f252a7917fb2858c692,find; pick up
9bc32b46de596a3e5773905b9eade2b1,answer; reply
cf177cc4e01477eb7a37946f0c135b96,blow (with the mouth)
00c0301b76c0782fd9a52ffa724062c0,collect or put together in one place
866b3f0c035b8d2889dc37f39649937d,endure patiently
7dc2558adbd20a51b3eeddc6b337d19e,forge; sculpture
442570b6425e19bd8a61df8c84079919,close; shut; stopper
f781c2cf51ebb7d66a87f9eb60a76a87,be short (as a coat; rope; etc.)
fc042ee4535e43e6e84ccae3104c41ab,be bad
4e3a7cd76a00e7f7764daab149ba6f49,leave as a heritage
f9976e30e731f42db30d8d73f983a02a,count; read
e44f9a8d7729dcbaaed855c7f2c4faf3,partake (of another's food)
2d009a8b9fe2197c2459cbc9a14ecdd3,ascend; be steep (upwards)
d5eb5d2e41d32d3ca908b30ba72f3fcb,be bent; crinkled
2e28ebd583d2b1bef2876f711ea46271,aid; assist
9ce862bf60cc175e6973adb48e7d48b3,notch
8b1427db1fc3103cf988244d6896ee7d,take after; resemble (parents; etc.)
2177d483c726f97a1ad6129101cb5644,cast (as metal); pour in or out
f16fea70bf0b54f416f1211b1447021e,disembark
c7d914b544afd47deb0d5cb08f47878b,release; come or go out; originate
6af74ca7c50f2675fae53d2c2a9b33f3,come or go out; disembark; start (on a journey)
4c70be37f17b7ca2143580583a6df9c2,put on top of
e0ed4b585b25d9435121236dd297d704,snatch away; take away from
c7d6ee6f1003c91e4446e7d806d3330a,descend; go down hill
e5ca931f988f03b55f52270ca3c4c694,stab; spear; prick
2a34cc00f70c522c64653a7d58523e95,die out (as a race; etc.); become extinct
b33f9c0c4567df21899150ca0d6fa7d5,tread out (as grain)
69d04d5c71776b4db4f79dd4facfd928,trample under foot
169f65f08aac59ee38e09ecbd1dc41ab,plant; sow
efa50ad5b508f48f5eacbbd7c9b4b7a1,put in water; etc. soak; dip
fd7f255a952973d2af93469641e2b643,collapse; fall down
50ea897e43b3ec1adb845a798387cbac,barren; impotent
4dcb51c77103b39cec1861c85d0c4a94,shut; close (as a cut; mouth; etc.)
734a9cf7c282e67c1cd90b9954c72d4b,dig a hole
f21da58ac9e6613eb7280afa63fd0c78,carry or nurse (as a baby)
72e44138e7f2b2ac7af5b8f0b59ee1e7,carry baby; draw water
a5fdccad5b0e7059f50c8e3dded4bc1e,be fat; chubby
8f7eab408dd4f40ceef997bae8daba46,punch; strike with the fist
059763450f095b4973b450eaf58399c1,ride
14483e18b6fac52fbd7d465ec9437407,claim; snatch up
a2620e2da9f0d5f2df12d15110e10fc8,bite (as a snake); peck
6b8f6414d1ef756303500b1c75ca9c4c,raise or lift the head
9b0c41a084ce77bc23b6d8c06c77d953,prevent
ace871a8f030e99b93d843e1cf7d7cf1,land sheltered from the sun's rays and so kept con
8894c4d06634351df712dc0d57b3efa7,get out of the way
ca1254074db837bce6fbb6254e0ebb98,side of a river where there is but little current
0efb39c5288ddaf68b70242ea870e422,be well
848bb4b51a6ccc8f8d3b222b8b9f4662,hold out (as the hand cloth; etc. for receiving an
15d89c44f719d811a4bf26e339f92983,support (from below); support
71a3c68908be5aacffc19cbc07b12fe8,shoot out a new branch
eeea64ba83e89a6f51fa394de0fde44e,bargain with
e3f79fedd8cb22b4a640a7983527c0a8,suck up
5a016de8d0fec002abe194c17b3eb6b4,stone; throw
c3ab2b79a513589edc05311de3d92440,lean upon or against
48348a62b83b12fe74ec0384a39597fb,banter; poke fun at
7b1042877c130fcbbfd85237f0889036,be at enmity with
52c047164e19bd14445545db9419b965,prop up
d5f6ff67708a64f02af7f534807aeedb,hold; catch hold of
b83ae14ad435b1d40987a62b90734ba0,catch (as ball; etc.) take up (as spinning top)
57bd1c693d62376d1a98e57382f95816,dark (in colour)
dfc2996831325dc4d9e54a9b85340930,be soft; yielding to touch
2438528908ecfb9b773d525ee178096a,split wood with an axe
29aef8aa7dd6e9662b6de4fd5bfb89b9,be perpetually in the mind
e0d5c7b33679fe97391e995e76991eed,feed with the mouth
e103a41c6c45908233a36c33020ad367,be clean
8e52ab2ef0d09e0c43a4503b308e7294,stretch; be elastic
d0c3e775afa9fefecc1983213fa40f55,drip; leak
170b914905c44183ac7749bd1123d8f9,kiss; suck
c700b30405189564505d785fef4cc604,apron
b2a0f61fa6675854b8fc545c08aff04a,suck [as sugarcane]
efb4b80a8ac544cefa4bd5d81d205405,understand accurately / justly
03db978362e57dcad87e9843a3ae8e8c,hard; solid
0e4b18b58fd127b53b4a26e7bc3abd95,distinct; clear
5215e34434c48f3978300fbac72fc47a,be high-pitched
86a50dfd9cb1f00b18352b34b3fbc47f,mean; stingy; miserly
17f1099c611140353d9d4ee87de6c165,gather (as sticks; firewood etc.)
5470e4e52a65e098ac250d55dce39c82,wrap up (in a parcel or bundle)
67bf3cd5ee33f99f417a2e70e028b31f,sag; hang low
5f6c82262128efc88e7dd1ce2c0c53ae,be erect
ec9b07ea5edcc494d1edadbb72e0d749,put wood etc. on the fireshelf
654fc0d5d8853708918105e3791df731,swallow the wrong way or so as to choke
29004e91e33bc218ad7a612efbf5a967,burn; set on fire
6ceceb6d619b997232bff6c5b52ac961,burn; set on fire; ignite; char
63011a01b7e5c34f6bd040a560db28ed,be tired; be fatigued
44bf38540059bfa2dab7d6f659ffee8a,mistake; be dizzy
8555e310e787dbdcedf880dd9cb09603,make much of; wheedle; make up to
1b7985893f2dbac1ca217c0124169c85,gape
47912d16b364e9ad6da220963bc1569f,be confused; be excited; be at a loss what to do;
f8b0cf5b9d3acfbfdb792e3c7f5a0a60,abuse; reproach; upbraid
4e604e908ec2a7de01330cccef6aebf1,wake up
93054a20a9c5529af2765e7415bd87be,eat with a spoon
b58f38f9a5b935d63b43fcb84b31e24f,speak against; slander; accuse another
a9dd5e051340b50f2b63fef92935ecfc,walk round about; go round
3468c297dbfc1b4fc643a02409d0966c,wasted; spoiled
35389182372c23e0971b0fef658a3dd2,bite the lips
df7e6839291e0d90e80f6888e5f24de1,be unripe
d3f056c87d5bb5a4824a1ca5b66a3f84,twist round
0c3c0ae5551f43b7ad70072727430efe,tingle; ache (with cold; etc.)
fc1b9cd2fd45d0810fdc025f1cf447b0,work for wages
bd49d557da88bc56793b73e7e8c91863,slight
8e72086d5452e463dd399722425f78ac,keep for one's self; make profit
d8d1a27d8da76bd8d07018005d095170,turn up or lift up (a covering)
5c0ca3400f315c7876f3050f95396346,turn up or lift up (as a coat sleeve; cloth; or an
a66e8d6325ddde409a049548d7e986a1,obscure
9f04a55415f55234b27965aa0ae2a187,lick (as flames do a pot)
88be6036081c217f310bec0139fb1a9e,take off (as a coat); remove (as a cloth)
4776c931c9a63c759cea0ae0440c35f7,serve (with food); set before (as food)
30d7e7abcf0494ad753bccfa0fc14aa3,have leisure
f4b99286cc218d84c6bbb0c96754ff56,grasp tightly
1dcb91d008b24da0f9b8f80268decb9f,be cooked
1f33a13c9c4b5dd632ce5c01af4f0a1f,meet; go to meet anyone
1ce99742566d0755e428cdeecdd96ff1,chew (as tobacco); suck in the mouth; retain in th
ee150282d6bcfbd4e75ac1f1284415a7,get mildewed or mouldy
8979bd5cb8ab0c5914a34060d41ca70e,snore; nose
66230ec9e4e5f4fb4563ed0e64ce2d77,juice; sap; pus
b68e1cb9d0540e17a60b09294bf7a37f,be speechless with pain; etc.
10c14a1fbf08ffacb20d2fc870153ccf,push; push along; graze; strike at an angle and sl
d1825c6f6d6d1ced8a75c717985633de,filthy
05008d563048b0d27d70283d8a8fcd98,large quantity; a lot
089a10035c0fb8a72cfbb23b2c39da0b,refuse; contradict; gainsay; make excuse
f0176086180c40caf65ee9dff9d86c3a,contradict
0358f31dbc21d0f28f54b826aa88330b,be obstructed; be encumbered; be in the way
af318ee572726a97e244935ca677627f,be refused admission
7a867c3ac96de1e410c0a412c5331481,turn (as head or body)
858893da1a37f12ad2e2f14767a60424,push or poke in; probe
d0960ecd83f06c46fdb483258ced73eb,stir (as with a spoon; etc)
379d4d81480df8f472c9d99cc2258753,cry (used with animals)
b29fede9cda4c517ebb3d5014279598d,be dry and rough
9ecc23375c897d07b669803530ab1b9d,separate; another
b8bab97f0737c3da47cd99a285b495b6,dislike; object; think a trouble; not want
fe17ec3c451f132ef82a3a54e84a461e,tell
e1135e33117d655504fc19447696952d,teach; inform; tell
7432934b88ed3475511f61cda9224875,bring forth; beget; bear
eb32cd06ee32919babb5254bbf6d7ceb,green; fresh
e6c1f6fab7313df2d44d961e28c61d77,large; big
8ef5b080ca00d77effa1375a9606709e,conduct; escort
8074c2bdc025196e6abd384610b1665f,roll up in the hand
fa3871b493e316c63fd009707c723fc5,threshing floor
30e1cc1014dc0d9983735f62d68ac518,clench (the hand); clasp; grasp
9f220f2c5fab162e117edc331760c049,sip; suck up; draw in (as breath)
53a3b08b3d034c87cfc29d7583c91a87,hate; dislike
6d62a477d4ec123e2fc0c02ded0423ab,be dry; be water-tight
124c16e5bae30d956b37ef14c9a00ab4,protect
11b082a9d6f0cc533a3a08d0b7c99f00,give shelter to
b6a7de4e66c94c656add9dc839a47063,be on heat; have sexual desire
b0e7be465cbc8c2aecebf0bb510788c8,draw in (as stomach); keep in or back
22821af8c8ec4602de862fd709747655,covet
81c673bab028b7df0fa7212a736300c4,be in a straight line
00029e8a13320bdf07417875b1f20330,be forked
b0fe2606af48e49fd3746844798eb6a0,decrease
0fa4351ef4b8655b6f979b8e5781a874,step over; cross
60c177f4c3902e0824ff8d520755df57,shoot at
0582294d8109a408f19da16d22673def,set a trap
b0532eb250a6b536fc082d83d0d0fca2,dry up
ba6e7efe4ef9d89a520466f4fb894a0b,lever
f732a47bb1b9dafc2df43d91c8f64370,point at
31a32710723d93f5a3f4511a93838994,gutter cut in the ground
2dcab2d31982bc5bbaf17616a8856c43,loin cloth
bd02e248bc7b6b8ef9e0799282976584,separate (as cotton long hair)
822393f271edd993c0481f9ce814f79a,take; bring
5d1d9b264c4aaa30bcd0edbbaf21e3f5,force an opening through
e1260894f59eeae98c8440899de4df8d,handle
cc6145b2f3c30b5214a7a2e86d739f68,hang up
c84a0a7d7d65a437c8b854a83f26e1e6,draw (as water from a well)
24665e3d6292e6219f14de50967c822e,give as an earnest
4262840b64141fba7d3ee8b9e8dc0724,have had sufficient of
659f142e517de85d12666bc5f5b7e57d,place in a horizontal position
a3b207cd29a59f7305e3aeecc56ec189,stiff; inflexible; strong
bc56ee21f7c9d61984fde885e8ce116f,prohibit
6b74e44bb8c11542dd94d840375654e1,throw as a spear
442fdc0bf01bcb2863c87f47d3b1e593,accumulate; store up; lay up
44adabc905dfefc327bc915f31262499,put off
634ce254b9e3880e6cd552165e16d1d1,be falsely alarmed
79173bd323a41644a74286c301a051eb,pick out or dig out (as a thorn)
463c8a7593a8a79078cb5c119424e62a,crack
33a5cef714bd764fbedc54567eafe09c,peel off
f1ec2871a2a3c5b0683568ebff3c05e0,be stiff (as leg etc.)
1ea402623cfe9575155b3c97d3fba82d,be sufficient; be enough
8ada79d5ec7ad7ffa1df50d331abf9dc,crow as a cock
7bf0f2b2544af34e78c48cf1972610ca,hole; cavity
fb453bf19415bf2767f9c24ca315b3e5,put on  (as a hat)
f47079afdc1a0ccf4ad85db97be83090,wear (as a hat)
19fc517c8a3976064df64f14eb2ec3cb,imprison; put in
c063cc0c9e944fb501bc108a36e1203b,put in
e70c4df10ef0983b9c8c31bd06b2a2c3,return
a63ae49b04490e40ae1e23fd4f765f84,be reduced
2e2d7fe5d75b602595df021c7841243b,rap
dce7c4174ce9323904a934a486c41288,lock
2807b93516d768765138d10c1241194e,be finished
f6e57c9de709e45feb0d955351f53548,curl
5b826791016e4475ced4b45ea4de819a,be complete (as guests at a feast; warriors at a f
ff422d952d0e97d706b39a7941f5dce0,be crooked
6ed5d8a74e483375b22b234b1e54340d,bald; bare
2350285b87be167cfa01933f98b6f248,carry on a yoke put on the shoulders
40cc72c5c016917c979becb8731d5d9a,bend forward
7cfe00d97f776c987d3a1f3fd233ef56,be winding
d6d42f48b7ade60873a7973358bebe16,take; fetch; bring
aa385a690c7b8dceac64c6a859d8d5e6,become visible
173309254d744ee11186193a1b1b0394,bright
0ae7d04f48c7c0e6be6c07633c7cac08,pluck (as flowers or fruit)
6ee0aa4c0393a93c968135f2c9da75ec,assist a person to do anything in exchange for sim
aeb5c122ca80b1d2575da1a039ce1f25,fly about
e6da5fb3d5957894809c22119a3702b6,hold in the hand
0e06515e3f880d1252b1f08c1e9f8209,penetrate
675f014e7286ee3ce3f1beefafcb859e,turn upside down
0bd9f6dd716003f3818d15d2e211ee73,overflow
0609aeab5c3a0285a4ecb2079289f477,overflow; go out of sight
976bcd2ed70e28f6caa0951d2a8af7ce,be large
cd9bd96e12a2897f2f1e8a3e79a8956e,soon
8bb441bd49dc7cacae35925a291ae5a7,protrude
ec56df066c1a1b49b910345f8ae19224,copulate with
7b9b946933ff1211ec403b80a904ed56,take possession of
2dedbe9bfb2ac87dfe46875a1e4aea57,be warm
bbf252a5c1874027546263e52332b398,drop; grain; single one
e5c23fb849c8bf9ca582ed2724c98f27,be expensive
a7ccbf29c3dd97c01cda8fbfbf05bf43,become extinct
411c067f21609b2a55f9e4fa48b1116c,be plain; be without adornment; foolish; plain
8021de46fd21f4fb0b16e17c59a1c91f,shave; scrape; cut (the hair)
16e3db52486f694d257a8f79b5321815,be awake
d5d4f3490dff1718f66bb553fcc6502e,beginning form in the bud (as rice) (adj.)
b3907b2458ca6f40cdfb91950ac4aa04,have no anxiety
8f196ea69b90e052c67660e5d22c9605,be slippery
415f2ccaa38c11c20d1ceaf54b9e86ee,smell of
17067f5e4acef04bb2e1eb2337315f83,rub; scour
7ea95a20b06788e3156e3f9f84c8d6ed,soft (as skin)
13efbddf6e414dae431aeb057cabddfd,be familiar with; be not afraid of
30b7b3200112aa3354205ba72e742e03,fine in texture
395e1dc118c643a1c17241912d6b3c1b,get; have; obtain
0c398ad3256cd799fb0dbe89742e4bb9,be flexible
4635c828aa67429fe5a5140deaf2c01b,have much
1da8ba6e6ec1bb85bee85a62bfed4c10,listen; love
53a1738cac454ad445b806a60450e72f,dare; be prepared to do anything
690ae197b1955a994c1941786c3cd8cd,squeal
32553e6938baafa9e3e3423ed01a8125,be eaten by insects
e4c5be348abc4b35771019e2bffbccbc,put down
f4121a5aa2e22c742b9524033e8c9106,fair
cd92cb505429e1421e0f56000f17dc59,crisp
4ac509e387b55e6aaf41bb6831387fa7,do or say anything over and over again
825e349e3af9803d48dde8d582809973,rub against; brush past
0074179a5b27058d99710533cadbdc63,rub; brush; blow about violently
cb095d844cca70dfd75b25dce24dd244,rub; blow about violently
f2cd98e28d33179aec029f7aeabd4383,be comfortable
58f5d3dfbeabe86efdde1aea5ac94281,sulk; get in a temper
d0dbe915091d400bd8ee7f27f0791303,live
d09aa89ecf3347c502b2979752fe7e5e,hush a child
b394126a0e52e75f1e3d535d0fb0d33c,allow
32b25d195098d4ba93982b6dec29c775,brood over
77daa7bb0ce891485671251231d08258,wear around the neck
baff6bc21246dafe8ae652ee45fc189c,conceive; have one's inside or below the skin
4707cd69d39a4acad59aef79a15775ae,throw away
8d0638ab4801f7d4773657bb3f9f08e3,trip against
02212fae7818e725863de3f14eaa94b6,pass by
f183fde1c1f409b21fc8463052ca49e5,migrate
c2f92c00f8a4a4e764c6dd9407344c6c,stamp; hop
d557a876bb76fdc185e06081856a2f95,spring up
55d2bfd364c61f313ff75582801490b2,shoot with the pellet bow
5303694e0a382c4ab93d5e29ebed075b,have leprosy
0071ce06fb880ab99929af536331035b,spread (as cloth etc.)
6084bfde7a1af56ea54643a0d5904a39,knit; crochet
10d30ffa3f4dc1050d9f6fcb9d31ed8a,undo; loosen; unfasten
b479aac07f685e61f78f18ec929052bf,wash (the face)
02f6bc72e7e988c2822db1eae1a8b565,assassinate
525f13532b3b3deda11f3c0c8c0c68f1,dry or air in the sunshine
5a5c82e626ae5eca4a85db7e1d1cfda0,come off or take off (as hat or cover)
8e7bb02b763a2e07d30b4ab24beb7fa1,scales
ee45aa67faa147c92a983ce42f36c9d3,find fault with
06549427b2c1805785c4216e2c39f87f,pull off small pieces of bark; skin etc
1930b004f92d6392e004c92c778582be,butt; push (as a bull); hit and scrape past (as a
da386e629171b833abc1e85955664bf4,mix
a4b96a5ba4272f868ef4660dc830699b,embrace; take hold of
02c30c42ff62b5612a5c929c21b3aac0,be untidy
de4fdabc2dcc9da7a63d45c6cfc3bc5b,pull up
c2c7388ca254a1f276d37b21d8fc8c0a,die of plague or pestilence
4a04bfe9821377ed0a1cef021a5f8138,make (as a blanket)
2cc11c2288f52a6af0e09addfa3cfd3f,carry on the back (as child etc.)
ef86737056cc6e99063c8b843336c914,be swollen
ff20114f1bc4f26a45a64dfdd9892217,abdomen; belly
dca7ea64e8ba5f6f943f9866fcce5287,increase in numbers or quantity
3db0e01f42f51905a6772529919099fa,stairs
ec68f968b9d9ad918c62a6e875e7fa1d,tie together by a series of loops
3dce75094c2a4e420ed43d8ee74d7b38,ravage; plunder
bf534c590143b856cac0279788b5ae9d,be brittle
946f699cca2d49cac31bb9123167d4a2,be quick
9e6c30ddea3390ad6b10b8c1ecab1c66,ask advice; consult; make enquiries
d4d45ee54af8ed2e650118f6a17fad25,make enquiries
a9ce1a785c23fe6a289ce76603d25047,wither; waste away
73f4b98d80efb8888a2b32073417e21e,massacre
0fad106c636883acf57e158188a22f25,purpose; plan
58d786d5eb1df18d355cdf074d933af1,plan; purpose
6797f6749020e905ca3f6ace5c71a300,more slender at one place than at another
49b66df4ef89039dcf6e17e0da919f85,escape; run or go away secretly
e3867f93a7c71ec0e8d015e6e2247ca8,put up for the night
0b8263d341de01f741e4deadfb18f9eb,sound
b583f51928ff5035895a807c70f1eba0,be stiff; stiff after work
cd7edc81293debefa5f08a55b544c45c,employ
4ed6fceccd99372cccc9a99bef55c73f,even; level
8104a632ddd76f4702ca0af85d631967,puff out the stomach
0fec0de1e1a393207c7c9941a39cff83,invite; ask
8c84178c183ce901ac6f62a142c18c5a,squeeze; wring
cf559859f798052d6853e35dba055866,be hot
519ccb7ea5448f5a08dcf4936abde8bb,pot fat
b7eefe74a46e077ebd7118b644006a7d,chop (with dao); cut
5e541bedd21b8a80ac66187413840773,oblong
f2db332a784d50c26e6237d5cc7c3f40,divide; distribute
31d7c3e829be03400641f80b821ef728,butt
df50998d5d666927921d485673461c8f,make arrangements
e8d34cbc78f174c7f7bd812315f88e4d,wear (as a cloth)
ed8ff7d328b8c5d7c939bb984a1d4bdb,rub; besmear
e01cc1a5f4e2f6dcc8e5ceabea7957d0,kill (an animal)
ce9982512b3a31f587e7c8e57a053551,plentiful
eb4777e662d2a24482c3bd8ec81a42a9,catch in
f348296ce3d4a56609cffc2de08ebb65,cry; weep
41c80802cf7a2c9111fa29ef363ae134,be sufficient
0eeafee20ffbabbc379209a7db7c16f6,push on one side
9beda706051671a52ae7c5af00e4d6df,conclude
8cd1af4d877377f669cd5999e7bd9777,bundle; bunch
6a84b05e78d5046cc73ba235ee8912c8,form part of; be added; add
55fc56075803a6e8a6e51f890e91dd23,scratch up; scrape up or scrape together (with the
b90fff7f765987fb03e02f306b90e8d6,itch; be pungent; be hot (as pepper)
f9b11ed03ce21394fd0e5b19ae2d3873,reward
b9c771a588e92e7f159675475cf5f441,be renowned
cbb11ed87dc8a95d81400c7f33c7c171,echo
2272d1feb396fbf41986ce37f343112d,be loose fitting
6b55cc3df86acf4825087cb231820f54,sprinkle; splash
36194e433f320a94a43b953780f5ecce,be able
8eb0f1583c30bc9eae5a2df12a6a92d8,extinguish fire; put a stop (as quarrel etc.)
8df3bc66b6840793d4068c9fd97c1337,separate; divide
a1bb681d116fa6c7dedbef848b1b3b90,divide; separate
6733e2cff69285e8283da3f72e43eb98,grin; make grimaces; smile
3a083e5909ed95baef6ac8effddb57f0,be pungent; smart
65df4a36154d453f90baf117c0cd3889,know how to
f0bedfc73f857bcfbff7bfd15f8c41ab,clean up
c8ec091c83ef47c7cd8aa8a9fa9c4846,tuck in; stick in
04a20bd54d83d03d3af3f057f76c9e7c,wilderness
2f18b29aed7e8f582ea62a4455c2bbde,an affix denoting 'causing' or 'begetting'
478134bffdd4f1d7bb6fdb1ce1a4b875,choose; select
6be44f906ba366352aea21e251fbfb73,sieve
ca47d6310e37c7445e546d2ee7b93ae5,rip up; split
a54956cea274f302e66eadfc566dc90c,sift
eb399bcaca686f8609137153307eecf1,change
65e5f7d0657b250bf9907ce8ef3e5c53,fold up
f5e975aa551d1ae4e91e8ce93b9696b0,snap
692c79f960cbc919a75b45ac91cf81af,divert the water of a river
5d1eb1d5d48b643e20d6ca5bfd6c65cc,pour off (as water); strain through a strainer
13c9db7ca34b9fd5c5b051e7825175d1,pull out (as tooth; etc.)
e7a8f83564a6ff28fde96e9a4eeea81a,pursue for a long distance
14421ba0bef70e3ff4bd8a24f211ff24,spin (with a hand spindle)
b8e9d3bf19354f5de6d0ee268ba1fb23,tie up (as an animal)
46dee4d48d6bb7bafc1e91b6f965894d,suspend (a rope; etc.)
2003a40da2cd0b8025448834c6e68a87,rise; get up
1562eb3f6d9c5ac7e159c04a96ff4dfe,judge
89a3b1510ac1d0b77edc7efec758c665,be deep
aaeddadc6223c6bf9b9f2579ef74d938,be acid; sour
c67d04881d386d38a367395be5f82e5d,in layers one on top of another
a2e85e9d2a2094affa6e59f62f8f2655,put in (anything long and narrow as bottle)
b6686c17a72916aabcc8d02a79735bd0,on edge through eating acid fruit
d6f2d06ef5504b6462f07f5ec1fb9009,be spotted
c839efbe54e3ef2c86deae4a3ced0155,castrate
43fdcdc6bb70a7f79375675d51382373,graze
8d127621a802bcf0e8d0d464c0cf12f9,public; people
d8fc8645f0215240be3af5b19af940ac,be late
907e7177676d8efa02a19f29ceeaf81d,ransom
d8702bea4848802c21d7b75306a9d0d3,in straightforward manner
022d3c711dede009d03cab31408d5000,visit; call upon
661aa4178c928bd2289e8b4c32cb04ec,few; little
34e9475b8cd25f6c866a0849bce0ab50,be good (as a baby)
e02bd40f5c8fe41d28e4b72550a8bdd5,slide
a1aa367171596a66b6e60208b15c75a4,sink in
1e3602c268213a4fbe0f119dce8debff,go in
4ea89c9d076f38cf0a07b0ed54701075,be large; extensive
9833b8339fe38a420746fc9a13e0a060,arrive; come across; meet
e877c56e4fb621e81fd30dbd114a545b,need
4678b8417a8bef970120a48a3656fd8e,tend a fire; put wood on a fire
098e05d49344b684cc53d4051521f9ea,be or become gray or white
847fa11bea6c20eff33ff119103f1aa9,pair; couple; both
8341c393e8ec27a1aab9fdc4847eaa12,fellow villager
059cdc33a6349d526ce91c8775ad118f,skip; gambol
60d2a8c8a648a8417d00966919f55390,murder
c831b123b357134d33e71eee4e5b9723,endure
2752e67de1e120c85eac8566d95c4adc,plant (seed)
8c7a72c0b8fe7609bcec6a9d303cd2a4,play (a musical instrument)
c938d99aa212fb7a0d6d83007721adb9,try; purpose; intend
39acbaef4caacae65984fad6df5f15a3,stand on end or upright
6ef38419d3abd65d1b2d210682d1f93a,pursue; hunt
423bf4dd863e3318c1d4ab6c8f7d6412,be slightly scorched
114b9fe03a60c5f105c3c5d5cd2128f6,walk; wander about
619559e8f5533f0205986ae54c69d760,scarce
7234e310f5ceea92d57c789f9258128d,be light (not dark)
6632dcd2c166ed78beefe1b71044a3a0,threaten
d2974c96dc96b3f30a6168bcc4b25b02,watch
6fdd5b6bac49f3d77ea7f298673222cb,gird round the waist (as cloth)
3d555ef271e67d22c4310f40225aae85,curl up; coil; encircle (as a snake)
8716ece69d95e75878aec0568408f805,rotate; revolve
e2e016cb1124a03dab69869ae0bde1e6,earth up; fill in (as hole)
e93976fdef0888a6a15402257f283de6,wither; wrinkle
1f1a5a4f292465d17fffcc7ecb66512a,beat; thresh (grain)
721f5d07fc3321c62e65234d3b51b5a9,bury the dead
e82de563a53e74717acac5f59eb111d4,ear (as grain)
0e75bcf1b48a87cd17e5678c0ec4287b,be reduced ashes or dust
91c64bcea452deb47477e483b719bb6c,tickle; gave the pins and needles
d7dece6f7be918553cd438540be0c0ec,spread; creep (as a creeper)
4d19a8c2086b78bdbbddcdbf04d9209a,be light
0dde23be83a3fea23bca8da91f94d866,be hunchbacked
1f8c42c8bd5f8ec88541c29c8d6570ae,fan; winnow; flap; flutter
4ee040e396d29b11c5985ae5273d5741,spread (as sail)
fdb419b249995cfb84e8cc13dfb6bc7b,be shy
5bd86a9954292946647af24f12e06053,lay out a dead body
f78069c1850aa17270b4a2d921e038f4,be large; be extensive
90edb5bcdec3a25d3f7a6f8e0670ec18,be level
9ee99e94ecdab055c6c6e4f488082e85,be friendly with
c25f4579122fc369dd2181d53984e475,carry lashed to a pole between two persons
a27efeecfcdb7794476cafb0b362835e,conceal
0e256273f5bf23c6ac01b558c773c7e2,gather (specially used of clouds on hill tops and
26770e9195df2b160e8aa85aa4aa242c,roll up
45b263f49022668c3ad34d3d2e733eb5,go on a journey
43113fa3285c614d8f8a9b7d520b6a85,be able; be sufficient for
d88e9da8c8ad50f54445b7fe6e7860fe,be limp
8701b0f0d8adc62e84f2fc19bdbdfa59,limp; flexible; be limp
e6e07bef93ce0e931057d390f9bd0dbe,connect; join
c2ac254566c718b611855b2aa87d6129,be addicted; be accustomed
9624e87065736f776bf6c4ce5db7ab0e,stroke
ba0e6f3170984946742db73aa0f9f759,pounce upon
dfa05adff1c9e083a5e879a3181332a1,be fussy or impatient
bed97735c824f51b1e392c672b6b554f,pointed; sharpen a point
142718cca2ba245ee8e888cb606adee8,fat around intestines; omentum
b9db0e0550e25cdba0fe42b89572748d,abhor-II
55a9d6aa251e3c334db4ab4055a4a004,above
b381e266cc884deb40042f6c724ff6dd,abundant
29f06c5a27ba6fc5b6bcc02e61223c11,accede
727b79a9a430ccddcf9260a381d5ab10,accent
4d5b720bae354c0adb71d0b764201d79,acceptable
0b302a83ec8063c7bedec12419e35954,accost
4ae9e7ae46a9f57e5a062571b395c0e4,accuse
971f5dc4b6d2e06a073200edd8457eb6,ache
f923389424a4f813fe311e13e24932f1,acid
b1e2e851e896fec5d1b08a182eb03b9f,acrid-I
24da4db3b50fff212a129eb9288f7b49,acrid-II
c76a5e84e4bdee527e274ea30c680d79,active
5157e3c765af93679ea07052f30f0a6e,actual
360442febad5cb9fa510e5c155e3c1ce,add (to fire)-I
3d4c1e12330a0b88d89eba759d2f574a,add (to fire)-II
db64b85f94d8a1017faa53326dc3166c,addicted
31fd0bec11d4f49d9bc9ca804f85b2ab,adequacy
8695670d7fb949936b28b76cec5938e9,adhere-I
6fe6421bcfbabb610b4ce8504f74d821,adhere-II
e2325955c56e3af895605a187bfcc3ba,adhere
b367c0426f1719ac592a56ff58f8f348,adjacent
90edf48c081a14a74095e5b7c7730f4c,admit-I
5f947868e21bd0f174ff98a72b55fc73,admit-II
9bb7ff35c05290eacba12226c3a4030a,adroit
c12fc3af20169b489fc030c78e16477d,adze (n.)
030420869359e7e2ea050fa28d5620ac,adze  (v.)-I
d3ad4795da4342e144b33c599c812e82,adze  (v.)-II
7d83778ac1e89412de7bad3e3470dc21,affair
7d637d275668ed6d41a9b97e6ad3a556,age
b98810d484bcdd2aa7240f2cea74e2ab,agitate
4204e3a9e60327e2e86b5877bb856e1d,aim
8e69d7d49231cedc9a1273af9ac01da7,ahead
6486b4e98228b83d4b13d54febe5f170,alarm
945a8edaa81e4fd08330369d98e91578,alarmed
f792d1afb0399dce47533bead9d71a8a,align
7b262f2715bb0e33b6e43dee16d076f4,alive-I
49da803698938d4ea0e75561fd355568,alive-II
4ad07fe421452bc1d5ae59b80fa2a145,all (plural pn)
686a23c44fc9a652c7eb6c04e6d749da,alley
c42bbd90740264d115048a82c9a10214,alone
07ccfe360dce69b84595428e2ec1c1cc,also
5667da2ff3545d244af39297559ee21e,alter
dc7cf270276992397e201d83c4c3b74c,amatory
4e9252286bd50df532e3506b71c21a7c,amid
bea03606d4ccc60fc421041e812745d4,amputate
cc2b2de6fe5d5429e7625bbbee3d16d1,amputate-I
ed84e52a172bdf6995ac8e53e6dc0b2a,amputate-II
432c5afdb3d93473bde439a8c7b5577f,ancient
899186f7879ef9f1cf011b415f548c03,angle
7f1bf96c42622ebf618584f30ffc22c9,annihilate
69ebc8cc5bcf8a944a181a2d35235ccb,anniversary
84c84d746380b4e2d123040d210aa35d,anoint-I
10d34092fddc44be71b4168417454f91,anoint-II
c847c41f28d0cebb81e83ab11b52724b,ant-eater
9f6dc587cf6763f4d85af9664688bfaa,antelope
2711793f2811ba62e6f54455ec930a33,anthill
6b324558e8182a957288eb41c22d6503,antler
98df500001e19687dfeedb84f86bbf81,anxious
100b8cad7cf2a56f6df78f171f97a1ec,any
bdd81094fd6916d6d279e11b811d3eb5,aperture
15f9976d7df15fca7a3b8409cd6fd195,apex
2fcbff5f9416f04eb81b1b8faa01eeee,apparel
6c18bce060c9b66ef6a11f021b4dcba3,appeal
ecff344d1584b766561c8d6aaf713eab,appear-I
c50c1100cd85a1005efa70e41b913009,appear-II
fb67f8d67111c4f85b8abb1327308b4f,appear
9aeef72f66f72a93610d89bc3bd9502a,appearance
90e213b541bbe039daf4591bb4afbbe3,append-I
cbb9b07a26bfebb16fcd47733dd64914,append-II
9980e347fbedb77966e23742d9235518,apportion (v.)
f36acfa3674037fc4f43dab0f06c14b0,approach
7c8c54bbcb0c6a411c5a87b50c3ac8b4,appropriate
4b82677b6c1408df4be21ada9a584fde,area
0bf68df6cfc2b43c5ad10e827cb623c1,armspan
b6a6ca37a5282cbe169bcfe65b0d6789,arrest
5b15e4194c6dbdc6e97a873380ac3f8d,arrive-I
63901b213a0fc09e275a0bde2eabd3ea,arrive-II
71d248300114f34a32fda2b8ddb55b9e,arrogant
94a60fd57525952bb334980534ce3ca3,artery
b41eff24b37ec9e4fe4dcf968da2a8ba,arum
a1a9983bfbfb713ce08ab3961e93f741,ascent
8875397334a0b1f8382e95d581bb8a0d,ask-I
d4bf2d815e844016ad52431d58c48446,ask-II
2b682f6ecf5ddfbd57e6f9f078eafafd,askew
4e0c87b0f72870402a0fe4c9a32186bd,aspire
964d72e72d053d501f2949969849b96c,ass
e6203a66655ef6502cd21e8ec08afc78,assemble-I
c639d2df3a8293cbe055983e03569211,assemble-II
c86060d643ad08681d96e355299a0ee5,assemble
c04e34d445e31a2159c1bfeb882ba212,asset
9b8b721419c0c9a52e74b23956539d5a,assign-I
cca441c62dadc5a521f7a388499344db,assign-II
8213d162ea32a3fcfec2aae5538c48e5,assist
154b9e62541a442a3e578a8b7150b592,associate
034ffab7aae30b8354aa1b1ebbcbc074,astringent (taste)
05e94e8cbc28f5837d0c355917c05fea,atmosphere
b3496e30ba6306eb7ad44aa02954be4b,attach-I
1430ea5ee5b3ed8d3d2aca0f30003335,attach-II
fc7e987f23de5bd6562b7c0063cad659,attack
2f5cce27526d422b94b7af86dc4602e8,attain-I
d13c09130386bf9e49b45890c4863a6b,attain-II
6d2de2d9e0d791cbba71867a37fce618,attain
49ba1d0dde51f0d1bc7e113ba61debb5,attain to
1db222fece0e7454c122788bf892adf8,attempt
304ef28c6ec5d702f0c2d900b1061ac1,attract
6e04854a189d9dbdde879a50c918d036,augmentative
8d97cf17795c1fa8d44bf1101935322d,aunt (father’s sister)
ebc7748dfc82aaa2b35b8d1cc3fdfe7e,avoid
9ce712edb15467047af0610ca38b264e,awake-I
b2079b8d72a0fac07e63b5e0b35d9147,awake-II
c2b7dae3df98550763dfaa494e550aeb,bachelor
f3fda86e428ccda3e33d207217665201,backdoor
b4b4630b96dc62d3bc9d96c8602c298b,backslide (v.i.)-I
ca41f767434d5c77cb9717189b9fe9e2,backslide (v.i.)-II
d425f81c6132252f48c9821a0191ff9e,backslide (v.t.)
c49441ae499275863a02b96813fde8d9,bacteria
2f26436443720f46c8c09c6aafaa74c6,bad-I
cb1277294fb3ae1c96decebb3be537b9,bad-II
a6ecfad3e0f9a51c6335848449a91bed,bake
09a674bff0a4d18b22f7bcd077741d8d,bake-I
096080a6b5384d52e2b54bb51405226f,bake-II
ff9bb8d91e1db8334c4f367e0ebba101,bald
182af4be5adcffb2b6c022e9eed17d59,bamboo-shoot
4317652e7e08e3edc6d6e607122d7500,ban
adfedb0bd5ff42e51cd7842ee652bcc7,banana leaf
7e0c8a3fd825a5f9717576299d64cc80,bandage
574ff4699083ce51de0dabcfad5edc4c,band
7b750d8eacfee224ab8f1a92759b4094,bang
ecd9bf567a4d340dbdf6001544dfa8ec,banyan
6e5738b33f34e6ad13bb2e0c9ae64e75,bark (deer)
9eaef1e237b8c21d609faff5dfc7bcba,bark (v.)
5dfcc0aab2f3db925b2d51ba73e48946,barn
31b9bbcd5d3cb8e18af8f6ea59aea836,barren
934f38c38703ba00f90ba5cfc58f5770,barren-I
f936ebb9f10ec645a6d1de39d5906e36,barren-II
593616de15330c0fb2d55e55410bf994,base
763b55ac379dab8b2b9e2fbd83e0601b,bashful
a5101e70e5a075abab1c08c7a6c39612,battle
894701f6859a9d5c3c045fd6f355dbf5,beads
4754e915ed3a4bc1195acecb06a74c40,bear (child)-I
0f83360082ea4a42bc416aa2747bc5ff,bear (child)-II
09d7d356c1b3ceecd85518b82213d03d,beat-I
55418cc59dd3a986de8a7f0878613b67,beat-II
438ec180aa34af750db0f0587a4788a8,become-I
f0fbda99c38c38af6aa18b186c7f88a6,become-II
6e1c482bbee5bda9a62e262fa13e8f5f,beehive
997dbc2bd23c187c7015b89d07c22f09,beer-residue
5cabe097b3ebe2daf96e0f4655657171,beeswax
63a08f52a29e0f7a1f987f4495164ab0,beg
0b72723df66ea01ed61059ceff463548,begin-I
ff23afea0e01edc026fa50bb2d3cdd6c,begin-II
b140af3d7bfd40d88d0661a887aaba80,behavior
668653072e56f1418548ec4bd91f51ea,behold
0718c331e4aba833012fb7008413fca4,believe-I
951d08d2c6f5495e3430e95fccc9b6e8,believe-II
3feb2d8fe13b4e9c3c81de0734257103,belle
954a4b07745ef958da752339bdef57a1,bend (backward)-I
f1262f026a39e08e3f8416bdfc831af2,bend (backward)-II
0c7d7e1b3d3b362ab36b6fcfaa587535,bend over
0e4097b08492573df4d40c5a961dc908,beside
321ff3d06dfb9c60b178fb39871d8bbe,betray
e51e5adf4367e4cb5525c77eb8e87f9c,bewitch
85964989611934e09fd33690cd7aa279,beyond
658c0097fa6d33d02befe80fe67ab115,bind-I
7a31f3cec88da5a955573b3d52dbbeff,bind-II
9163f2b67e738edf854cbfda80aef9af,bison
f67169dfbf72c4ca285e9ee12e3e9ac5,bit
98f1ec3e4bd81f956b3550eea275b5d1,bite-I
18760c66a538a4c174fec261ba664941,bite-II
c588fbd5e5817c01cb71f2efe4de05e9,blame (n.)
d5cb4939b86be7998aa6544e1bf78d22,blanched-I
0be01be1b89c14653b38de1f8a7b5da0,blanched-II
71407d3f929497ca255e0ed0e793721e,blast-I
a963922c11ccd78c3684dc56df8baac1,blast-II
9084994342186c542e75b2fc5241c547,blaze
831b3f9728b7370ae4921b04ec421fb5,blind-I
b3f5b4413f34dc3b7a652325d11f4237,blind-II
5ea3f55f47407d7d946317b1dbe6bf01,bloat
76483b01df471b9c157f696b94e718e1,block (n.)
d5016a507ae3e93ee9ebec3d0b447408,blow (nose)
18aefa4d4877ba91c99d706c422afb1a,boar
5911f9f78aaa344f354db60ddde504e2,boil (v.)-I
e05f5f38d57559ec9235fed97a60341f,boil (v.)-II
ab18aed6f79963f86724a8a61520ddb7,bolt (shut)
d20ad56eb0861efe8e750d4d965cf32b,booth
2de42fbb00305f8282310f1b3e10ce9a,border
4f3434f92514eca194282613de0641e3,bore
f5b5c28becf7fdb196e582b9d2ac64e5,bored
2637763ae4a8ba9175955cf13dda1d31,born (be)-I
14629483f0941e6818ee9b7a65bb5d1c,born (be)-II
f141ddefcd722060f8ef6641928124f0,borrow-I
cf1e66be37b6891abe04478208018d9a,borrow-II
ceb8447cc4ab78d2ec34cd9f11e4bed2,boss
71f262d796bed1ab30e8a2d5a8ddee6f,bottom
8036ad1fee98c9c2675a0b7a1dbe9444,bounce-I
dd8b5ff1c90e6b8a572a162b01cbd21c,bounce-II
1822266030c65a00f35ba3836cd61158,bow
0c23a20ba1d100bd3366c1b4b4cf2e8e,brag-I
173d4942c1cab7847383123628e8840b,brag-II
666e1af379075e41a8647bff96462756,branch off-I
7c202164704db69d16eff96e18c8cbc4,branch off-II
8e57f576a9c4807c1eb155da79b59751,break (v.i.)
3d2687f0cbaf2cfe331640069b6ede5b,break down (v.i.)
4631f4c1e59506d6b3d41507eb8d9e07,break (into pieces)
ebb30c963313e2d1cb706b07d3e0de9b,bribe
83c1d5b83792cc87100f432701d3aa82,bridge across-I
3e254ca819dc873a95c951a52fec6063,bridge across-II
ddd9c3812c3371408fdc720878e76b45,bridle
106f16a8fde7ae2ecac302abf5b49a90,brief
3288b47d7db756d6f0adaca259d06b3e,bright-I
278d1c65a16d964d716e85bb274b5643,bright-II
ef4f596e29573dfae05ee9474bb3fe2f,bring along-I
bd6c82080c4a855f73e620b58b6e6465,bring along-II
9a394f2ed261cf8330fa26dbfb8c4c9d,brinjal
d40df625d0ab9008a3936dbd866fa2ec,bristles
417e49c35c7fa46e39492b77fb8224bd,brittle
f3496d40d907829a347cff67837a1514,broken-I
d761d228371fa235fb4a3257b571887d,broken-II
4843d65c5ff5e8dc364f50497809f742,brook
0f19de956f57288b52713c20a0d697e5,bruise (v.)
a3fa9e0b6b24b1cada4b756c0d240444,bubble
dbf206aad54ce5b4e794f48b916d0c1a,build-I
c2cb14e791cbdc48021de04ca45053a6,build-II
8c6b0ae4ba3cb4d4716e166d1c1540f0,bump
9e21d1f7e2cb86e682632756fd9da228,bunch (flower)
5902c7ff16f1fe5724eed05f4e8c2d10,"bunch (hand, banana)"
94377c156735b39dfa4ac607234cb87c,bundle
20059e4bacf5b61c11c12803a1104797,burn-I
d183fb1eedabed68b7a5db297c944b30,burn-II
51b1bb6cad56767281426404357d1418,burrow
be37766ce42c46d7eab7f7c7d143bafe,burst-I
de936aa48f8d89748bcfce5d4fdc5319,burst-II
8bc1b2f84252c3df4edd53e4aad097a7,busy
8bbc376f11208a8b078f018de55ada8d,bustle
b3188adab3f07e66582bbac456dcd212,cabbage
8b614e1b902ab26f1ee630f848657d66,call out
a5979a1cab999c158118e81aad88ff64,calm
2c61ebff5a7f675451467527df66788d,can
d7ba9bbfda42b9657f14ee37ef76150b,capture
88d923ba797e9cafdfa4176f02bc2537,care
11961689f25c32f0dfffb0aa75e3247a,care for
0bcacdbce1a036e2943c81484521a7e2,caress
e1c17175677d8eab2d7c278f55da5c6d,carry (close to the body)
3556111df658e0b19ce09cb078be3c1b,carry (in the hand)-I
12f0d2203f659dac147e114fcbd9213c,carry (in the hand)-II
d18d715792952799ab989dae7280215b,carry (in the hand)
27adcd3adee099e205eef4f392c7fd8f,carry (on shoulder)-I
bcca7d824f25b33b38d2b8e35fbb6953,carry (on shoulder)-II
c65c4324ca1637c69eb2cced1fc943a8,carry (together)
54013ba69c196820e56801f1ef5aad54,cart
2e2e0a525eef06eb1963d145e2bdf498,carve
c3f2395618dc565fdb143a51eb4191b9,carve-I
72c5d00a2d3a1fd9c167256948374479,carve-II
fae9c162d2e00e4707cb057303fa050c,cast-I
0bad5487780b52419f711ea9b7d3aa30,cast-II
fc8423be7b8c25212fde08148968a112,cauldron
fdbb19c00ade66f1e4e02eff64c1fc7c,cavity
fb9944a844931c0fc72da338a49425b6,cease
f1d41a15db8d0132ec459da0fd35a09b,celebrate-I
2035178a6806e1d8932dcd9d9d79d641,celebrate-II
adb115059e28d960fa8badfac5516667,center
963a888c5335503467dd595811704b0c,change into-I
2747ec08d7a61ec7827ae34c71695e18,change into-II
a87deb01c5f539e6bda34829c8ef2368,char
13b5eb84acdcb1fbf868afe503584827,charm
a39e07781d3a9613088c18c05e34fc42,cheat
4852a30f9d2999b90c1ca8ad24d0eaeb,check up (on s.thg.)
991a716af257a33d157d5fc2d5a71672,childless-I
e13058c36c5402404ef3d63dccf5def7,childless-II
ba70ae925e3f17740e212adb19f0f8f9,chilly
2f2ec1296695a9fb3251bbc94a2e0cef,chip
80be224388ca185662472f28f16a73a5,chirp
66d7a6240337642cccc3ad123cc21b40,chubby
916586c8ac87cf1a18ea5d004facb87e,church
94454b1241ad2cfbd0c44efda1b6b6ba,cicada
9b6ddeba5b33e577c07c35d8505c6072,circle
449002f8bf705eba132a38364982f6e7,claim
d064b0b6ecb9dfba0e8ab69cef7fd57f,clasp-I
b4eaec512af97c17810db3a462eb6272,clasp-II
fe8a1fec0595ab2db7ca6c801a12ba0a,clasp  (in the fist)
9f0b544e52ceab1163555f18aa9114ec,clean-I
ee47331d0c4bc3bf23e5a8c18f6f74d2,clean-II
1b6e50fbda3b122f5ff9fb4e0591cc8d,cleanse
c5dcafd2094f907f341a66f59193efcf,clear-I
e4dd66964d4db25022960a20ff6b297b,clear-II
8642d0a9be6fed3f1ccf36aeef1e9e82,clear (jungle)
bf481eeec12c07b946aeecf7e7371ce8,clear (road)
37681821f188ec46a9eb37af380090ae,clench
8b8f33b1f3c4247b9a270b010fa33d21,clod
7861e915d9b0f9854fb388c88a61e551,clot
5271e118dc81adb543b7856bb6ea0445,coal
b2afdf253f6c1391022115bbca0cd8b0,cobra
c13367945d5d4c91047b3b50234aa7ab,code
af4b8646811218eef2cd8319c1089bc2,coil
96a9519b8fddd17e8cc4bba0408ffffd,coin
a03b3b22afb329e96daf2082eea4ad7c,collapse-I
e8cc118f506f4974436882f03ac0031b,collapse-II
74e04ddb55ce3825f65ebec374ef8f0d,collar
279f5dc441f1dc743929ffadc80f16a2,collect-I
afe52633c93a15240f0d5e3dd4872ed8,collect-II
32655355e7917b257fd42d4d559f419e,comb (n.)
5cc36bf017e2501506236ac0409ebb8f,comb (v.)
73de03fccc931d0c805cc1f80b4da222,come off
4db452ebd81e07d84431e5d0a03e5ce0,come out-I
86be3a8af96a2a55b935736bba87c4b1,come out-II
13cebb4a39f5249db3e84b0cc794e9ee,comfort
ff52b9c1eee2349b5099deb92b8307ed,comfortable
94e113947336f5c280c08467252d9d18,commence-I
45d4b44749ac8f4740d6ad3b5073fe05,commence-II
c6ff2092338f626cf3ea86daad5c7ac1,compensate
13b3f3e76ed018a105bdeac77aa8967e,compose
390626c545194d0f20a704589b190994,compress
65aa73570d3a3922aed9815861b94bc1,confine-I
f81c47e5c88d592bde63de8ff24526b4,confine-II
9ae3f37b35ed8083c217fc82c55344a7,confined
6c784f99933a9aa431d69415d074933f,confiscate
30a2b53a182f2b606b1ee3991246e527,confront
1a7f2a5ad77128b2f81feddac78df213,confused
e5c4b2f2ed69af9254d7129a635086fc,congruous
44710608f9e2c1fcea0014ddc2e92730,connect-I
ad6f4dde748b8dfd66bdbd97a2482d28,connect-II
bfafd813d7ea65ee4db1f09d7c8ffbf4,console
dbabe40961cbcf3f83c7894cfa16c1ac,constrict
f0ef8c72418989a4bb20243ccb61eeb0,consume
efc9421edf2cc64036db6ff4af6d1da1,contact-I
43ceca819e2f562a60e368919fcb4081,contact-II
2f8a6bf31f3bd67bd2d9720c58b19c9a,contact
5f0b6ebc4bea10285ba2b8a6ce78b863,container
7c1ed06baf077b26dbef7ff96257e96f,contemporary
527a0db6a2635968f1694cc316130814,continue on
800c327aefb3f9241513cbf551abbfda,contract
aa26f5f84f2cb04bcccdff26665904ba,contracted
e1e079d25b6c54037c87be6e957db42f,cook-I
0cbb3579e84e515ab36574240daeb23c,cook-II
b1f4f9a523e36fd969f4573e25af4540,cool
6e34e6fa017ca5f1ab99dbb231e0cef1,copulate-I
e614892a5e8d1f26f27d189fea33566b,copulate-II
a5fdad9de7faf3a0492812b9cb818d85,cord
515480b11092fefefb040a5c1f4ce00e,cork
3989da4eb832867da1eb82598a780c37,cosmos
4e1566f0798fb3d6f350720cacd74446,cost
a7453d03919c989fc84b77cb5598aa6a,couch
741f4475f89448fa6e73828868fa5477,couple
4581675e65f84ffc47140fc826b75f16,court (v.)-I
28be64b3995eefefafb79b0cdce6be46,court (v.)-II
6ba5f37eaf85f731b153a25fd45a928e,cover-I
db4721bf9876f2c06e566f57324f734f,cover-II
d92fc52701c769326342de5406a636d1,cover up
dab53b81abba28700e8861ddca08e17c,cozen
6968ab0130c515e6448d8bdeb687991a,crack-I
bb1006ea71041611a824d4e1d4527f62,crack-II
9acdf48395d1953b97aca6d66d04c2e0,crave
508278081ad92c7ed12674dd312cb182,craze
76ea0bebb3c22822b4f0dd9c9fd021c5,create
5d3bf726a8834b04569a3dc91837a46d,creek
1f8c1beec70908b0ba5409819a7d1c26,creep
79cb0897868e965e6983a903ba4a0641,crest
07b92c30f1bda4a7bcab45a4df156bbb,crooked-I
aa7ac975ea9d2130f121c1eeb4cbdf19,crooked-II
a634e7960e04b1633c103382004fe526,crop
ffea5f9113f3943615016a1753388529,crowd (v.)
9a42c442b3a3ab3391c3c060ccfc921d,crow (n.)
ca85ad9df70ae12fcb1cf66375c497b3,crumple
126ac4b07f93bc4f7bed426f5e978c16,crush
231eb92f0efb3352972b15bd19f91bec,cry-I
8858d75ca892c6891143d02aa640ba67,cry-II
373309be26721b0dacf8288dd9a70291,cry out (in fear)
331be67e2d2a4f971f1eb36c8f8a772f,cucuber
a9ce95dde0abce7208988322ac5eea2d,curl up
4efa264f5ef3e1a5c95736e07544ebf0,curve
8b9035807842a4e4dbe009f3f1478127,custom
753abb0ade9baeb9d72837a4b4801f5c,cut-I
75097ba401cc2b6c7e86541aa065fdf3,cut-II
eb8d6b99beb1a141542716d7ba633186,cut down-I
384e7270fa351ce9839e969c7fba7059,cut down-II
72b3e0fe9ef873c27b29cee97d408533,cut (flesh)
d83209c174d641210854d6b1b85c912d,cut (jungle)
b2d5b08ac2bbfb68ac4c2bbf57c6b4b5,cut off-I
62a47417e0105eccc158b19d83f83066,cut off-II
b8bf1b86aa22d9bc6c751650b52e7491,cut (solid object)
a10f60b8203526a0f235da17e1ea924c,cymbal
0a8113941d35466c79218e83175665ef,dangerous
3f2aa1451e05c5c38169a61f33f48681,dark (cosmos)
9b7d722b58370498cd39104b2d971978,darkness
7bc37a8c866e7dc8139e772d95f3c342,dart-I
4b91bccaee94a9f034e803b666badbc8,dart-II
92d9a0020a9a018d96cc59edb6a768da,daylight
ef0c3f3f7ed1822a03833938fa2a53e1,dead-I
e4f475c37e6436408bca6c931b97c90b,dead-II
6d339e073891e18f256ddedb91b1caf7,dead body
873ed9ee72f38ad050e8a904b1d87c61,deadfall
78587b3db112bde056c1e6ba4d0e3caa,dearth
762f8817ab6af0971fe330dbf46a359a,debt
91a86b5fff4a228cfa50d849d9ec256c,deceitful
0ca3346b556399308c928d30af296a2a,decorate
348ee4fe65e09ffffd3ba8cdfb73b735,deer (male)
f63b2eb90d675227335e0233670d3245,defecate-I
247f55a0987c3b9bed57ee1014cfa524,defecate-II
7184eae5f14779678830d595300b4990,defecate (uncontrollably)
b1fa42ced97be8cd3dfd714aa1b08a34,deflated
d9f4b96fcf222c8fd607c101756b2303,delicious
0c15b91e60f080e8b3dfaa39edcd8f80,deligent
599799eba6687dc325a3651e18b4d478,delve
b626f9aed7ba5ddd52dcb03484b13d28,demand-I
de0e2c91e1591fd35d20af23c8a83286,demand-II
32ce9c04a986b6360b0ea1984ed86c6c,den
0eccef1fe0100f85b12e6eabe08eaff6,dense
d1018c81e900c4b65f7611c4ae73fb88,dented
cb476cf5c115ded260142200dfae8dbe,descendant
02e251094e7d27130be25530e2ae708f,descent
fb14982288108e1fbd6207ef55f05027,destroy
ff9a344674366cee6d23a1e3bda6c176,destroyed
d426b3b89304a12ca619d3f81ff1d139,detain-I
2ac47e2bebdcc614066ecb11669cbd80,detain-II
bbdf6b211d016693c32248c921ffd48a,deter
7f15f0238b08f50fe2ac5191bf8a79bc,deviate
08b8ee460259de058753ec81d45c138f,dhole
ff132891b2208acd67df4203239cd22b,die-I
16d8cb73b1f5e621a504ab054014d059,die-II
fcfeded7062388bc61e25f4aed531ece,dig-I
1a1d0bdf78588f1ed6b415cd295a5643,dig-II
9f20195b1c55ff3aaaa87d03f9ec6f92,dig up
bd06738c4cec1d43313027f5d326fe01,diligent
0ee6bb91a66d5caa7a748de07c097760,diminish
ef72c37be9d1b9e6e5bbd6ef09448abe,direction
fe4840dea83a4e59642779ec45cac056,dirty-I
015998a6998df2bf0de56b4c6f31168e,dirty-II
eb17b0496bd600be4f3a203a62e2654d,disappear
61be73f0221857180929ce0412d76169,ii ⪤-I
ae5dab8d8e5287b778927399dacf7a59,ii ⪤-II
ba29a36478a79617453472aa896f71ae,discard-I
7db2a6c231613e6ea24bdeefdbd1e6fc,discard-II
fdcdcee081ebb0bd580f665bc3ca3b69,discolored
1641494ffb50aa9e51b82c6bcfe6435b,disdain
8b42f6ba7e461ebdb37443c2a42533d4,"ii, ⪤"
085e3b936a75fc377b8f5f2aebef4a97,dishonest
bc8b79025e4595298669fd21da814941,dislike
87fa76293dd66c1f2a5cbdec249397e2,disperse
377bb4881438ac0e60db45b10b18a787,dispute
8738eb91d5c8a6008b0adec17da73c4a,distribute
6b77ef4b602800a89d88e6e3f93a322c,district
5a05e94607c8827dd29c5334be7c8d36,divorce (v.)-I
306bb8fb20907292f152604eacebfb94,divorce (v.)-II
3028b93ed138b6600da039b11297ac34,domesticate
9443b0fceb8c03b6a514a706ea69df0b,donkey
af0ede06fdcbccc0bded5748c6e323ae,dote-I
585a50381924cea0fede8622de505f7f,dote-II
d3dca8023415f4a01e6d29f82066255e,doze
b28656a9a427c22a8d996bb3f67ca4ac,draw-I
756aa9bf5e872b7a937210e6ad30746e,draw-II
ccaaac957ec37bde4c9993a26a064730,dress
83d44f38a7a01bdf25f0044b00c5ff43,dribble
f3ba2a96072b04d256a347403eff94e9,drill
b3ea73d11658162e8d9635f19f05807d,drill-I
4655a5496dd347af3e1a41e5d9705747,drill-II
52b23830b274f0584cdd0bf402a13b43,drongo (bird)
364a65d1f3d9502af9fbe77d1b596a5c,drool
12bc88de284dae7d924c18e7fabf856d,droop
0a4cda98d2c2e8a5ee87638a49bb1758,drop (v.i.)-I
e317b648eeb6735b777d70373f1193c8,drop (v.i.)-II
e9c7733ef627212ee647ba62637eeff7,drop (v.t.)-I
38aa1850eb379dc57f365b12bcc75ba9,drop (v.t.)-II
5b77f43b84720defb56be2a334acdba1,drum (n.)
eac316c4ae5d72871187870f7dc5a460,drum (v.)
4bfda39fbefa28b9c2975eb9b4c3b8db,drunk
d91be74bc07c7d6ad0810559a292a8c0,dry-crust (nasal mucus)
1fd5f258619c6bc7f541b83137c39904,dry (outer part)
38f1c1537056e7d5497453d82fa8674e,dry up-I
13b7e350aad92f03f9f72e768ea91856,dry up-II
7e0eaa7b5d12cbb25410d2653a07013a,dry-season
97e545b390e51d9c366467133a0ecfae,dull
1759f1882f006d03b6a627d4bf2cfb34,durable
778c378f86aae5912fc25210fec31466,dye
7a23a33f23093c61d7e749b7e792833b,dwell
c34867fa18588ae93bee8660cb1f2aec,earnest
35fa0b1f2fca4be6ed0fab8c315494c6,earthworm
48199f746e40c526de4978efc49bec96,eat (semi-liquid food)
1e48ffe46a67bb17ff5c922965ee3d26,economize
09039bd1628a3c1b25fda3134a4fe050,edge
4afba50e89aa695da052190b0b03c22e,eggplant
3a75406281cf28609ca717218047144f,elder sibling
c9ff055d5178c1e5686eb62017e3c4ff,elevate
2a288121ef536b483481dde37db6e5de,embark
d47a6a356230a268d5cd99a94ea653f4,emerge-I
4c8e312533c7d4c427c6c7d20ca395c4,emerge-II
ced0132b3e34e52ca7d9458602e6e1d4,emphasize
29511dae234d38ac077a56d8e37f1dc3,empty out-I
32676dd88b78087410b02fb903f402e1,empty out-II
3cbdaf19ad20c703695df5e9f410ff74,enclose-I
bb1b660ba4c54c51e67b28deb5cb9b80,enclose-II
579799f8cc8f417ab59ecc345020f808,entertain
189a97c54cd87b02c0b08d780786cbc8,entertain-I
b374917943f3a545f2151f8361c9f6fb,entertain-II
30506330eff6dae61ef2f0557e7e49cb,entice
0d6f8b630003959bfc7d2b45fc135be1,entrails
2a20afe023299a12bce40984ddb2a023,entrance
14cf79cbcdaf5deb3ba6da22b0dc6fbc,entwine
cd4a7ae8d776650d05b33630a746d236,envelop
ba463050dc17a515294ac55f488d4ade,envelop (flame)
2e1cd0b2fee1d29eb2ddecfb55ff4075,epidemics
465289687a70db7aa7217cc240c29f0f,equal
cf5c0a6a33f6f53bf10be6c527fe5c93,era
7d816e0095d7600488070e99837bb290,erect
3cf7fdc682854fd71780889174bdea00,erect-I
49d41e7eeca5229385ccc597a596d3c4,erect-II
47027e27502fb1fb4e5765021f2c8cef,essential
d272e2891ca7f61ee86982ea8942059e,evaginate
7d136af36c7a3d98736046e87b89aeee,evaporate-I
a200ce4813c45292aea61245183d952b,evaporate-II
3b7efa09444a31c5d58596e5bbf87d47,exact
74af29db4c516126ae604e5624c8b02f,exceed
6d190ddc7e6eadbd8a89e5b49221b8dd,excrete-I
ba5f35986ee31d0763cdbcb6f7286d67,excrete-II
ec11570ae8cfaf0ae1ac496f897ec12a,exert
f530a55ae64caaad7934c79f75e7651c,exert-I
71b12a7ed0f01576d2b3a2d2c9ff6199,exert-II
e349d735a5fa5b10d9770031e669c477,exhausted
5885d881b076b336c8ff51a75d02ede4,exhume
2d11ec4006b2e0f9d62be7ed06fbc5ee,expect-I
06ef0f0f7ce818227f7cc8be2f268f70,expect-II
936381acafb0bf36b714973b393ccee1,expedient
e3b4a6a89e1d6f6c2ff3b51b81bde76a,expel-I
81784d0a21f068be8017a2383ace2f8d,expel-II
979283b6c70653c5fdb14b7c1e77a50b,explain
f821b5159d85278da0badf5d32ffe210,explode
366c789263d9c6d20f049b97bb1c99aa,expose
f89f75d0702ca67b85e1ed0b6dc0ef9e,extinct
dbaac21d7cf2b9b39303e702fbe1f0c7,extinct-I
833006b82572d5421598dd2b762b9426,extinct-II
f59c730617c2870370ef2503a6fbb9e5,extinguish (fire)
83a9e626a557d28858dc4bc4aec0c1ea,fail-I
f98b8e9522ebd659a84def97147f0b87,fail-II
108109dfe8cdba664ada58870bbf7b3a,fair (color)
0c9f38fb26ae49a21d7564e244cc0f33,fair (skin color)
f40d38d7f29875736179deb5ab519e6c,fall-I
8497500514c70e5855f6d4385deb507c,fall-II
4e8f6c552d209dc0d453bcfc69a0a687,fall down
07663f891d27e437868d84c8cbc2f03d,"fall (leaves, fruits, hairs)"
fd1f6db72a2f74d053e5cecb82ca0dbc,fall over-I
60d4a31ad2613de3451d882e74054989,fall over-II
13b6ebfa6235a3d1c567e1fbe27be422,famine
af0cb3b98a372cc194e53618841f387e,famous-I
4617b2a9e5bd31d7bbb38cb1a6e931b9,famous-II
bca348859d7dfb0f4236f3579e91e935,fan (v.)
0b527ad35a7983fa5c9abdf31825c3cb,fang
9b9c23e032d5b32119587d38efcf8a28,far (away)-I
1d8e70b7d404230f241b76f8704e6953,far (away)-II
e67ed91b512d4579faed79c9dd162f35,farm
e48735b9e26f3452d86ce86d4cb4eb08,fascinate
651341341267cb9ae995df84cd18b07d,fast-I
8542d2ff26d23ed55bdb11d998c59451,fast-II
3881bfd1571f85c6562ddfac94ea80ba,fault
4f3448839842418bb5c539e3281ced8a,fearless
ff1b4d9cf8db3e59edbe89af0ce97d87,feeble
e2b0e4c44f3f1b3901aa9c218000def8,feed-I
e8a6c0c270bc03e743847368e6cd6547,feed-II
069a525b391638e91d9790c99ae842b6,feed (using palm of hand)
5a09139c6e19bd45404dd1a608bef007,fell-I
4c072c1dc1336619f2a599bd2a09d805,fell-II
ad2ce639244fa76a63fd70a6129ff329,fellow
0750d11458e13793d9aaab2f095feaa3,fellow (villager)
556ca7643456164e1cde275fbb543232,fellowship (have)
e51798d7d03f8db8b9fa79c4800cfd29,female (adolescent stage)
ac56e909dcb4b89cf2450fe9544642af,fester
6787d9a2c31fb820ee36022f11aa0717,fetch-I
d8ce3a4a3a673911281a380f073a2d62,fetch-II
e55001d92703dab9b2d5ec87ddeb1127,fetid
6d94374763877a7e17b3d09002384edd,fetter
d4f02db936f820f977dfde0eb98aa03b,fiber
e596e6e37afe3485598010be054033df,field (in plains)
59ce70238f872c2e9d0beba8767ef964,field (paddy)
d7601b7cadcd5ee3a5ebbdf904bd227f,fieldhut
2b3b871c4cad9866c39a320bf0594c84,fight-I
2e675430397ccbb572b3bb39fc6b6460,fight-II
cb071d80d1a54f21c8867a038f6a6c66,figure
9d43035b9d7c224fd0d17b7593eb74b1,finish-I
eaf2e9c1c3480ccf40c4d809cb298f21,finish-II
1846c75923656922409346559bd15573,fir
748369c931c886a25eddc032d3ff3d0c,firm
7858ec54e1425ca3af952713cd28cafc,firm-I
198f430047f13bb5313df677f1305942,firm-II
0e761a4dea6b21b2294183ae4bff3860,fish-trap
119001c6f9306b8ff085f43357df219d,flaccid
599dd3c7d37cb5e2d5045b60c9b95df4,flame
473b77e304705afe4c60404646fa8004,flank
a39401275d1b300aa789fb22aea4148a,flash
03fb2efb70782177b821b6e4c8ba4f79,flexible
b99f0f19af8bfb3db17f2617d741878c,flip over-I
b70aed59c1377e8f6cfe11e7c7aafccb,flip over-II
604902a2c9cc6f9bf1a1f3db1b28dc10,flow-I
6e68c84775bccb5bda192b05df3d3513,flow-II
7313ff7486c1c3f20a77ca199966c518,fly (n.)
b6c26fdb9a763aa589d83879dfdd8412,fly (v.)-I
dbd56a50ade793adedabaec449403b2d,fly (v.)-II
5cfea13ba1397f696bea7b2ff62c0188,fluid
c5fca8758aa1e65534cd0861a3e726fa,flush (game)-I
20d34799724275630bf45d4f7382cfbc,flush (game)-II
5acebc4cb70ddbb074b0ac76aab176ae,flutter
24ea74fcea339d95e6d925184bd7d5f7,foam
0f83fc0f1fdadd7b51a57d9cce1de48f,fold
bae73ab7cab7d7017709ee5385e1cf13,foliage
d6e983a1c91d94ee7e638bbdea4de8b4,fond of
889b2c69a536b6d03209bdc935028d43,foolish
92a3287819a9f60b71eddb2a610cb728,forbear
635a51719213fed317728d90fad6cb0b,forbid
33e06acc892a262ffa3a0a1e4a793ede,forbid-I
44ceca6aa058405ff98a1ecfaba5acdf,forbid-II
228410f5c71f8af2b1266b70fa7824eb,forge
02e918fc72837d7c2689be88684dceb1,fragment
e70a5b12d5f37159e2c60d8227720781,fragrant
0e50ed5ae8b1d1a4c31378c3b99f6c59,frantic-I
24871453ae55bde891e96173b6f5f012,frantic-II
4b8560be612cba9d3ef020f52e1e49c6,fray
030bb043d582f8f5569a8be85ea51911,frequent
76010858c8362d7302ef5f9436aa6639,fresh
61b11f7e5fe896abc6fe3de35a1871ab,fret
e6ec529ba185279aa0adcf93e645c7cd,front
f0d0e5e82da0baa97470f448f07f6c84,frontyard
d9b491dbd0eacb33ff7ac113dde31779,frugal
a759b72f1e8ab1d7d9878dc621f7d68d,fuel-I
d09219bb806726dc8a57fda8b2973b0d,fuel-II
0cde74357002865b370ea1696855ca6d,fumes
54e12f98c3fc7fda92c0b05c7c42e82f,fungus
40bc2c3326dcc0c9ea95f303f2165aa0,fur
45e0e739a9536c7a0798669b22da847d,future marker
57cdd76f37b46d75799ed4e08169e709,gadfly
a5f9a8e4d375eb82ca70f7ab7b08ec7c,gag
58e61c6b4c210032bf1dd421f4bd95b4,garment
63d721d24d2dde776e05e4b8c47f08a3,gate
78cdb2d7a8e0f42ef5adad0c7c46da6b,gather-I
6c34f71de3f5face926df79d746a0522,gather-II
37e1a9c3ba6042b79266687d13f3c5ff,gauge
9cb9ce5bd9e807867d42a740c9633fc7,generation
37e3e56b7f068f607f13cf1dbb99f76a,get up-I
6b7f47b37ef7f921dd5070682b9dee2a,get up-II
d07c3dcab1bccbbbe049c14cdf5adb5a,gild
ef4eaeec02af662fe1ca0fc75c8394ea,give-I
88dfbe913ca0c48d5991aa2b53ac2447,give-II
289572c8deacd9bc69f7663717b75175,give birth-I
89f4aa3dfb0a0a5a3dbccaa678afb97b,give birth-II
ffb5ff6434d711e517b939faf00d331c,glance
0bba5ea2943bedaf749489d3bb10408f,glide (v.i.)-I
07724d121320fbd9d37129e49ed31545,glide (v.i.)-II
48bb0b6771bded2b4a32b9c4810618f7,glide (v.t.)
a6f7234198935d0ac56af54106755581,glossy
b8679ef828bc7c250bcf3909f9594a0d,gnash
af6a6ec8e3b3c1ac07a943ee86345efc,gnaw
2d64ef18127c52d86d02b24fa90116be,go along
cce986b44abdee4f45bd0a3b78be4f18,go (home)
d82812947aacb135a2b669338528866b,go out (light)
af2420fadc8529d7770a261672db290a,go (round)
7f81763597a4b4346d9b47d84ec5345f,good-I
4b9bdc3d9b077e12c6877025bd3f0d4a,good-II
564afb427cb3571f2af0285572efecf8,govern
b8f05ef451ea9445a0b014e52c126e5e,grain (of unhusked rice and millet)
33e2d95d30206b9ebcec17ed80f6043e,grasp
78f5d638ba15b00b4d02060ad69c16a3,grate
6f8000cd4e0b9ee6dbb621e195f8a1a3,grease
f07c8536082a44c30e57b4f2bfb8df9e,greasy
b5942fd678e3b71c378ce62ab75f02d2,green-I
ffe48f6adcdfd7c74fd37c18567a56df,green-II
3b917843a518e93fa49509d67f83ad13,greens
7a45922208dd183f2f658c4b54a90964,grill-I
d5499be492e695dc8bcb5fc0242ea909,grill-II
7f375e617188e68b273361ab9fa90b85,grip-I
cc3768dfda9891b9863b6a0039dff8eb,grip-II
56e1b72f7056a9b4b9cfd03566b5b7b6,groan
d70bdfbefdabf0ea991cda211f667069,groom
be4c9ed8c204a69f91bc43835ba3d31e,grope
db0f6f37ebeb6ea09489124345af2a45,group
0e429ad82463e3da91e1fb1875c4f3c7,grow-I
a0799459dcece636dcb2f2681664ffec,grow-II
f8c7b9e0a8950e4ed55e0de606b57728,growl
25d91ffe341b3226a350aaeb40693f57,grumble
a087507be93307388ddd55f7dd5d45a7,guard-I
03ae4144fe21d4c84d124bb6c7c202f2,guard-II
a0c391dc49c440fc9962168353cedde3,guide
3dedcc7065e40f09291129b3fbe52f76,gulp
f03ae1521ec0f14cef55b67147473f7d,gulp-I
c9ebd687b5a6098705cd16d2cfa18763,gulp-II
0f088204e4ea706d8cb56441af4395f8,gunpowder
f6172f4ff1a45a37244b8b275382bb40,habit
e833e9da4ec3b54de5ad36846eb228eb,habituated
559608508b42a01c1068fae4fcdc2aef,hail
715488188dbfd670c22449b968c9bf3a,halting (speech)
15fdf0250a5951e55a4c73fb23a9f3a5,hammer-I
ad00cb38e968a3540e66a062222fd799,hammer-II
fd5becf6293fc4d197dba587cb396ab6,hand (of banana)
cde604481728919a6df9429302c79a09,handle (n.)
ea7adcca63a9ff189d81e088abc80a23,handspan
9af6f4c560512a9f2f343ec3a4cdaec8,hang-I
c2e2835e61d858b1a9037c0ae11793ac,hang-II
8aaf938064ccbc2f6989eb543beeaca5,hang
a7c81bc40a3a02751f04a86d386c0419,hang (low)
629190ce8463dea07fb8bb9b35c83e8c,hang up-I
dae3688b896c18c276703113866b214f,hang up-II
7bd214b9fee882fbceb36a249577bf4b,happy-I
b9d94d6d275e0d7dd47c7171a59dc5c1,happy-II
a288e6779da68f768431f9975e780da3,hare
1437c187d64f0ac45b6b077a989d5648,hark
d4e3730e8cba214f85cddae5f9331d74,harsh
c111982386d3ce8225dbda04fb4a432c,hasten
4152e53007b79d772f61a7e66e84fc82,hate-I
f6265f026c871ae744a0f43474cb6202,hate-II
158cbad378bdf31d6ec670161a7b6fbf,haunted
6de67f26f43620a4cf0e670d17e271a7,have-I
36e4e9b2638a449f84e6f7af9495e724,have-II
741839f346d6e8126ae38ee76a96fd12,healthy
4d4a9aa362b6ffe089fd2e992ccf4f5f,heap
8e18187e5e6dcdf714a1c37ddc1259b3,hearthstone
e4237d63fffad57aa1178aee9ed6de61,heat (v.)
eb31870669f13fd8444c2bc918375f09,heaven
ffd3174157e177e7cad3d095f4e4e12b,heavy-I
71245fc6c00fc1df1b7f9a3ac0e5a1c3,heavy-II
2ae010aabe0c25764fe5ce5650e9b5c0,help-I
0e490ba0f38196c4184206ddd0011c26,help-II
cc249d0a9116e1ab890d8b52586bc702,herd
d40a2edb880f6c73e465de1bbfb7c4fa,high-I
fc3c86cf6d071dacfe7090cf05688c96,high-II
2fd82e6f041c39914f827dc1212cfb35,hinder-I
671240a255992a15302ca31ff44cab0f,hinder-II
40c7765cb08dd242435e4283154980d7,hit-I
1c0cf6415900db728bc8665981af6608,hit-II
61ba531d78227adf64c721903a1184cc,hit (a target)
39e118ff317f452dca25e884191a9121,hoe (n.)
44dad69ca6dbaf8f560730aa920727f2,hoe (v.)
1882017990810356a50fff3167bf0532,hold-I
c475b2527962b8a75017b9109ac0b5a7,hold-II
2f9d4e08d36287fdfc3d266a591d2b9a,hold (in the fist)
6c5881fc06595a4758b9de607631c5e9,hold (in the mouth)
ff362afb00fa83da92fd95b38424a556,hollow
106a6c241b8797f52e1e77317b96a201,home
7a8dbdfaa15255d54ae9b55a45ede8f7,honeybee
120511c3936d382fa1625895f579daa1,hope for-I
19aba2bdb75b2fe3e60e30c2a9c714be,hope for-II
4505cad087312551a6fbbe6ebe163e0f,horizontal
22985cd80e73dbfaf5c72288cc0e1ee7,hornbill
197e358aea7a6cbd939beb7ed6be4b29,hornet (bee)
a11c1e7006223a2a80bd295e96566d6e,horny
f2dd6c078b512971abdd8ed871bafb6f,household
af231c77af76002cdaec813c29a6db09,hug
4dc7a055fda66b8f21ccffbde75a902c,hunchbacked
77617dfcd8e809791f051c7750781cd8,hunred
c525d7502a0257b55ba9bed4bc350cca,hunt (game)
c5285abd05d46a954151ddf9b8128114,hurricane
c132334eb45b329a249fced69875c112,hush-I
4ad491d4a665151126e79b51700846c1,hush-II
a11c65233b2ae3700c9133dbf9623429,hut
865c0c0b4ab0e063e5caa3387c1a8741,i
2a0c4e48a39fad9fd70a38f7e47178a4,ibex
7bdff76536f12a7c5ffde207e72cfe3a,ice
416c15561452672c813fa844504d7ae6,idol
78805a221a988e79ef3f42d7c5bfd418,image
ed00813287624353544d8bc904f3e0de,immerge
0e04adedf13cc00dcc891b1ebd3a8df1,immigrate
d436eb0fd9de10b54a828ce6435f7e81,include
5ed4e9858ad8d239145ef285b6210a00,incomplete
74735fc33f192ef40a678aaffa89bd6e,increase-I
92a6f32a02094a9699c5ec5aef056fb5,increase-II
bd21b9319bb3f43da3c1fdf54000d637,infant
69fb8e8b1120a85302bf91ba1abd3ed4,inform
2ea5af4bf4e46dfee406d55865b5a6eb,infuse
506e0cf74315aaa6c6ce5ade3ec093a6,inhabit
6995c373523132a1006975baf4079aa0,inherit
5fed3411faf832174ef1f040028b2c21,inheritance
a59270819dd92f2c7c041ad5f1483f71,injure
f84c69bb04a31a079274ffb9bde14c18,inquire
e0df5f3dfd2650ae5be9993434e2b2c0,insert
6f482608df6ab0d21944dd2c171a5626,intend
b81dd45e6a3e12c5f231f00cb988f858,intense
635606795285905edf75396332aba510,intensify
74e2a9e8844da46a3bed54c6c332c1b7,intercourse-I
8af2c3c3290a99c3618ed32ea30c890d,intercourse-II
fc1ec6456ccd5cabd8735dd360ae94a1,interrogative particle
b43cf1a9d0a3ef7b2b5e058aebd8354c,intonation
350bfb35af86e3867ed55bb2af85135f,intoxicated
184401f335d6b8661e04dfea47b9dcd5,inverted
f8f9a65ed8c3611b4ae9198b7c8a3702,invite
e647dea5cdceb5e74ba70a28cd07316a,irked
8c85e75ab618d64d4131690f7e24e8cc,itch-I
40fdfdf8bb50792799924d606cb4b9ce,itch-II
acb510ed928416739f1a2b220f5f21be,itchy-I
88676fa9f754a3f61af6116425110b36,itchy-II
b40157c4e5f49e6490a237102344fea4,jab
f6149481105b79ff542becea36d2f675,jaw (lower)
9dddd5ce1b1375bc497feeb871842d4b,job
b860d356d91e17ec3fb8e7eec9662fb5,jug
ef0b3c13596a50cb0fa86843ded34a01,jump-I
7a0c1af29cd32585049e94ec9fef6418,jump-II
4061fe5c578dc06e63537f552d632bb9,junction
025ee993141dc192403db784b1792cf7,jungle (near hillside field)
648227609b81171ad371e90f6ff97d92,kill-I
7017bf06374d51958ac09e25b1e5e747,kill-II
ad910c248fbe85c146fd255292501007,kin
d939aaf7d2291c6f69ceecee94880d7c,kind
4cbad8d6cbcc83b0cf6999f6dc5ead98,knead-I
6caad46605bbf4ce979c76e915dffb47,knead-II
8f340de394fab9a94485829f53646a8e,knit
815c40ba4ed296d9e29ec84220575ba8,know-I
f9e558a52745515e8efbe391c4180db6,know-II
bdd5b54adb3c84011c7516ef3ab47e54,know-how
74409f763e0be0add016cc41e4f993fe,lack
37370252692bdc8429ee61389cb2e036,ladle-I
1a37b2710a597ab4ac90d8dd94b013ba,ladle-II
92a3c1ee5b7675b3548218dbff950710,lance-I
265e37c804d8ee3bb2b9d67e93cde9a5,lance-II
3573c6efaa587ccb25dc26fd0da4b399,lance
3d15cf323d2e8cbb1a3832dbcb3b0de3,landslide
35544953757f37fade2c9be741f7a7ff,lane
383835f52454de683e606be5f895ceaa,lank
6c3df0d288ae7529cc065a4f41d582df,lap-I
b979a676fe94826a07568663dfe189c1,lap-II
46628c90338469b77c6ece9b73d56b77,lasting
c18788c2f274c779da72d9854ea4bfbf,later
483900bc6f98f50bb41c6325afb7dc0f,lateral
c7ca3ca1401f3a5e89a8cdd3d8960c42,laugh-I
6ce85f265180610cc0a7183596812721,laugh-II
34a222d7effea230eafe87f80eabd692,lay out (dead person)
f56b53e412e87751f665cb9f9061e50b,layer
1e4f8ce8de826c4835c81b978c068e3d,lead (metal)
16dd6cb0dd7798bc07c96027c96743fa,leak-I
c06d2b5c5671402e5c3483fa5796e654,leak-II
c08336a9fd1271348265406b811a71b5,lean on
b74c6bbc6ba7c5d6b7f412f0d7339da5,leap-I
f8e44116e0c06417c0f7107c6f8ec11e,leap-II
5a2f54ea17d2d8474dc8ac2ecf026d07,leave-I
cca99dcf65ffba34351480195b2ef5eb,leave-II
1a0bc0e9af8ef42f07bfea754caedf68,legible-I
b7415f5e357cb2d80d2dd7d4586ee1d0,legible-II
cc62aebf9a531a636d3c4f436d2d838d,leisure
e1686078d1b60d351da5a87543a2a663,let
aa29230c1401f3e560024ea789c65919,let fall-I
ca7a2635d2bdd695aef50c34d16225c4,let fall-II
cd64fefc2f3c6b5f235a0cd7bef23e86,lever-I
f588132cc9556cc57dd880ae9fb648f6,lever-II
b7f6d86295725eed30e85d82103adbe5,lick-I
adc6ffe8328e59c112a8732f25a98baf,lick-II
ef33634b96dc92f28273c3d7fe55316e,lick (flame)
ac31868f5f3913b3cd34b2bd3f99fbac,lid
2a2f953aacab0ef33e99acab61b51cfe,lie
4e945dfa19b1b37196f4b458f0ae3478,lie (face down)
e9f850e346656fa178e7bb4056b38370,lift-I
e2e5c1b730bd370bc29cc4b4910bea5d,lift-II
6f574ca9eff2a3f696db71313239ac36,lift down-I
9e072dc0f1b4b3515988985f04857117,lift down-II
c77f220343fbaea9979770fcc847bb0f,lift up-I
40cc08da2e266b8ea4c09365fc19b8f7,lift up-II
5f75466847295b525b857ab1f0123fed,light-I
bb218907ce9a26c386be9c67c796f0ba,light-II
55c6419deac58b58b11e9fb7929184f3,light (color)-I
84d3827ec2cf561985c242c7efa410bb,light (color)-II
4ae46c6ddb6586fb6bf6ce33ffdf3341,light (weight)-I
2e1f08d0d914f30d8fbc804de66e7357,light (weight)-II
f86b7776cd00f99d05ebeb052187acaa,lime (sour)
aa9f73eea60a006820d0f8768bc8a3fc,limit
6438c669e0d0de98e6929c2cc0fac474,line
c70eeaa4407a3f97291d9a67c55e778b,line (horizontal)
7d6e0a6d3abc357a30624c86417c812d,line up
2a304a1348456ccd2234cd71a81bd338,link
d7a1df8eaf79768e9908959d6042c94f,liquefy
f80b6383d767feb24333c7d460bed98c,liquid
b82b2924f76afb641b634e3a2bdfbaa8,live-I
3d6ba3a0e15284fa5d254ca44f27cfe2,live-II
3168e6a60e8535eb3385afe8ff5748ce,lobster
489d5039d43d3dc45f3811cddea44092,"locative marker (to, on, etc.)"
2d8da50b523832664c5afa77863ad416,lock-I
91de13822936707d057dbe426efbf5c4,lock-II
dc1d71bbb5c4d2a5e936db79ef10c19f,log
8cf20ec5a7f6f5b49005bd95d88285b8,loin
af8e58b6dbf9216aaaf3689c59771b1b,long for
fec42ab26191d8df0dbcf1b0ea4b3559,look (n.)
50d5b9b739ca88d298d2badd660d3f45,look after
da6af39501c983010e33858b172028aa,look for-I
f653e9f9927f1ea8631a2ac00c2ae4a9,look for-II
e48b981fb62db33b98a27fc6cf8bf40a,loop
3fcbc9b115e4d558abfc46e0e2847fce,ii;-I
d7e54a20ee9bce5a8c2763e3b52c2f28,ii;-II
4e1ab3bc68d6993063f4db037853c77d,lost-I
17f7e48ae2b197b1be18c36949afabbc,lost-II
209f2308333b9973de9b4ea31d526b89,lot
12f777ce1fa6bc6a4f39b5d31e093e53,loud-I
a3a7b6aeaf5442360a759ddde129ccce,loud-II
927edd771e16441b1e33937340740e74,louse (body)
3fe94fa6f81a61971357262ce03c357e,louse (head)
7b0115dd4be858b1966e5b87f76bb737,love-I
d748c461c1a709c64f1950183aa62a39,love-II
81e073b428b50247daba38531dcf412a,lower
adb8b3130f529b76ae3603581607ce89,lull-I
6ab287dff4b5ae28d7483867331e1a20,lull-II
a840b134dba081beb83e4eb8f468697d,lure
090e9bd46af6563b95ffd64110d78b03,lust for
b1940b671bf1532179663a4195d2b09d,lustful
7538ebc37ad0917853e044b9b42bd8a4,mad
2f3a4fccca6406e35bcf33e92dd93135,magic
a5920ccee7acde560d22af1ce09219ba,maiden
0060acfc85f5cea7353a0f56a9585079,maimed
b7460cd8e0aba8055e4f1bd6fd7b809d,make effort-I
73544c97549de39cce90fd1e2f2495e5,make effort-II
2e9d335be8c5d384ed7b6df0a31c9696,make up
07cf4f8f5d8b76282917320715dda2ad,male
edbf80101055738bc40c74af5d5c2084,male animal
1ab598a2db9d38fbd8045c70230b48ec,malign
09610961ba9b9d19fdf34ce1d9bb0ea3,mane
b9e99da0a7d59f0351e900913aad3290,mange
ddaa20befe1a3c147ff2ee52314a87fb,manner
7ea6b139df6aea2e7a3e80026a930b32,massage-I
14df6ba4fa685f61ec3afdef06421016,massage-II
d54c4bdb4826ea50212c3036e37984e1,matter (n.)
424b8e14178354078478325344a29d41,matter (v.)
e53ec78413036fec168afc5b6c835c43,mature-I
b09704c1af639ba4a065434b467e70fe,mature-II
ab86a1e1ef70dff97959067b723c5c24,me
9696a3d01d4dedf45a4d9e41e734155b,meddle
d6f6c244cf3092b18f8f13bc271a1271,medlar
14ae84edf3272dc7a6456a02f7cfac79,meet-I
c0a59fbb2651bcfca5756515614447f2,meet-II
5741a8f216810af699bbc27a4e73b8e0,melt
cb09f5bb8d28aa69b8386192b1582c65,mesh-I
363db189baf0abdf2f90cdd5d7e54273,mesh-II
4e7abffd245bf1a7cae68fb4fd5b5ce4,messenger
86094b61cb9f63b77f982ceae03e95f0,metal
ea9f6aca279138c58f705c8d4cb4b8ce,method
4c1b1d5de366233e0926d5d24d6df93e,midway
a14b9039c38f1fc80b943ab8f786ec9e,milk (v.)
5c779149b2ef7ef2eb8226faa36e9a54,mingle
6c093052a6c410cc1e7852ffc1d1f163,mire
de13fc4490fbd29a732bf77eb7476650,miss
5d82592267097cf5a269f79021c30bc1,miss-I
04d96faebbfbb701eeb4bc53676d1134,miss-II
212a3c5a3ea6ec6aa7e298fee22706aa,mistake-I
2e28758cbda2008193057e59e4b33421,mistake-II
dec61bc38b0d07a6cedc1e99bdc81e56,moan
c25ab0784097cb76f7999e8496ff419b,moist
2e2e8c548f297a05c08c6bedb36146b8,monkey (long tail / grey)
bb3ef7bf491cc337c3b11cd3f0e04c06,monsoon
b7208774faea1d155062bdb773b5f221,mop
fafbef0dce0a611d0f2f4e735b9a9a9b,morning (early)
fa8baf8564af57e2cfcd2fc3ecf33e1e,mound
19822b1b15d9eefc54c07ab49f87b100,mount
294fcd9e03a140f6de6769152862d23c,mourn
83e3e4c010450d3105770effbd13dcc3,move-I
7f866524af4436ce857300d77cc7114d,move-II
74b5c9892142473f49133356bf567e49,mucus (nasal)
b2c8d7585e5b1d3264fbd47abea37009,muddy
4c032833c7118276e83ee90998ba47cf,mug
7be6222f2f0fd489596ee2aa8802bb59,mule
b744b831a363867780bd6fab5eeb73d7,murmur
f4b5f73cfeb8282d0789b29d50861b2b,mute-I
1825843cdb9e217b7825d12ff085257a,mute-II
6864f389d9876436bc8778ff071d1b6c,my
02a330cf5738b6accefb0919e8d59451,name (v.)
78b6367af86e03f19809449e2c365ff5,nation
1484270d364418ae8fb4e5f96186c7fe,nauseated
da97859f45baed5a5fee829be3ee5bbc,nervous
43ea0e4cdf394e1bd1380fe5813d24bc,nibble
8e36e100fe6cea870ddef373e85a6a8d,niece
89dcc84c3df789c47f021222be15fe12,nip-I
06ee3f9ce000843ec402d11de7dd7dcd,nip-II
8b357529fdf2cb698a7a796696bf12fd,nod
0c5ce5dc32d38e44c558bc144da3c44f,north (upper part)
927ced3b46132fef86e915bac82a978b,not (negative marker)
b4aecf767cb52e7f0387ae8a6d362bf2,numb
eb38112a28eed27c20410b7d9a82a50f,obstruct
1f99f609024919a238e969db64ea322f,occasion
6b59a71f840fb9380e62ec5dfd62f626,occupy
300138808db02bfbc5e32d50fe8d2d56,odor
97abdc16c28ba3611ac340acb5f8b910,offer (sacrifice)
55a99e864f63e41cff793eac8f209253,open-I
b75451b7e4c950619725d606798e477c,open-II
5cbda8feee63cceb4eb611ab139c559c,open (mouth)-I
10548e021323896cc7a74af4737284b9,open (mouth)-II
c1d8ae6cfb3b6b1cc7d95f4259339a83,opening
2fce7296c80ceedec45a2d4dc3bce9a3,oppose
1a855ff9724cbad42c90aff434bd6a61,opposite (side)
edbe37c6793a13049512956657567da9,oval (figure)
16421faab6014e3799a6f12c8ecea80e,overbearing
d18f060cfa5c42cc3bef90701142742f,overcome
8f9b5ce80d9a1fe9ce328e3b2cf2e253,overnight-I
4ecd8f83eb9adbebf023ab18a185ce76,overnight-II
450fd94d812e788d7c8e8cd7952a1e8e,owe-I
b8ae541e8942076079a74ffb3f98f6fd,owe-II
535847b078bfdfc1248b3cc4527e51c0,own-I
aaa17511f054b7199a7814c192e75663,own-II
5ba1c4ecf208b1757df653813416a886,pace
b484857901742afc9e9d4e9853596ce2,pack
2738b7d45c3f8ba37963c304d2fb7433,painful-I
ff910f8ba15b8bed1fb47a6418b14324,painful-II
04eef8f599c44cfc929703d21eaa3eab,paint-I
a269facff01b983dc6e906f154a84f30,paint-II
c1940aeeb9693a02e28c52eb85ce261c,paint
33c9b363aa666f43190fa83fce543646,pair
f7bbac0679970b5198ddadcfbd978df0,pale-I
02b5cab90d76666710ce6b2d2151579f,pale-II
6c1990b7d29f5774a516bfbf7bd05975,pale
395a2d33e10bb8263661dd80e8a64692,pallid-I
a8e5f07a59516b380d93830f597e7020,pallid-II
4209f8e1b88e13b458c0666247eba380,pangolin
83b5d8355b6bafd90e989defb13a297d,paralyze-I
da272cacb5a287fb51f36248a74c5865,paralyze-II
7df403e42e0ea893206857923b182c13,pare
f4c9385f1902f7334b00b9b4ecd164de,part
372b694cb17f1241d4323296628c9ba0,participate
68e2d83709f317938b51e53f7552ed04,past
d6fe1d0be6347b8ef2427fa629c04485,path
13e2f699361781b5e592bebce3f9ad89,pave
889560d93572d538078ce1578567b91a,peach
31dadba40520bb7aed96755ebd21cef9,peck-I
b3bfe6bfac2b4709a212dc4bcb749b2c,peck-II
cf0ac5f58f1a5e3c2a0222da98a83f0e,peel off-I
3a35b1161c49be7ccbabea5e53e04f94,peel off-II
450f65d3f10fa333d36ca017809f22a2,peers
baa8367f30a15b4e5d7d8e02d108b4d7,pelt-I
115d1f77edd7a04d89cb496a4332d061,pelt-II
0931be4cc434934e64b1894aa2dba1ae,permit
4137a1b40199666d9d4f8542e42a8311,pick (fruit)-I
b1f49a9597aa9e22cffc99cd8993b3a3,pick (fruit)-II
45c77c6ac09666ad8819ca1a80cc6a3b,pick at
5456fc54c74a297ce994998c2873b370,picture
5ae347410caf461317cfabe60d7f1321,piece
c366abcea2dcd03b2a637abc589670a4,pierce-I
474ab16924e2f45ccd531a35088151cb,pierce-II
f8e14ba1fa3708d0fd6ad37534da8890,pile (n.)
9ddca8ec30c1835b3d71b9d513089c78,pile (v.)
46671db2b9c824aba1ce6295c12bc1a3,pillage
e923e77bc1776555cf4b504af657e4a0,pincers
57bc431e525a439a48817e42ea86c535,pinch-I
db2cc9be55998c138bd600ae00e61861,pinch-II
d33a89f9675a8e2afaad22c920ac1ffa,pine (tree)
721f99927350450e076a57d4c74221e1,pit
8ee0b79fb35b0efe85b44c0ee243f8d5,pitch
69b75c1522d4926b75f0adbc74938f17,plague
ac7938d40cfc2307e2bf325d28e7884e,plain
396e09a3b85f35e5e2219ff4bdcb8536,plain-field
4767cf86456dc385c6cc73ece53c787e,plait-I
3627310905aa79c2d0c5463b38814b1f,plait-II
5fc25157650d0cb24f02216d904584df,plan
d8eacccae954f595751ae3b97ede2d6f,plant (edible)
e75b6426ac7224d5f4d5e28511e6d47a,plant (v.)
08a670afc77f40e47996ecf23c9f866f,plant (v.)-I
247e9fb9c90340f77e100e1d5f27343a,plant (v.)-II
62d63d769534d67a05481d54f9b2127a,plaster
5f3a1343ad2cae86e4df11e84af18381,play (instruments)
c097118a6d4d5bf6217c84656f571a8b,pleasant
7f7b111ac1a5bcd7e02b7f58bc608288,plenty
577f661e2d2bd57687efb1f7573c3852,pliers
32fa6e1b78a9d4028953e60564a2aa4c,plot
4bf3ca4e55c0112990b424c10395d79d,pluck-I
4eafe4e35a841daef32ac72ce32c9dee,pluck-II
db12706ed613de67cf9d2aa3469ad6d8,plump
9aa91f81de7610b371dd0e6fe4168b01,pocket
c416671d05d001fca2433d9855e3c905,pointed
6b4f295c61ceaa8d736c012ce1c9ddfe,poisonous snake
d873154f067233434b64c0b8b2348cdb,pond
5fa3852b08951fcdc4d2e60f89a85bfe,popular
a69c2bfb152ea2650a737944d172b9ed,possess-I
26ec1f69c389c4055913ed303584a7ac,possess-II
5aece23041ba5c9f6a11f7f7ee22f343,possess
59c712a0edda13a527e65de86c918a4c,post-I
16d3e9f5a819a3400916fed95717f7ec,post-II
8ee2027983915ec78acc45027d874316,potato
1e041f12ba9441cbb2020c9d7cf4a1aa,potion
676966969ae9bd322cdb8ba0af6fe945,pound-I
8885205f61561f8bfec0764f2ed779a1,pound-II
ae03c06770ebf8b6188989479089b54d,pound (with fist)-I
326086125d483ad46a201ea5d6a59104,pound (with fist)-II
e29e5b1a9d28ef97200b28bd28619560,pour-I
0b91601357185051d24019ca4df0c6f7,pour-II
606a81a7adb1692e26a1924c05bda19e,pour in
4d5cccc953fd5d5b8a3399850f6e1813,pour out-I
330ba2fdbd4571369068b13ffede659a,pour out-II
1c3a7de8ed1f4f0ef7eafaf4aba05515,powder
a99b35e2707ef6e1ceb7f9f365d9e0db,powdered
23f9d50ecd20ccc464f4ad45a3328948,precious
f5b95a12fe30f0b67b1bc8f9e8301867,present-I
4724e3a7b86c5b2129be7135b1822d95,present-II
47ed49958e2500d72e305f85ed316c91,present
ec4875cf2d241556a0965f7237864693,preserve
fbe1f9e2c6084bb5191436a569e38a6f,press-I
3eea93458f03c53358e492fba7732000,press-II
f46f6625c0eebf7710f5b769cdc10517,press down
9c9318073b6123df0e5303b0910f89f1,press down-I
c605c58af967dcb22a5fd6c57f58aa4b,press down-II
0e9ec01747bafbd4be5fc2372d2ed2c0,press out
77e061c2070ec31d22b8409be2fe9d3a,presumptous
ea23f4ff5fbc8a4399bf1c1aae93739a,prick-I
5e501cd46b39fab6a2cb45854bb5070d,prick-II
f7531e2d0ea27233ce00b5f01c5bf335,print
8da843ff65205a61374b09b81ed0fa35,probe
c0dfc2c94bd5e3e0e48e9084ef8cc0e2,proceed
ecc53b2a28c6bf51f461c1776b6a23b6,proclaim-I
3eac512dde586b8b708ef509ce91fc12,proclaim-II
0fe4a150845a974ede8d571c8aa0346c,produce (v.)
da431ddf5535407be946a11c6f832bc9,profess-I
da8843d8fdd1370d5ac1821c0bdb1b97,profess-II
680afafc1b89823399d332ce620e7d93,profitable
6681a88e6288b92e9ceeb15e1a58520d,profound
45761bca9dd99eaaa83139bcb830e918,prohibit-I
934b1b9a9d8e75d25cd08b7ce6f6499d,prohibit-II
846c3508919d95b9b6dc610487597e99,prominent
d53f18f27b069a5ae88f472a0c2e2745,proper
e9f5dc0580447fe4e7064e96e2be32e2,prostrate
76bdff88d5d4df36599ccf41f638aa02,provide (hospitality)
2153ace5065eddbaf1c5d3154324d066,pull-I
aea3ad3d5aad54023f6e05af8b760fd5,pull-II
14388a37b96b5eedc1598f1895b8323d,pull away (support)-I
577a365d64016cbc52366c249fe344a3,pull away (support)-II
a1f56f1158afe89b580ea213d28b4741,pulsate
86b5cc59aefdeeebf86bd8eef7f08593,punch
6078399d101fe98c552fad8ebba8a5d0,punch-I
e4d6b16f793b4a766f40706a646c0a1e,punch-II
55ecf7d6bfae5e43b3c03c8eca2899b1,pungent-I
d7779f656e13ec6b33d551c1cb6ebffc,pungent-II
59292a0b7b963dcee22ca623c6ab6b5b,punish
bf497f9e19a2577b60fee2e001562df5,pursue
19f983dcef37f35c817b44e68c9c3b89,push (with the head)
41d8e6d4163ff7ba8dee8fd71bf61bd7,put on (cloth)
7566c91d581cfdcf2e5679e96eef441d,put on (the wall)
e5219d18906a222ae7b03f3ed8c393ff,put on top of-I
c2fd52bcf11a1f10976b16013de95694,put on top of-II
bc30b4c00b588c62c1a694b18ea17c20,put together-I
3ca940eb5202ac50ce3908819145ebca,put together-II
d98d4c477791d07ecf696e396b856f93,quail
ee13641013f935a0d2dbaa359c32e844,quest-I
7b912a2980f10799a95b4be3f56cbde7,quest-II
c49819bc78b0a16e81917b6ab4674cdd,question (v.)
72aa3fb96faf0c533030a58c6f1a732f,quick-I
b388749310407f3c0381c76ee303d0cd,quick-II
558c9244a6d2425f25b7b002780910d2,quickly
a51e47f646375ab6bf5dd2c42d3e6181,rabbit
2fd2520c380bb75725067d50f3d61c48,raft
c7b9e188924da98bbf7e568a6774a547,rain (continously)
494912888fcbb2e5e21dcefdeabd4513,rain (n.)
b1a1f9495af535fdf0e4a8fd6fa47e17,rain (v.)
578c9a099347471d6ecdbcc59c7b739c,raise-I
0617d36b77cb1f7320c17e9f4b063fe7,raise-II
2dc2a45b47875118c800d441aa93f5c3,rake up
90e9549c2e4c851e3c42e04a90a03374,rancid (smell)
a7a189951821c2ebf7bf3167ec3f9fbe,rare
ce4527e3a23f3450ccefc729914d96ad,rat (bamboo)
f085f9a659f7317a46a1b0a05f5a2feb,ratten
907e131eb3bf6f21292fa1ed16e8b60c,raven
bdd166af3a63f7be696dd17a218a6ffb,raw
cd8715c9cbfde59b91ef4ddb255f08a8,reach-I
a2dbebd0293f8fdd6ebcac554625dd4d,reach-II
4bca24304861acde5770fdbe3cc2503b,real
d2d92eb96ffa2135ad0471e5e520c46f,really
f0c076a3fdf01571c550974f72dcf4db,rear
0dab307129b181854ad019c3aaf9afee,rear (animal)
acbce5ae2a18413a5a9e948b6ec85874,receive-I
7ff091cc750017b54e9807392ee9b6a2,receive-II
abc13dd0c59b636d105907d638b35fba,recuperate
8b8501abb1c1c747632dc41496013f64,red-hot
147b6b98b0b5715a7b01a447a3cc5113,redeem
6b426ddb4f48b444084a66258627fde1,refrain
eabe04e738cfb621f819e4e8f9489234,regret
26d6b026c15fdec883f791fd029dd27a,rejoice-I
d873020b5a09267f55e1353db8b7bdd8,rejoice-II
99c483e1d11b1a279a2a1a3960528487,relative
feee22942574c7d8f3b362ba998bedeb,"relativizer (who, which)"
1aaf49964bba347d3cc0c3b057b82253,remote-I
631f8b5865ab18827e2c1c45fa76a36a,remote-II
0f6969d7052da9261e31ddb6e88c136e,remove
d4f21915e952a99222a1109206e5e76f,rend
d4a0eb9e6a7e2f921939e9cd31cc0547,renege
f964044455b30c18581e1b329a8cb859,repay
9dde360102c103867bd2f45872f1129c,replace
81338d19fc2a45f4136157e5d2fae89e,reproach
10573b873d2fa5a365d558a45e328e47,request
470f6ea9c15e8b277378374e609bf007,rescind
3f77c58b14ea5a6a189e0e5eaa10224f,resemble-I
669a82036e3a30f4eed4505da4069949,resemble-II
758cd40f749550d13abde3c6cc277d2b,respond-I
3d47f22c4fd304942dbf8d3727f39293,respond-II
2db3c4a94e6015224f3922aa2c3b84d9,retract
29183230af4b03934184093bc93c6c0c,retracted
e66128e5d1e406d2b5e0e107518ac3c2,return-I
d4dd3c041e2d219b2f6d826ae8fd340d,return-II
62d79e30e69a1075722199bcdc61bb4d,reveal-I
7e46705d07cce0ed0f091591b1b35959,reveal-II
a2a9c58734510ace0b01aab6d93c9f1e,revere
3b2dd09db3d4442052fe6b920658979e,revive
d444412007470e4b07904af62a60bc88,rice paddy
bf6898415d7b73453138a6e5a24197c7,rich-I
9ec6a4000825692178eca3fa80639b3a,rich-II
c6f88f802b0b614be555604c23e91a11,riches
7c4f29407893c334a6cb7a87bf045c0d,right
938af4ac7c74159f98e4e42b47d0cfd2,rigid
36dfa7baee39ab2ea3d2e226a5f00c52,rim
5d15d1e63690297a94917700f6f12e04,rind
236e61937dcf7c45385a52285d5c7ece,ring-I
90739da76c0daa684511dcf676390346,ring-II
493f489713c970d87bc1bc5b77a3206c,rinse
e154a8f11b940532427a590ffc9cd07d,rise-I
c1425799c2fbfbb586a8abbafb325c73,rise-II
5026f3cfef698ee535d713fec44bcf27,rites
ed29da59b3ca8a6b01b216d2973487d2,rival
2e2b36c732f3bc361b00c2b0e48e5bfb,roam-I
f8514b9f9f95abb3b7bd05098ca0059a,roam-II
9a1f30943126974075dbd4d13c8018ac,rock
4c723951b080905b2f2ff593444c8602,roll about-I
2e0728f23e2140b39ebe4769d51e1a7f,roll about-II
807f697876179667a3a0cb8f55856d3a,roof (v.)
f1965a857bc285d26fe22023aa5ab50d,row
8c57c0360478d818fb65a535a398c21a,rude
2e659f21ba3c61b034c2760a9d4e798f,ruined
5d87d3b06581a238a8590b1a0dca4269,ruler
1706c665b5064ffd40ba2cd4752ae111,run out
bfed68127814ee3d8cbf683c6826fc56,rupture-I
76d3afccb349ee03ce079018e9646189,rupture-II
6829d8e042b2795a6f7fde0e7af4f233,sack
9dfc8dce7280fd49fc6e7bf0436ed325,safe
9ed9565fdb93faa93d8f241b8b3ff87e,safe-I
b8ac43192e5255681894a602375b4cdc,safe-II
0ed4ad74551735241d31063567fe1812,sag
daf3ae813ad102e1014c6a5cb9b3a7fb,salty
a78f5bf195dc0e278218afb528c65207,save-I
d277807576c76ea35c46db0a8723b72d,save-II
0cb47aeb6e5f9323f0969e628c4e59f5,scale
79adcdc7553fbb1aa9e4eb9ec3e424bc,scatter-I
b5593b9ee1990c36e2f7f0c465d8908a,scatter-II
50894a237d9bcde0a18769af9a768baf,scatter
887d3f7ec39e462d54a4de0952d7bf91,scold
36c29365fcfdb4b945307a4a74bc503d,scoop-I
c5b8d52edefa471e2748a2008beb1e0b,scoop-II
12112149e7c7b94df66fcb60193ce729,scoop up-I
14065852ce8dcd9d13a63f9cc0dc2737,scoop up-II
b30e95176e0e6b0b26010c8e582e80b8,scoop (with hand)
11be00388b346026c133b13220644160,scrap (small amount)
c5ac11b63db7dba222d8d045423b0d50,scrape-I
07e29e989adbd0bcf64c40dbc632aba8,scrape-II
259bf324e5f73dcd5131f24f56a48b63,scrape up-I
acc0a243b0fdc0c2c68249dbca8afb7e,scrape up-II
c992add8e9b63aa6df29a60adbdf4c4a,scrape (with hand)
0aecee0d87f2bf671b2ab2f4e888253a,search-I
44ce9573e81a84d12fef868c3dd3eea2,search-II
3f1b0333a44fd5f611d3429887eba4a8,season
1c0b76fce779f78f51be339c49445c49,secure
82b4420cd0a07dc19e7ddeb741fb7f53,secure-I
4de9206735710d0163dbebec2118d359,secure-II
8afd087d66c946daf5ffa2dfa26c98a9,send (on errand)
bcbba6ea168dd085d4c8ca33c0b2b74d,senile
fe9e1b90ba44d01aa88ba5a0b4aa911c,serious
8c160ebcd993f532c269908dc723ddc6,sesame seed
0bd6c43737f2221c378f6c57b8459d91,set fire
68f16fcf7b18ef04b552377b0abb4f9b,set free
fc20ef60eca6e29fd79ab2b23d4ac9a8,set (trap)
b08f87f1a738ecc3559cd5970d25f5e0,sever
c902a61794c63ac71c92866bc0556092,several
9a5d549a618a319fdee0453df35d624a,shadow (n.)
478df00b8a0e1156c826fcb450030aeb,shadow (v.)
df4ce7cfbef82bf3fd3806569a59b6bb,shake-I
efa599ba0809045b445ef93514319859,shake-II
93d08172d74ce6e459894cc7987e0a47,shank
8c73a98a300905900337f535531dfca6,shape
dccba8ab325227b783c4f727ac581cdc,sharp-I
a67bb840c63cf2a499f2c9ad5dfb76ff,sharp-II
193c4c09a4d5e28e94c1f7dd8e9b292a,shaven
b66124d33b3a4d3ac3de6673927c1e93,sheaf
18d7cc06c6133f5d8157a0adafbb73a9,sheathe
f56103808c1b9ad26dd0856dfb97be17,shelf (over fireplace)
db0d9695b8a3bebb0f70d36858f92ba8,shine-I
678105a917852ca98cfc9a575f1b105b,shine-II
7fdadeab17a8d9294da064f0624d611a,shore
ab2205aecede6eae0b0afe45f04d4392,short-I
63f9009b4ea41fa45e12363712779f25,short-II
692cc5019d2dafa7b8e62fba0f45001f,short of
2c997ee34e3a72c17421d81c1c3716ae,shovel
0f0c85e7bcd598b43fd362b9ca6b24e8,shovel-I
0240c61230b3aad59f03bbc28edae3c3,shovel-II
5aa227a6e93badd517a3a97bcfb58065,show off-I
7c37ca37ebd084eb9b5f0aa993b42c7d,show off-II
639b2c8d03acd1798a42269cb06627fe,shred
34842e464f252392956cd5739b076d3c,shrimp
ec06a6669cc0ccbd6e425650657abca1,shrivel
77ede17593c47e63e905660283bde47e,shudder-I
a5a5bd536a8fbb30ff1c8c38a9640742,shudder-II
364d28ceb39aea833ab2b1323819bb05,shy
82bbb597b68162186bce0f49d2953099,siccative
85a854d772d593781f4641f1591e3e72,sick-I
695afdca0225db30221561ee17710257,sick-II
ea46c671d56e59026038c8e326d29664,sick of-I
cc97c06fa22d0f02b060a37a0de86acd,sick of-II
0950086081782742f09af53f9a79d207,side with
73be252ca82217b1458a25e6b4e99f15,silent
18bf5f876fd35b193d3ac7112d137156,similar-I
6c64dc552f494923d75e657119363d45,similar-II
8adbb22e0edbbbe0d818e7db08309c1a,simmer
8dbdda48fb8748d6746f1965824e966a,simple
ab74ca14a43c4a3eca4760ae622d347b,sing-I
c9ab413061894d5bcbb747199770b950,sing-II
157371c83961014b5f0dd676bc36e559,sit-I
997f57c04eaec8499cea99b8af6ee792,sit-II
be398551b63799deea7deae948703842,sit on-I
82c21d5bbf1724596e7350b71ccf8851,sit on-II
f2875bb52373965e718b28d213681e23,sit upon-I
691936f72b15f782db3eaac82a522315,sit upon-II
98defd6ee70dfb1dea416cecdf391f58,site
f7bd60b75b29d79b660a2859395c1a24,size
1991ca945fdafa889f409b863dfe9356,skewer
0384825c15a14298d2ee746a0cac2a74,skillful
a2f1cd9402d2e46fccf2b6ad6432ec44,skin (n.)
1ad3c8e71ecdbddcefba813f52240f6d,skin (v.)
9be3eb9c3eab257ce0942b079e16e156,skirt (v.)
c25033a972715dbbdb7e73ac79261230,slack
ae61127f2bf9dd8094f1f164bf4d2e3e,sleek
277817862d4a8745c7643018f6ab410a,sleep-I
07d3173df8530e6825b32714502077d8,sleep-II
13365d367683301ee26d9d76d25c518b,sleepy
ded432c266322daa6dfd4c5f713caa34,slick
c5aa7185065075b0294c6da0388fe229,slide (v.i.)-I
9f0a618b038af7bc8fc8e97badf535b5,slide (v.i.)-II
a88ab8f77501595f6a2f5a8443c774b2,slide (v.t.)
af3402ea2a23aa851e215466762474ac,slip out
6e3c8e67b4871c3406c3191259324953,slit
241f166bdf9887f732ae06ba859da376,sliver
0c0868f2913f889b55f08d6d31de7808,slope (downward)
f709e6421405261162d88e6f8965b357,slope (upward)
f730d23403a086b700c1fab8d375171b,slough
a5e18ede9fa6fa90bdcc961afcd8bcbe,small-I
3d2e0a577c92b7f6c776a16caba44125,small-II
108480b90e5c7766a89d2f79445b7b6a,smell (v.)
aa32504c432c007da91fd0b52d58cc86,smell (bad)
99889ecd25952c6279bed8d848671f93,smell (good)
252bc37e21457737552c3aff016a4c93,smile-I
b689ed4ea81ea678a208f40a78657156,smile-II
453f1a2b5a8d0cca5ebc452d94a70557,smoke (n.) 
9683bfff918153c6d575a415feee2ecf,smoke (v.)
9f333ee7f587af2e3f246e89c368c169,smoke (v.)-I
8fc8a1d338c98076872c022dc0a6099c,smoke (v.)-II
c933be527ddc4311e278fc237d7b95e5,smoulder
fde60e63d4c411b776ce1b86d062a72d,snail (water)
1f65685faa8b3ccde0cf709418973a1d,snap (v.i.)
536515b971214c61217ae42faf565ed2,snare
7f8caab208ea86358dc033d6493fe215,sniff
83fe5a2444749f4660e1d0a8c9d1ee3c,solid (thing)
e00309e98dda2ae048b8bf8bd6135e10,solidify
a0ff43c21d3ba8e8cdbea422af35ff14,solitary
8dec522efb81966816ed0a8ec57d6521,soothe
cadc8c8db42409733582cb3e2298ef87,sort
4d5545edb002a46ca18df9465e05e175,sound-I
66685d371dd0a69044a826e4eccc274c,sound-II
d6bd348185af34e6cb222b2b90893bed,source (water)
7edc87cf464f86dc53a8dbffefc55529,sow-I
0bf6a5d9d76350443aa8b75791e62d6d,sow-II
dc44b98926a03f00780186e88d11f554,span (n.)
04ffaa257a7542bb18443c8eb44eef4a,span (v.)
d62c51ff57de308886fc21df7fcd8509,span (v.)-I
e3ad5d4be9d9dea6c198f383d5f07994,span (v.)-II
04706eef21ad19e95b9d5e40cea98d0a,spare-I
bc4266f165ac223879b710a9474fbf8f,spare-II
5dabba66ddc7b1e6f193ff73d3c55e94,sparse
f7f10fe8b910ac03a4af98042c8b050b,spatter-I
68be08a3036eb003c2757ac54dbbf96a,spatter-II
bc9889659e90867e9089a1b5e6c36c26,spear-I
945235e186ffc09055092ea3062aa9a9,spear-II
d998ff3a339f9318bd7b6e98912e4043,spend
bf107f0e59610b6e0f3af0daae370390,spend the night-I
eee573a45b796c07dddccc8da7c5bceb,spend the night-II
7e4fc46aa59205516e7c89ee52578b11,spend (time)
2b6d39e4dc4cdf1ebe3f1a2e80f18202,sperm
57815a968b59f298487d05295727485b,spew
6683a3be9c0472d8c680cc93a424c198,spherical
77f4de0c4db55dec736561ac64c7ea6b,spice
cd988e878666e274a481fe6eed100694,spicy
7a2495bf6b1ca48c6a0f9d10eb7ada64,spit  out
1f74df58d1c0f7b55b5caa01e6c7f806,splinter
ca236c8924411d08f7e1abc57b79e15a,split-I
6b721c6745ca8357b74e144080e24423,split-II
5076283f34d9704a07da19a82a76b313,spout
91cc76592d69d2274e2cb28d3d7d3e70,spread out
53a0a8be2b4a10ad09424a1deb4f0ad7,spring rain
7dbd585928a5e7c372dc812a5685443e,sprinkle-I
bbce08a309baa2f4c0ad6f6be31a4ddd,sprinkle-II
5177d121d52eb809f7cf641b20978edb,spotted
1d08fdad0400ce91f60e43105b4df9c1,sprint
3a63e41e9a2f807960e26df4ed95b147,spur (of fowl)
bff23476a33b6bfe3b0353826940edd3,squash
6701b56ab3ff30bb18225de93c864367,squat
d81741ef4f55a6cf5f592f5418e5ecf8,squint (eyes)
0b420e89d259be8d4a29f3a6ec151604,stab-I
ad10368659912b6a0a9c01db10054262,stab-II
f40faf6384fc85a33d3b05a9d41c012b,stable
e1717b546477be20200afaac79cbdcb3,stack (n.)
f9c72117bd0504b76f1204f5df5dbbb1,stack (v.)
9622a4446163bf09e3abfdb0bd4b1eaa,stalk
28ab8a0dd566c2520280e321cec6c050,stand-I
8604efffb14b809bcf1f5d74968b44f6,stand-II
8fde67fb445a96a1cded0ff99ae20a69,stand up-I
276233e79ee96c747210f901d57f8886,stand up-II
11b4af2581dc438d3a2c44762dc05b5c,start-I
d68c4416d4dfe7599ffdc6d6cdef1b81,start-II
e17510eb71732803ce4cb558853ac1b0,startle
185828ccd7088677fd12e60cd0f1e67f,steal-I
ca186a8aa8eb688a0b2af1bce2e23ba3,steal-II
75eec5a819fd971e63a55c466a36211c,steam
3eb38fa8079f887324e8ee1d92b3da12,steel
e730db5c29b7ba34f4d465b01bd33c5e,stem
c75891ea357a55b1cc57c49a3054a1f3,step (v.)-I
795ddf4e20db67632ffc6ff5655f28a1,step (v.)-II
467023a872b0ec7866762ce31270af9a,"step (father, mother, child)"
34447aa6a88313f8f79129d773d4e252,stick to
2d6b0cefb06fd579a62bf56f02b6c2b3,stiff
cf54ea3ed976c693c208d676dd051d71,stimulate-I
6f395a810b740e6998903fd47175f939,stimulate-II
de5787fe13e188e7301a63d0dcf0f9ca,stinger (of bee)
251e201d4d8b2eb82c2491e9bd9262ec,stir up-I
e1d29897c77acedfce244eb7434e2b21,stir up-II
a510e8afe230b17719e2d6aca98c8af3,stitch
093faca1ad73729f87f96a32ca127220,stocky
801f91a616647fdfdab274f8b70793f8,stool
425ce97b616e968c2e7671bad3904e55,stoop
d9011ff4237ae6d431b45c42dfc2d1db,stop-I
51ce3a36bdbb44b5ed88c490896f3545,stop-II
8cd892b7b97ef9489ae4479d3f4ef0fc,store
edc470a403bab07975ff9b40f2c836d5,storm (of spring)
264cf96dff88ddc5ddf0108b25ede13a,strannd (clf.)
26c13a46b2188ad7f01d83e2bfe25a77,stray
e10a36f1a5231e597daf8f42dc1ab55a,stress
7e84944493e379c33782eb1c9ecb82c3,stretch
fa0f988c163dda61830c406f9ade7fd8,stretcher
069d63830d087f382736e383b3a4ca5d,strike-I
4d63001de3994d0f9e345e8c0d8b56ef,strike-II
30851b2eb48ecbb49549ec1aaa5d928b,strike
b45cffe084dd3d20d928bee85e7b0f21,string
8cc353fab71d288723ae50be0b57deb3,strip-I
4ce082f4f2e7c6540f062d95330e6270,strip-II
615226bc5d8900fdde32c7907f4aa96b,striped
46d2933242e26367b9dd4e90c6b7344c,struggle
aa4cfab07a8d6a6663e97ed0239706b9,sturdy
fadf9397956e933c691766e1864b2d87,stutter-I
af78a8fe5988ddb29c896c45962159cd,stutter-II
51ef1941e6f96831972faeee05d3d8f5,subside
86904b17b35cd5a92723b971cf76a47d,submerge
c79bdf421714f5087fc34b7c538b6807,submit
84a052cd3212c9c21d87d131caf03ed5,suck-I
5e97cc2be174be142d2f2bce9ce246e5,suck-II
9bd475433944f8332de1af451758e95a,suffice
6abeb515b047bf8af61833c557aacb76,sufficiency
cfd15cd0eba46f90d4de770afe7bd890,suitable
b521e20eaa16af1954fc84f2b77a681d,sulk
f54fbbeca50c3081302147ca1b4f79a3,summon
5405fd17e6a3bcb9d6bab991f731d640,sunken
35c47f9e77e186d835b637de1cb2f2fe,sunshade
0cbbebde08e014b23608cdf96ec5b4c2,supersede-I
a9a5ef0a5f6db57d66df151a431e41a7,supersede-II
a2788c7da92f82fe759beb2474dd5f01,supple
7aa5e778ffbad97cbe4cc2f525351cf1,supply-I
8e12c6daffc77f9e64ef88bfcd8abd04,supply-II
aaf9a7ade8ad853549f9ce5d53e8d645,supply
35463edc7d10ecec3e6db127aad17b64,support-I
995b9a2f2215549364fb299afa2ec9d4,support-II
d302e976c9dd527a9521a88c012437c5,surface
af127bae098c67189d4b76ad415b9acb,surpass-I
3a04bc1660523d3e0b75a7bb4e07f716,surpass-II
feb789b85f47c1182e6c547af98749a7,surplus
79e471a86d5817384e6818244203a728,surround-I
8867d7ae7ec8b5cadc9092da557a8cc0,surround-II
a854c0e52b141a1bb01fd2ea76fbd36a,surround
373801fc015468a9105aaca567a23f27,surrounding
497927fb538c4a1572d3b3a98313cab1,suspend
8dcf48dddb1792c01004b589ec39bb7f,swallow-I
f256144c03a72739386f421240eccc74,swallow-II
5d47a77d32202c58837f269a0d1c60c7,swamp
b3ea09cf2f610b04e3f896b61dad3229,swollen
842feb1b8f03711a82082ea6a43b528a,take-I
314438af78feb1ca424100af899bb49a,take-II
27f31b5261a17378f5e665f7cbe4e910,take care
9ddc6da589d58e203bed9d05473d3e5c,take oath
8dbb6ef3e2bd9a9157077c4478316323,talk to-I
f35f27c5c9c9c3192eaf8f44d4332d0a,talk to-II
6649b29cd84d6534e0073daefc00709f,tall-I
da50412bf130e2921cb9c4118a804d61,tall-II
8d05346598cd730d88308156cac41e6d,tally
bb0e2a0c6f3f595343f9d5500058a037,tangle-I
3fa8a82d236c8b8c544e7d3062fcee6b,tangle-II
3886bc9c9655241c5737d45eec5447bb,taro
eb0c28768b1cfe1c105a8c7a2484dd57,tasty
6d60b5b90711ac3669744f550314d52d,take out
7dc7ae1326ecae10ed1ceaaefab335e4,temple (of head)
141cf2478c40bf4ab45be7af881e0b51,tend-I
595185ad8d95c756f137250cf5d43cba,tend-II
0a538a0ca54a9f51fc1334040fb89d64,tender
2836a2aee05e565cedf2ae0053da6ffe,tendon
098f6bcd4621d373cade4e832627b4f6,test
d18a8ac759e78345df741817696a402d,thirst
e4623634debbbe50d00b41a12baa7fbd,thread (clf.)
82e9dd1f989d339f09c629d0abd942d4,thresh
65175e1158ef3ca36821af102293fc88,throat (outside)
017893acb12a05a9be3ac191555edfb1,throb
1cb60fd54ebe03bbb2d9029f6192641b,throttle
f119b33bea80fa87f2d976c5ab156258,throw-I
b9e2b11d585f8a81a2b151508498a259,throw-II
651e5d9f157cfd512a6012184a0dfe61,tickle-I
843766ea506623f8bac64ca1cc56db26,tickle-II
7c15d32697506cad5f899a70e368b047,tie-I
8df867d36cb94cb32491f4b779745f70,tie-II
28188e71c22c0791535180fda97a8407,tie (around)
0bb8b657d6011fe950f3d5c355774d95,tie (knot)
63d15ef0387ee37918a175e4fdd818df,tighten
47f75cdc64f3ef39320357c3625d95a5,time (ancient)
c3429b51ece9887bcd457d295212e18d,times (clf.)
6a2139364f96787c8ce1bbb0070b898c,tip
32a608742dacaa68b018f6a75c63ac54,tip up-I
560640d47d947226890c49c485b9e29c,tip up-II
07aba737909e023d5ab153f2eccddedc,toadstool
8ab41d86d5d2d95ddda75f74330bfa30,tolerate
bc804441ca2c21cf5d25ebfadbf71cb2,tomb
b403d3f0efbf4cb850d2d543758cb57c,too
b28354b543375bfa94dabaeda722927f,top
29e734d281723e23f3c5d9ede8b6b741,torn-I
37bbcedaf78fca2f07d21becfe09d043,torn-II
102ec827703eeb509f12a2a0eb5b4e2d,torture
d8f0326d20649fb82b1e044c25ca8b90,toss-I
6ed6cd2cc8bff78556a209922ffd1fc2,toss-II
5ac3c68b21f20271c91063ea1fac8f07,touch (with hand)
96f5c06fee4b02dd690d1f41687a31e2,tough
94a223decbd8cae91c432ca80c2be1f7,trait
31ac34053caafaaf766d41e4929c7fd9,transcend-I
e6abd551aef6bd5b116a95e88ed288ea,transcend-II
082d49a1640dc9cebe7c4b7a3949ca11,translate-I
b79aa40c60a42a3e84066b9e8856700c,translate-II
5e96bf62b9b2c18fdb65564b4a18fd1f,transparent
afc1f63eabd78938b77ec458bc8d3d16,transplant-I
94ce736911080b01af674050ccbe1ce1,transplant-II
ddcce96fcdd8f6ac6f583f7dd38a2ce1,transverse
6a36b7d17ce233d69576f983b155d06f,trap-I
171b5ec70e203e8fa8fe89b09a5542a4,trap-II
23ec22224817da1036f3dcefc5f9467f,trap (falling log)
0dccf7dc3a3e5d67a8fb3fdf0aa8cfb4,travel-I
7d834e233910737943c737ead942f6ca,travel-II
69266c67e75c946ef9b4144b0554326d,travel
75b2ade1102b7e4d92d03408ec074da5,tray
a0c5af2df3f57287413bcc310c6216ac,tread on
b19e6794c378ed01310786202c0b11c9,tread out
aac22dc1bd4ba9aa4388ddd69e2a7dc4,trivet
8d0411b338c83cd8cd8ad9d9db127101,trunk
129c1970e02a7e529d662013fadab51e,trunk (elephant)
69e95d6f7f4f362eb7e045528af0ab94,trust-I
9eadb3b814dfd7c64b5081fe457f6f26,trust-II
f607f2a5c3a82ce4f8dab4ae574486af,try out
195c6de0edcce358e53ce831da09bdab,tuck in-I
4295dbdad58892481a10bf8af003d035,tuck in-II
f5f2c25ae9d1bd4a312b8621c120f20d,turn awry-I
69a81a80de057c3814d97f3dac09b3c1,turn awry-II
d37401d8900a9d909c3112a1830476ca,turn inside out
238e2e944dbbf1ba43d18872d7f041e6,turn upside down-I
94847b09baf875e7b861d223fc99894a,turn upside down-II
c0e87ae5fbcd5a558457a0ae3903a170,twain
f8a6d9182acfae3133fd1f1153f67707,twin
4ee770412c0851827457d53a77ce1eeb,uncle (father’s sister’s husband)
092fe87ed5022c8d381615b12be6e96f,undamaged
ee9fa3451c308b8a2853b393b1fe3ae3,undercut
1ffbc1e6ea0c594790731f2433af4bef,underneath
2dce8f543e8c072775c2743c7b9854cc,undo
80638cf0066771615d9ae60aca8c56a2,unharmed
a5531d72c6cd398582c1d5e748c06771,unloose (v.i.)
24f2198b1352a0795da3491fe07f929d,unloose (v.t.)
50592e0c13b823dd6a44fd0af2b4c33a,unobstructed
b682f00179ecd9ee319f8524d32ce669,unripe
6bd0973b839011309456cb8fc8023dce,unusual
f78ac5630851340d295a19c461e1399d,uproot-I
dfaecd0c702a0aef6590715271ede5ca,uproot-II
e3f62b0aa58c6f1488f70e8365872a37,upside down
14ca9492b5cbdc5a7aefc493e47c8b6a,urge-I
2d8b785097b7696e4b84b9e0dee4247e,urge-II
4682c5ad85cb819f514d8eb54375e22f,urinate-I
cdd6e9f8e5e17cd7939144d58b9f8402,urinate-II
262db88771af8237c40e349934213416,urinate (uncontrollably)
d63b6b5864096639f8f936afc4975b6d,used to
57fd5861b6bc64c77ea6986bcd086348,utensil
873404d9979c4f6d6ecf06ea6d63c904,vacant
9617aef4427f40deea8d811371f75dc6,vale
00afd5fc58239813aad7829aabe75b04,vanish
d9c3eb2b2d8adb22ca61e6d285f0bd8f,vapor
da7ffff1c4b35bdfea55e5ecf61ff3d8,vaporize
5a76e813d6a0a40548b91acc11557bd2,vehicle
aa67398cdf2370c09642183deb627cee,vein
030b4dfd265c7eda2d06eb491e6919d7,vertical-I
30d6e2835202178a5d6604650ec0372f,vertical-II
5e47949e1cdac2a468723a159d1923d2,vessel
0f12c3d1e8de40dadef6dd1a69a48dff,vicinity
f6743339bd7a7afd4b990c7ac0d2d003,vie
46cf0e59759c9b7f1112ca4b174343ef,visible
9de70f6546b2452f6e7b98b46ac36070,visit
73a71593a90e2e7a1f528e6246110fca,visit-I
23790bb7556689c1fbe8aaf188718409,visit-II
127870930d65c57ee65fcc47f2170d38,visitor
cab8111fd0b710a336c898e539090e34,void
1b36a396c06bbcecdd2740c9716bb331,vow
7b9fd1a5e5cdde54016b78b1925da40d,wade
5f015acd7ad7c0c1e64475a5a462dc45,wages
38bf1cb84a4d0a9c253cce9712503fb0,wail
0d25a7bacd4f899ed5a5e7c1b4243224,wait-I
4fab2752249b2d72cd8847a2f0be24d7,wait-II
4b560304afeda158b5c62b8e632f3397,wale (have)
046a2e1a0d2a7016e1cb0a53827933ed,walk on
7bc3e3f338b0dea7d199a2336f20c20c,wall-plate
777b2656b3b57f5e2d2036298dc7752b,wallow
2ec28bba8f0296774d70d6e86fd6911c,wallow-I
68b9b122cd1fd2d0ca7997ffbf0e2f11,wallow-II
95f58df0cb93ef61dcb0286e54fd3002,wander-I
376c6c3eae56b9893ef81513b137a993,wander-II
13fa12a969227c06e509e6e8abe5eca0,wander
96f303a127451b47c693499d271871d4,wasp
cb15e32f389b7af9b285a63ca1044651,waste
ed1938fa098366b692ba3c2534e0ee56,wasted
15c97da5224398be60186d143ef494d1,watch-I
e052340ba1c407e2f6bf292defa962da,watch-II
d93d00057fa785545569ff95c947a9ef,wave (v.)
c83b72dd001482ce10f0b106c7a0ed0e,way
ae6ff73ecf9933bcf12a6edcbc8b1ed8,"weak (liquor, tobacco, tea)"
c4597d922a5a42ee1a4e020a42ed0133,wealth
3b833a093a1c98fd12bdf2e0581faf6a,wealthy-I
34c22472d5781ee8be49082bff8c7422,wealthy-II
4fad419ce018f72ebf45eb2cc1346843,wear (around body)
cca999490ea87105ca045870a4686460,wear (lower garments)-I
15353845c70136fa116271d87e63a927,wear (lower garments)-II
7ad86fe1548821b5f6f668a9036e9742,wear (necklace)-I
fdfaf7fdbf0fdbf87ec000fd53276661,wear (necklace)-II
b71bf065b640217dad602f86ac047722,weary
4dbac73558bfe8d3fddcf27427dcbc93,weave-I
8de367900486a49a916f9fa7a538f58c,weave-II
95fdb165eb33d82e0e9b5e90cc439942,weeds
e844a24ec2e53cd253059e8306fb9ef0,weep-I
0a59d97059f68875023430abffea8f90,weep-II
45edaad02e7a009ce6f18730dfeed9ca,welcome-I
3831cc275962cb2c5c7764b48e71788d,welcome-II
d14f4ad41a2bc2aa0026bf184cedfd38,well (n.)
f712124b9e3432a4a8c81bc404120163,well-cooked
901889f4f34f8ca18ac2f53d1fed346e,while
35498c85bb427fc22a17902e89b5b770,white-I
995dc059bd71db5a6fefd30fe4ff9608,white-II
a3fca040e81129c268c576f4f0b089bc,white (skin color)
eaae26a6fb20ed3ef54fb23bfa0b1fcc,width
7d8836fcd8aa6efa78219f27c7475c13,wild-I
febe1c3f297d32ce16f1f7bb70a824cc,wild-II
d69f8d623710b97cb9315b46c963d1c2,wild apple
c00c8f102211d610f7d05ab0bd385c09,wild canine
e966fa8dba38636deeaff61b0a8cdf2d,wildcat
3e6141409efd871b4a87deacfbf31c28,wilt
2dc9634713deb02202978ffa6b1dce83,win-I
a56c91b708a31cdc3695ceeb361139f2,win-II
7c5c9c55425d981845958a524429c564,wipe-I
a24ee2b7f78c2d0d0a3840c72629c8b0,wipe-II
2831e8032bbfbf4c1e38872fd04b7a68,wise-I
8b3bac303007279c18e4f44b0148da0c,wise-II
23a58bf9274bedb19375e527a0744fa9,with
449614e283f51a099e8bd7281d853b99,withdraw
70e75c11048c3eab4daad670be419a02,woman (divorced or widow)
696af1448e0ddb02888237be4520789b,woman (unmarried)
82aa462e69ce32ca22c5bd0b74bbc5bf,woo-I
8af984851b5a48b285cbccccccbd86f6,woo-II
27a18ca062a4121b180022c59e1c0d25,wool
c33b9ef56a1bd7a8e46677fc0a809730,worn out-I
c00417b0faa402b87168844cc2f508bd,worn out-II
0d2e9d275bea68925a9da5b01e29b570,worship-I
d0210c38517ffaa63ece8eb2f94c3aa2,worship-II
f3965f8846e37e152d8cd79bba70891a,worthy
bddc531331b1794fe1c6497b39b7de38,wring
1eb3f956d537944c9bf12a4049e201f6,wry-I
a2a31ae2fc45ceb59f4734f6bda1b88a,wry-II
9a09d699453ffd318a7c504482d5418e,yard
b806fd3c4faf916cfb7af8f4f33ae0d3,young (n.)
36f9dba905c16b3dd5fad485951f0a57,abscess  /  ulcer  /  open wound
5b48512bebb0f328d2fa5e837d31d75f,adam's apple  /  larynx
1019ad67b5d6b16454a9e1d7cbccbddb,alae nasi (nose flaps)
3a71b52a5844979dda1135b5e135f36e,alive  /  be living
fb9192aa0e0f5983975dad064d251e8c,amniotic sac  /  bag of waters
67cd683afa9538ede92eca14cba01fdb,anus  /  rectum
c0cb76c26c07e1a5452ae622fa038286,appendix
d6194c68fcc7e79bb57401be603cb1cc,arch
79124ab059add784e3e8a900a9276a21,arm muscles  /  biceps
2ead1af70dbb472ca6288fc5b905e589,awake  /  be awake
6ce55ac76e66422b1734322a7e90fc4e,baby tooth
d47221f4a01c0fe718b591fd23791247,be numb  /   be paralyzed
2525e7b6d3c2a7af5350b9db52c2f7bf,be sick  /  be ill  /  hurt
f87c0021726459063c252bc405ed0007,beak  /  bill (of bird)
a816c8840014ee21f14e33d53b199b9f,belly  /  abdomen (external bulge)
28df6d614264d4974b81e4c6189091d0,blood vessel  /  vein  /  artery
0f75dc7283a1f5a5ef2cbee912a271c0,blow nose (v.)
715a3af54d5454285631c63ea623a112,brain (=  9.1  )
c5deeac5adc5ebdf21e8b8158c789125,brain (= 2.5  )
64e25e6c829a5e3979ce4065c247fd34,breastbone  /  sternum
b45d1a13b744cb072e1790543aa4803d,burp  /  belch
13a6513abbeb944aab010caf0c5b1f2d,carcass  /  dead animal
eabdbe24e22d2ede1c1a68ed16bf18bb,caul (membrane on newborn head)
6550ad3a57886e409b66b26d55eae94e,cheekbone  /  malar bone
f9c07fe1d19d614a1d1eb7b557ac7690,clear throat
38480f9b88277bdd11ca405dac509db5,clitoris
fe209f914e702921f8c34b182a8ea752,collar bone / clavicle
77ced1ab58bf96804600fe345333bd2d,copulate (v.)  /  have intercourse
cf72cc847161e6d66c5b751316935d5a,cord  /  fathom (outstretched arms)
48b1e5924f2d687e89991a7477ff4414,corpse  /  dead body
26b4bf427bd9c7c20d72aa96a65a091f,cowlick (flexure in hair)
4d1dd0944a49c3dc5a6920250ce0afa1,crippled  /  lame
6807ecc31d9591d50ebe6576022c10d9,cry  /  weep (v.)
4f528fe6c36c529343c62cd3eb27dffd,cubit (elbow to fingers)
ce33b883eda6cc81e7ff50cf5151d7ab,cyst
c201d9fe18dc487b8558aba15f6463d1,die  /  be dead
d5bc9de2ab1ce0adc30434d4695b70b8,esophagus
0bc1681cc6632e4e2f3df86349583168,eyetooth  /  canine tooth  /  fang
fbb6c75c4815c852eea554883a1f3177,fat around intestines  /  omentum
48ceb1fafcf00e4afc449a2005c1fcad,feces  /  shit
33ba29100b493aa8edc365a871628210,flesh  /  meat
45ea699c0c1be31d0ba7138f217ab8d3,forearm  /  lower arm
5a9bd8c202d0067614276a74e673a9e0,forehead  /  brow
f7877c4437ee72af060035f72d380ea3,fourth toe
35f862ced65948ee5b1986097164652e,full  /  be satiated
b3cfa3aeabeffeb69cbd3ab04efa4ee1,gape  /  open mouth (v.)
7fdff8e64db71ee0e8d778e62df0c2be,genitalia  /  pudenda (general)
36a6212e39e10a22901dcd2f134cdc89,gizzard  /  crop of bird
6acf40212455ec83b0708f973903c0a6,glans  /  head of penis
bf2d3c5327972e13fa6880cd9e2cd702,groin  /  loins (i.e. hips to thighs)
44eccf308f778729c3a9a46858b41907,hair of head (=  2.7  )
f378d5762f8957aa3ad454418747dc01,hair of head (=  8.1.1)
b403e257d8d5604ba8a93730c9dbc4a3,hand span
70ad700888b64c5dd1bc1b8220083fc5,heart  /  locus of emotions
aa93e6596e17e18124c24f1501cc3160,heart  /  locus of personality
730ef81286bacba7c38b8ff83fe7cc74,hide  /  leather (dried animal skin)
ecaac33e8bfced4568ef6e9fd15689f0,incisor
50cf81cddcdefedce553079b65392ab5,index finger
434c246e06e00efa71aab81f2fc69eb7,inner ear
b570130ff6b5ddca8034b1ac1847d15b,inner elbow  /  crook of elbow
d4deb9fe4d03921b99e7648febf6f36d,instep
c8b700a7e3d002ebe042c59fb4d66d8b,intestines  /  bowels
f75c9af2f9523fcaa0c029651ffe814b,iris
291fed104255e72dac960dacc37d32f8,itch (v.)  /  be itchy
8312508b2d99893ed0953635ca704991,knee cap  /  patella
c42d7366e5c1b2730b97063d0bd9844c,knee hollow  /  popliteal region
3a5c9f667568a07a36b0e6bdc378d5b6,lap
5bff2d446a86b3970f6ba5e282b42d21,left fingertip to right fingertip
8cb359874ac736b0caec4bdd786d11cc,limbs  /  arms and legs
149ab71c25e4f647f4bfc99c1d1cd241,liquid mucus
d535a288a923e6c91578ec890afb3e22,little toe
ba73136ffff5d8e789cea394e724fe13,lower jaw  /  mandible
fad1732abd6d51dd179cc4326e26ec95,"mane (of horse, lion)"
fd725b37781a4f3a14f290cd642eb976,marrow ( = 9.1.2)
3d17abd59781f00ae8b189692b23abea,marrow (= 8.4.3 )
9ceee6c02df710757f61fffe11b2c604,meconium  /  baby shit
7874e41d69964e8e1a1f57c7c217aaae,menstrual blood
57693cdbec6a54762b60f5cd23f65366,menstruate (v.)
ecdd3d53b74274654862f789f9ee26ff,middle finger
a8f740e8ead0a670ca2feec5e1143428,middle toe
c2d1eef08e11ed6ef45394a214785a1c,mind  /  locus of thought
f66a0e0a214400cd5a7bd3422cd49e86,mute  /  dumb
c73357be7abc1f8406c3fa31507a9542,nape of neck
988f1abade3426b52d571ed1b25dc4a6,nose to fingertip
cf4a14da8fd6cf18c1def1304f744b42,nurse  /  suckle (v.)
c938a86d458c655ef675c51bfa9550b7,oil  /  grease (for cooking)
bcf77b73c5cfd28f0d1a1dd9a48b54e9,outer ear
5673302f114b12986b127d8ae689f6a2,paw (of animal)
311d5f1ddc58a57b9329bce49d70db44,paw (of mammal)
29148632099fa6b9075b51b8d900c068,pelvic girdle / pelvic bone
7905f0559602f680efa4f224d1b5a486,placenta  /  afterbirth
a99ab3ef6ee179769490b96fab767829,pore
02a8dc4cf01fed584c6423f577c0b0d7,pulse
84b7416ca865741d7e85f645b9032ce2,pupil
4c9c0155bcd778be5171162756bbe11e,ring finger
368b69c713f85cbcd70a74bcb7ee03b5,second toe
8c0831983d8b98c94a8cef9e6d185b05,see  /  look (v.)
de1ee8ab96a49b73484e60306f15399e,semen  /  sperm
c2009889c8635baeb0bae667100cac64,shin bone  /  tibia
277c2fc309f6580a00f66374e8266ab3,shoulder blade  /  scapula
2ecef356de5647ba6af88d1cddfab3b8,shrug shoulders (v.)
f22252a3c1ca31fdeff70f9a48140a89,sleep  /   be asleep
2691fb09bc75abd615dbd951397b76be,smell  /  sniff (v.)
49e271d57e599a0273e7b47434c6717a,"snout (of pig, etc.)"
88be19da8d1a08b5b85c5e65b54d0621,soft palate
eaf66783dd196045e42c560d35a40720,solid mucus
4d9c7b6f8a22b13ce1b15eba76455061,speak (v.)
8781f844af88dd62157cac3a30d8e877,spinal cord ( =  9.1.1 )
9e9e6aeb694262cab6f46ea243973246,spinal cord (= 5.5.5 )
7ffd6810db66bbca555ee5d1972bc7fd,spine  /  backbone
5198bc68ab173229d8e4e133f31dda29,stutter  /  stammer
c1056e2d3cb2d5e26211c90bfd191d77,suck (v.)
dbd5017dd79d01b867d784067d8ab991,sweat  /  perspiration
bf80c2f37eeb94ba4da78b1c0e5bdbbb,swollen lymph nodes (in neck)
52596a2b6578df8ce462f20a15cd237c,swollen spleen (illness)
0a0faeb4c59205eb18fb7dc8f7bccb7d,tailbone  /  coccyx
39c408b94cbdb024dfcc686fc321f9ed,thigh bone  /  femur
ed670f69d1f18bc148dc2db647491a02,throat  /  gullet  /  pharynx
982e3722a5763594586f0ced8f9a7fbb,to swell  /   be swollen
e013d31520a77eaab25d4effe33f49f7,top of head  /  crown  /  pate
df8ed7de77708fac2a4dbbd36d138e95,torso  /  trunk
bfb73f2eb4d171bdcfaaa274e2b7f1e3,tremble  /  shiver  /  shudder
7e9333030c35e900843471c16932b3cf,"tusk (of elephant, boar)"
3f0565fb73b9e2212d7725a1f16f4108,underarm  /  armpit
ae39e90023ae36689e5863cc81f81e17,upper jaw  /  maxilla
f6575df6ec5b0fa4b0b063da6dc39cca,urinate (v.)
0c92f4cd1c5a550194c0490e5be1fa33,uterus  /  womb
9cd5137476d6407f72e190bd9851e362,vomit (n.)
836b43bf69670d228234e614fcb31054,vulva  /  labia
a1b9e7f155bf1e914dbb1f0821bba6cf,windpipe  /  trachea
3c9447e3247bb6d9aa3d88ae807ecd18,beetle
968cc269712b5339b08607bc272537b0,betel (leaf)
139a0ae9334d8665fc9b26e27122fd8d,betel (nut)
dc2001a4ad7d2697310d169226aec427,"basket (back, womanʼs)"
6a78759d03ab0c9beab0e29332c68fa0,heddle
b1acd4a4b4815edbc6947b69c641c25f,jewsharp
cdb1eabfcd3b17def4f3a9e9c16db72f,jobs tears (coix)
5bfca1d17f5e99884f61d58110c276cc,spindle (cotton)
44c6d71bd47dee321f8a715f06dcbd7c,sugar-cane
088b3ae965bcfc4452595f9663da7b8b,sword (weaving)
fbe85d0a2cd63030098dec9f4521873c,they two
937bec8dc1d70fec18bfd6f91b4ecf0d,wash (pots)
b825b1334f244e9134d1bfd698432946,we two
16bd6fcf5be0799ad07b10545652984e,you two
8588179d2a55580c80c1622c885e2941,Bachelor's dormitory
23be57ebecbefd97253f6a2ef9abf53c,Burma
659e59f062c75f81259d22786d6c44aa,February
86f5978d9b80124f509bdb71786e929e,January
7e823b37564da492ca1629b4732289a8,November
96dbd0384be46fe8adc8b8d5d528c897,abscond
8d7d26abfbddb85c0cde90a635b800aa,abstain
e268443e43d93dab7ebef303bbe9642f,account
17c6eb9052be7eb8db499fad6dfe13f5,acrobatics
316c9c3ed45a83ee318b1f859d9b8b79,act
3333c68f2910d11d85c10a82dc6c0989,adore
76754351a4bbb51a05a045c8a533d50d,adulterate
29c7b2634d15aa7e821e48168938fb05,adultery
7cb4872d414053539d11f7c1270eafdc,adventure
75631f399043213a36602cc670faef71,afternoon
18a4c02e748501d01b253716a8072dbe,aggression
10f6de33c8e192e70efc1ca7bd43651f,agitation
5ba3205251522e793017b3af03c607ce,agreement
06101a1f1c82241624739dfdd50f7ecd,alms
ff70cae599d18b862386f392d2983db6,altar
a2590bc135476e8d2a1723bb54232edf,ambush
8091166563f60f8d35c629e5cf0bfef8,amusement
9d0702e9cfd28295e490b9379163f395,anger
82694a611c597eb2fc81c0afcbcf7da9,annoy
d3af37c0435a233662c1e99dbff0664d,anxiety
75acba3ca8d0a3ef82f846677d1c997f,apple (native)
0d4144ffc7e8e66a72800ea2b4101fd0,arrival
b39f97a18c94055b3cdaca32d7d9c390,astray
ff4106579b7e70b6cdba5d1f7bdd5e80,asunder
afb175e63dfc6aacbbd5bfe1dca14fd7,asylum
44290cefe42924d04a92d99428a95f27,attachment
6927a3a7218a3195858411433ec20a21,average
27d34b40d7adafe2e00c3503543e0ca9,babble
2069ca795d8e10a6f9a92dd57d01af10,balance
09e8fcd5de5cdf15d45c7cb7b55a2c48,baldness
417e4705aee1415f8583243b8c403af3,balls
a4b7a7471969b2a21c393d658b735c02,bare foot
4133c51c7a55a9d1d3bf5e5bfb31af0f,barrel
85436a669d7f63a8a6ffc93e8e983e56,barrel (of the gun)
d7c95dd61cc3588432f3b3eef94101e9,basis
9498ae8a9b7596a45d92e739be9b21cf,bat (bird)
8c5c7284740a567ad79d98b29861a02c,bazaar
b878bc127cdb631d4fea3580fccceaa0,beast
bd273e238dc03056fff93c0e1e8de576,beauty
bbe991a1b594ed7d73b4a0f43c407745,bet
05125d4326a7dfcb3ddc97e5cb694775,betel-leaf
4a8c8c5c04ec5f206589cda9093c46ac,betroth
443e3cf9f3c42c81836aba569d2c101b,big spade
2c066a2146523d85b740cc849f673971,blade
5629500575ffe706d9d57fca5472153e,bleach
9d5d19f49e315e84adad460d9b9aad3d,blotting paper
2bbbc09c29efa9bebd8718aa6f9d7bae,blouse
a6fe881cecd3fb7660083aea35cce430,bolt
3a385ac07dcec4dde1a4ca47a9802c96,bottle
ccfc2c1954d18f9ace09f9c5817dd7bb,branch (of a tree)
7ceffe3b5595422ac85bb6054d6d38f9,brick
8604df4927436bb8223964f96d06bba5,butcher
3617c0cffb8f9bcb15405a7230d79775,cacophony
9f1f78a320748365cb6994db2bc970bb,cage
01e1efdaae684115547b49585f63096c,calf (of the leg)
4eefe67b41bd8588b1f428f812879204,cannonball
4623a63aa0029c7813af7c61f819cb52,careful
1e2c3c102badfc6bb4cb514e26fcdeec,carry (on hand)
aa74ec6c5dc5406f24e159d402b2f407,catapult
560220fc3242a805f094edce47f35702,cause
3c020bbd126c2610ab1e2c596e75fdc1,celebrate
bf16f27e9fb6eca31fad34fef1ecf2fc,chickenpox
4ed5d2eaed1a1fadcc41ad1d58ed603e,city
9e94e929e22a6c121307febc79ea549c,cliff
763b8741d9f1a6fb4e0b72865d993f33,coconut
82692ae868d31620a188c0e5de40da44,coldness
0e93e0e69178d59d57965c8df0187b8d,comb (hair)
116e479037c968a7c6490efe4ad80861,come after
4b525fc7a9098015d955968c92947e80,comet
c52da0ba40cb16a01ffb0c0c96b4c606,consoling
16ae6bbf68e6a10ae4e274e248521176,contemptible
b85036312b2085af77bfe3334ce56fdf,costly
97223fab7b0d4c64c07e6e004c602302,cot
2c2bf4588dcd1ba4c4fded5ddab543f4,courtyard
55c07f5e39658f80f03800fa4db11961,cripple
b43bd2c4b270f84657a5cc7b9427e9a9,cruel person
a024327a5080facf801a459e244e9db8,cunning
bea79186fd7af2da67e59b4b15df5a26,daily
b136ee6c797c1a851260b9c1ab5ff414,danger
f58e6a506c76fc2c90a7d29cbc631c2f,dead
2d7bea20b5334c771bb3ecc4030d386b,deceit
66fb337c5c81583ea97050ee29e2ec42,decide (in mind)
559b5dfbf800a7c6f5acaad50189c13e,dedicate
a12b1ad5e9a955642b8894466ad1af7d,defeat
302109d01bd6ec86b692560b314d4658,defence
73612947fc2d98c40d298c424c9f1907,delight
b6b08d6bcc8412aab95f5513e738182e,destiny
296ccece3e9d4949a538964510e58d21,detect
c7cec21358fc4d600d97686d3f457f74,dhoti (women's)
7caa701b2bd5a182b80c72b9bdf88e2d,direct
279e2fdbd545cb79714dcae6928149a6,distillation
ea768d7c881dc9ca577f74114303a7f7,divorce
74d941c16fab8e441b71647f5ca009f6,domestic pigeon
08e5fe3eeb9102788c07f894b5744426,double talk
7fc8baba8e7696d6c3b286f738245592,dragonfly
f10fc8f6fc19f980f49935a47b7053f9,drill / dance
95899c10da3bb02e53e499283ad15e9a,dwarf
bc5a1aba6e9342a18eb8e87587651a9a,earache
428d77142b51b8cb64e4107341c87eaa,earlobe
0959a8b663be96468a1c5c1d456243a2,economy
2e36504200ab089b44788ebe370da5ee,elimination
ff767843ccfbad2945f4dc03f9ca58d6,elope
7f8ef5e749e1a38bd5a00f7fc8e6c0a1,elopement
f860e26602c2e3ff77817c77dbe5cec7,emperor
7c94d7691c00f86ecda30a053e28336e,enmity
9e29c075ccc81e5c14ccbcb39ef9e91c,epidemic
bf57c906fa7d2bb66d07372e41585d96,excel
843998f26d20d75924214d3b9c9d20d6,exhaust
b8b6100de32fd69ef1d75fac311c7599,explain / clarify
165a0f066d38f4c4255392a430e67b54,eye (open)
a363ebe671ac7ccdd38530858daa2611,eyesore
8b56e85a16557c138477aeae5ab69fa9,father's brother
8f09da8a15e5164837025532e0bb298f,firmness
05f7597d104e94fc616f61f495df6d05,first measure
33970953c3b10cd270648bc2b8faf81d,flattery
20c0b064bd4078497df9da4680a7d105,fold (in one's arms)
357a9352820d731e9b209eefe47c0e71,foot measure
e552b568ec77afe85be8e8912731225b,forenoon
7b82a31a3b6beeb12a5dd434b6ad99a9,fortress
c8d46d341bea4fd5bff866a65ff8aea9,game
ac2a1b63d6be38f3974c8c5b291a25c5,garland
e5567e54a65f566fd6b87cc57f5f0524,get lost (in the jungle)
a0ec3b461abf4bc16ad615481260140e,gift
158ee90f12f717dcbf3ad71e0f41cdb3,go away
8ce0079c48c75ea79478dd4f32f59d80,governed
b781cbb29054db12f88f08c6e161c199,grape
09617f816c4bb3ac285a4da6e016574b,greedy
77643606cdc622e585b126d7a0fc68af,handkerchief
b62ddf5022a23734d4927324ba8eb3b8,handshake
695e06655143c0d6c31e47e356558132,happiness
751513c53c793f1cec8f07e6ae966d34,he / she / it
1a8a004612fbc71b1c841c83b4d009cd,health breakdown
ff66195a7ea85f3d57be95ea4de6797d,hide (oneself)
685a3f3aa2bdc837ff57bc9254a0c443,hide (onself)
545e59085f7d32e289c9309e8dba86aa,hide-and-seek
18c9e40bef8b4d1bbb113b957edc0465,hill / jungle
b83282589030979b2b20d6e3ddd4b90f,hotness (of taste)
e105e7a84ec9f12b5a303d145a5a9cba,hunger
80ce0d2b3ee112706866a84d308210e2,hymn
d002c008fbc4aed255e6f5f273edfec7,hymn / song
2c5b9c6195d4bc2fc0ace4b41b1745d5,injection
ec8c1bf3c5ce9f2ec5cf8bdc3bf024d9,insect (kind of)
a16c39640e5f5ded0b400c8eb1835f21,insist
6123800d7d3f8b904c13913ed8aaef77,insult
6f5e6ae15296c52c0254f8346424464a,intellect
7680edae4d6618e8fe00990c9f628966,interest
ed122e9da85a73cbb4a2046e39cb0275,interpret
7341db8eb3e39bdb87a19a069106223c,invitation
501b026af46fbded6aaeeb8867129f73,iron rod
39d3202ec495577fd03ee14c24767dd9,irregular
9345b4e983973212313e4c809b94f75d,justice
e799fc9e99a0a86a30ce0d6367223fd8,keep / retain
a242f77f23a1d08b4814c8dbce031d58,kind of drum
bb45b031a3d786d78e19408882d1b33f,kinship
b2a79277bc2c4f62f16f98b71ffe2532,kneeling
a1800b071fb1993532b93ca0d303a355,labourer
b549d94a00aa3773ba626de9fce0707c,lame (one side only)
9e87ffce6fc80e84029d401822c71013,lantern
2bef07b29d7c45f3d0d57aa0eaeb11b3,lapse
42f3c93a0b1ca287d5456f3fc3200366,latch
f0cabf4a618c10c67b2611e2e0c2194a,leaven bread
968320e14db0e75f6d3a3405644cf8e8,less thinking / less conscious
803946a49d32d08052ec031fddaccc90,leukoderma
c7aca731506e52a11cdefc0b01f36da0,licking
09d656b971eebd1db43644afd4482eb6,lily flower
4061838f4395ef541fb1b3f07e42bc21,march
772b76917b47b88838f3c947de6d917a,marriage
f2ce11ebf110993621bedd8e747d7b1b,mask
fd1b1aaa073bde801a551157fecc7dd4,massage
fe397cae3297b1e650911971d2985aee,merit
a1ce8e1c43bc97259557379589e051af,merry
918b81db5e91d031548b963c93845e5b,mine
fbe322a89bc0ba531c3f0050e3935f28,mirror
e6357f10e24646392e615a3335589213,mischief
673d4f049f0db3d188488f447477968a,moment
166bae34f54771dec7c41ac6f6c18aaa,mosquito net
848cd27cd1aa920f10fa05b45f909a1c,mould
e774bbd03f2bd1d48cabdd8e5f2d17d2,mourning (by side of corpse)
004626d4c75387dbf8f5e1a35c491a95,mucus (in the nose)
0fbe41b549bb236aabadebd7924379fd,multiply
d793446f638bac3044c6843583ea2e20,muscle (in the back)
5ac77598a06b5387a4acb8b18af1d607,nightingale
2718068defba42a4a3de06abd120af8a,not straight
269b42acb3a371b818d716e017509c10,nude
6afc16e4d47b14fa1a0834cdf66001c8,opium
2eb6869481471d70541e1497663e0aea,oven
4db9a3df3ba65097b0324173c90016b8,palm measure
d05332da9294920b4cc9f31595b58e7f,partly
074b62fb6c21b84e6b5846e6bb001f67,passion
80cfd9fa48a7ebb9257a6fe83d25884e,patch (cloth)
b39024efbc6de61976f585c8421c6bba,patient
89892465c3992f2a593905af8b79f64f,petal
27cf1e36682fb645e2f4943bbe54f7be,pick
72054e6be99054c63f27d513a0c27e9c,play (musical instrument)
78ee54aa8f813885fe2fe20d232518b9,point
b0ac271cd511270d6b013244ded1311c,police station
937ee4af1a7a08949afa0ac110229fce,potter
7b59538c869a61dc6cee0ab8e61c3085,preach
0b0ce107c7422493ad94cc951c41a8c2,pricking pain
4860d4da851a10cc51305f62829115c7,pride
8cb554127837a4002338c10a299289fb,profit
d21bfb3a7c133314dbf5c53e5475a542,publicity
5b10f55e90078cfcc8caea837a0ab2d9,pumpkin (tasty)
1ac25015a6beb18ad23368af6a71d12b,put (in a place)
0cf8f03ff4c9094ad92434f15d00569f,put in a place
2d8aa42a0347c2d66cc86a0138dc9664,puzzle
5ae271c6430743776efb2c000ca4ace1,quiver
070dd72385b8b2b205db53237da57200,ray
b2fdab230a2c39f3595a947861863cb7,ready
ab14c8965952d8e86e81d474d6a2c784,relieve
f16cc584cec55f3f285086daaf0c2fdf,religion
09654489dcdc0e756b5799e3356eea97,represent
f2b4898ef404aeb56de40411efa913dd,resign
eafb5011f1c97ea2a704f14dda943d40,respiration
279dd2ff4023b5b9c664543d4721a42f,restrict
c2868173d237b7cfe04ff4ca8e37cafa,retire
59bb8d26234a23e29dfd101411735a75,rice (burnt)
032d0c8882d16f927547d4da82d6ed4f,rice (stale)
3a4334cc28867a4af805130ee22f428f,roast / broil
75101dcdfc88455bcafc9e53e0b06689,running
5df11e9759845b69a31b166e6465e433,satiated
d852021b959b4b95e95eb882307ad71d,satiating
6c80c44b78ef1bf9391edd7bae5cf08e,saucer
582e91701814ad2e925758d956d9ba20,save (for later)
599eba19aa93a929cb8589f148b8a6c4,screen
5ebe2294ecd0e0f08eab7690d2a6ee69,secret
d66444ab6a53a7656e7fab860302ab66,settle (in a palace)
1373296ce81e47f6289f89518b9da885,shawl
c9507f538a6e79c9bd6229981d6e05a3,shirt
aa463a0176a6c5cce7fe939779d75f19,shut (the mouth)
dfb9c2cfc15d2191255337d72957d0c0,sides (of the body)
e55de54f2fcc4c06dddab0f4523e809d,siege
31dbbb2e606444427bdb83af5aa2ab9b,sight
e0f9e2ff8bc0e8c818f28d22ea856aad,sign / symbol
ac201fd270c3b96beab24f2829780ab2,signature
10faae554c642e7607b1dd0cc8607703,similar
519add13fd074b6b85c1edabe2a06146,sit down
08b43519a7e36ee4c6c5615d1663bcfd,skip
8c319f28d81d1527a9428e9a5c2195f5,smart
b807023f87e63b8ada92f79f546ff9cc,so
2726d3df2198e1da9091ab94c99cf854,sober
2a2398bad3cd85987150bd7e844d8801,soil (night)
aab5ba51f2e99f944656f3c0a6f75337,sojourn
4f7511200642db3c9f326b4582868b93,spell (magic)
7dbf02f9a04cb9fe2d4a220d0e99d872,staircase
96b8c78de832e9d7afc9731fe6268a47,stamp
581e3f2aeb367cdbced47ff90623a3e2,stampede
0cbe90dc226612029c4148802517cf12,stamping (for cleaning)
f8c6a60ec2b0dfc55cd24966c36b2c36,step measure
ac30a7cfe585b109890ce9d8671c68a1,stepmother
6cb1031f1d7f46f895a478da9c0cfbf6,stickle
f8b4d0b6977ce27eb5d5de7412c1630a,stop measure
9f3629215f49d6689bb9372d870bf011,stunning
97f415c180230ce76bafa74bc058ef5f,subtract
e7fed1944be880f14a7335eac65e2cc2,succeed
260ca9dd8a4577fc00b7bd5810298076,success
70a5d255a4109da344424e6bc9bb40c0,suicide
88eb60614bb67782bd8c18afb4438329,sunset
f75717b1518dcba29430776587a757fa,suspicion
7ab65f5a24673e83f8e1d9fae5e154e5,swallow (food)
8d2df6d9cbec55aa8a9ee0992ef64a3a,swallow (liquid)
8a3bfe85ec23b267585388d984f3907c,sweeper
29193daa4a904cd3cc77854df2c59e6c,sweet potato
c4e0ba5422383082417c5f96ab121575,tablet
acf6b443c56e67e0dbd86323e8751121,tailor
3a1958aaa63f7e7300bfe7c9a66e6272,take down
b3c90e98b4789d3eb6d8bfc98baa34eb,tapeworm
2fe6963f8683607c017777a4a8031bd7,taste  (a sample)
64bfeec15128bc7afc1e5dcb4a6bf8f7,tea leaf
13b07e375d0b98d97efcffa2526d2eec,tender / young
7b65dcf020279efe8040bb20835ea938,tent
e748d06f438fb4ac03b13eac8bb7309b,throw (away)
9edd1a4189c2e1b98a461e1fa4fbddd5,till
e6df65f420b1fdcb2d51fdd53462afc6,to clasp (hold and press)
39ab32c5aeb56c9f5ae17f073ce31023,tool
95d547277b4f9dd89f4aecfc9efecba7,topic (discussed)
c60346dca558858abf74582f8e11d2e3,tortoise
04a75036e9d520bb983c5ed03b8d0182,trace
21e119daf697467b14b076f2d5819aec,trade
c185ddac8b5a8f5aa23c5b80bc12d214,training
6292fea48cc177b8bde77da7be2e3c51,treatment
58723627fcebc230ab0d53ddf5f16e34,trial
59d42c504c10b1f71478f52bf06c86da,truth
7ce1689483acd43d5bc46598b11bd139,tune
db20cd32cf7b64a4fdcef9bc4434e296,turban
a850c17cba5eb16b0d3d40a106333bd5,turn
26e632b9a1030f8f99cec3c40f317be9,unload (sidewards)
3b6377359fa75e487f3ac0bc647685bc,urge
5e8a2485fe1afd338ff571da7e846cd3,useful
472db52ee5135d67fca12c6736dac44d,vacancy
e35031efc5cf102eb14d71f301faa475,wait for
e9489c0622e358cf55eeaf34ea8a0cfa,we (inclusive)
7edabf994b76a00cbc60c95af337db8f,weight
c048379d526ef19cb7164f80c58e093e,whiteness (of clothes)
18218139eec55d83cf82679934e5cd75,will
3f206bd2d4fb8b6fbef3e79e1f6c3964,wine
027e02c8408e43e75b0913c5e604836e,wipe off
10cf1fdf6ad958eeffa9853f6885cec9,wonder
c7ed36dd8fdeeacd8f042c38ef75eb99,worry
38f221baa6693c90ba533fd1307b7887,yawning
5edce97dd59c1c763933719f0e6fc589,(go and) call
52d1e28a5180d7f2a2e05e4832bdd7d8,(in) the neighborhood of / near
c98e06a00f05511df3d6f2cfd610cb70,Burmese
a526ec0ca4494ceaa312f62d975fc7f4,Chin land
fe3c3234e897a150691b68c167eb0102,Chin people
4b1513bb267608e5989a7bf95a6e868a,Chin who wears his hair-knot at the back of the he
3ecfca814593034741a1a27030e3365d,Chin who wears his top-knot on the top of his head
c1d1c8339182dfbe0887913cec0fbf8d,I / my; we / our (exclusive)
098de428c61d92c02e1824a2a0f242ac,Mithun
c6a4efedf193453aaee126b68b934d2a,a bird species
c7cb1039f8b3583cf1b71341e97a33fb,a long time
cfb662ab097e949f4f225d6313a2f2ce,a very long time
b0bbb2218aa3c78802a8ed8c78aa2cae,abandon
32b7b813614a6fcc8d474da1bfca7565,able to be torn in a straight line [e.g. the bark
1fc6c271f2a50d58a271c2df9c147094,able to be torn in straight...
56ed2d983a8508b6772555e22e68ef01,able to enter into
7fceb0cd2e93979c2220e1e8ab1b2d31,able to go through an opening
fbdd4fc29f9021ba4a5dc4ab06885b12,able to go through opening.
ed72ab3cedee07407fb6ae5ad4eaa212,able to; finish / complete satisfactorily
56ec5467e9effb506290b7b85f889607,above; roof
f613c3256967eafb6305e56f493ce464,abstract matter
ff334c142b2640366fff3e5abb0d8a38,abundantly
9f83e37d4aafd3bd4a5be4b220b4083c,"abuse, mock at, ridicule"
c7298ae8d4b091e232496de5e0d0409d,abuse; mock at; ridicule
75baa4f99340ccf8899ee22693027584,accelerate
03f0f5fbd24ed1ac6a8b1229acacffd5,accept / obey
9ba1b4d0baea93a0ee5f18e0dd018f29,"acceptance, act of"
7a90e38a211ece1c346928e7d1f3e968,accounts
555a20a1b2c95612fd8b822be7ff0ed7,accumulate (tr.)...
e0601a2fc3488abbe77c60d2378d2fbd,accumulate; heap up
58fe955c742f2d79f47b40fe3a2fdbcc,accurate
469bb55e9a653809912ce9b19798a52b,add water to the beer pot
ba14ef4c3b54dd12c1e327c5e9a009b1,add wood in a fire; put firewood together
55fa0ab0fbcfac3c1089f67647426249,adolescent stage of an animal
f1f1b486f6560018e5b61b73631e9b3f,"adore, worship"
f85a326cb7ddf9c42c07b042e75d27eb,adore; worship
b1c5e4040ed8aa013ede377f329c3d54,"afraid of, get scared"
0fd440740b3caa9be656b5c9ee6bbb75,afraid of; get scared
639849f6b368019778991b32434354fc,again
5152ac16a2540d8a72fdb1e65107fbaa,again and again
36a383994590c1a836800f68a08d00ba,against
cd23de2c2cb57f81ead71e3a557477ba,"agree, allow, permit..."
697ef62d0e6dc317e5d64f2e1c2b2958,agree; allow; permit
006fdb8dcb5790b5f7d3a9f91b6072bb,aim at
81064c331e3a19a1c021d1bc3d050ea6,"aim, plan..."
3b78da6b0bfb8ba3d1459eb2be8ee474,aim; plan
e731986b8975d1d0e1e07c5a92c450b9,air / wind
7ed21143076d0cca420653d4345baa2f,alert
2426ea745578a2348e1378c6a2268642,"alive, be green..."
233889e60ed1d325974ecce43b16d1bb,alive;  exert pressure during defecation or  deliv
983a2fd8afe0dfedf380d212dd10a9e9,all / together
d6260945aa670e700867865dd2945c60,all day long
e1a7448a12a6d472ad3636c9fd48ffde,all juicy / covered with juice
e3699e4c70e9cc7ee5cf09078f7df266,all of them / the whole lot
92c552cf5e060b771dd7ec3e53e737fc,all over the place
e19b962558dc8af144d083ee6498f385,allot a portion
5634275d694f8665957746c9619132f0,almost
18f2a7809cd03c3effa1eb8834a105e3,"alone, be separate"
222a4e28707efe600914a481190a1ab6,alone; be separate [of particles eg. cooked rice;
20831f43b2dbf9adf9cee80c2bbfaf50,alone; only
431ad467c91c6500e86375cc9367d8b8,along; length
1ebf4e55c604b92cce9b0f1fd7debcc0,already
f9f90eeaf400d228facde6bc48da5cfb,always
6230ae83a453962ef57b84b2c835b9a6,always / ever
d9584c897c9ccceaf9e92101f2cd2729,among / (in) the midst of
0e22c4bf2a723e2ba2686c0ee26c17e2,an upright cane basket with four legs and a cover
3b838616a40d3d9fcac15e6235eada22,ancient; move
b1de58e9b550094c00e4c0251d280bd1,and / with
a70f9e38ff015afaa9ab0aacabee2e13,anna
b75d9b14a67fe1d776c0039490aade89,annihilated
fbb072b99cc1c7ae680845606fc8e65c,annoying
c3544899cde371af571c26a055303bbf,anoint
6a7e93643285a61f8f9268ebe7e9c99d,"answer, reply..."
d2aec6efb299fd392c816953dcd04592,ant (white)
d8fbf59631148d06d6191fe742ab5232,ants
b7b69943ad379f1710ca22ed766298aa,anus / vent
da623aa20161bfe6eced1ed42eefa8cc,any more / no more
180031a348c14d401143be02fe7708f5,ape
2db13287086464ead1054cd667847f87,apply ointment
5e0dcd9453abe623a5a7bb998d272aa1,apportion...
022f56dd57bfdb33e41cd4d4414d1eef,apportion; cut or carve meat
6acab98261aed2509f3a657b2864b187,approach in order to get a favour
d8d7d8761d5490c4f0bb647936e3475a,approach in order to get favor
153b07b7757b8e43ce6f171eb76ccd0c,armadillo
cf46d71cf97f2843bab963069ace87bc,armpit; name of a scented mountain flower
14c2f72a188cf039d23b6b102896fe75,arms / bosom
29a5417a3ebd1c4bd3108d86a3e5b995,around
9f30ad420ed81ad7864243dbecddd66f,"arrange, line up"
0ceba951f89b18b8e2e3077f1a6cc06c,arrange; line up
ff5c6d3431fbb3b5aec9bf14929ee722,as much
24f13ed38651c85860749d97dfe308e8,as soon as
de34164e6a8070f00fa190b98517c794,ashes (when a taungya is burnt)
aa7878001b4bb2f4c5c4b987b442a9b9,ask for repayment of loan
bbe56a4b3227f8f965afd546683c2029,ask somebody to work ...
9905f16d057a18f9eecc25164da5be25,ask somebody to work [for the asker]; hire
991dce24aafe881b0f6570d2021ba0b9,"ask, consult, enquire"
83cc242783286802ee8829bf5a91f8a3,ask; consult; enquire
20dfd0a4aed01363b7465553d5f85183,assign duties
4b0a568a95671d92d4046cdca64ececf,associate with ...
07b3b05ae67f79f900f6a2d85a3cf205,associate with [of people]
856f87b613b85c81fd23c871e40e985c,astringent taste
924bcf0d1a2adbf06320217ea272999f,at intervals
1eda735eacfb3c93efe476c46d972b03,at large
9dc9449dd63b39aa4a7cbf0f9c9c710f,at the same time
9d8200f37ece59364e995dae63c2cee0,"attack, invade"
6006f995e72205e0801586645b60efd7,attack; invade
583f5d9d7747692f0b742dbfbf336970,attend a feast or a celebration
e307ad499e36fbc269e53edbdb1bf6c1,attend a feast...o
f42a177110cfbe55314bc6cd364eb81a,awake
dc668dba7cbd0f4ba564b286be223bc3,away from home
cba5f05accd7ea02e35ca6ae3a07c240,back (of the body)
15676b04e00b68d26816b147e10e4a85,back of house
ba9bda4600fb7ac6844e4a741dc64010,back to front / reversed
c7e29d398ee44ea24948f3571c585e87,bag; pocket
4ba9f18fa8dffdf40b5a6d9d355c952b,bald headed person or shaven person
af72a689ed27d0a466c1a7c4ba204acd,"bald, be denuded"
ec316659ee5fd686d14d0df108cb16ff,bald; be denuded
476503ec4cdb5ad3d2fc80397838e52f,ball of thread
d1b91bdf8c56a1f5eac89574bec75244,bamboo (kind of)
1670e8d1fcc5eefb553aab950bb62ea7,bamboo basket (carried on women's heads)
1403a7aed53652cc03fe1e726f64df6c,bamboo head band
d3e03f254d232e0d821842c53fa275a1,bamboo shoot
c763e3cbfbff0a056c20bc370d20c6f5,bamboo-rat
105563eb7291f185b6f4631325191594,bangle
d6bd4e42089ed68de6707a9e2df38d06,bank of a river
37b51d194a7513e45b56f6524f2d51f2,bar
22c1febc0ae5b70d1b992009b7ff05d2,barely
44175d1a9b5387761b0f170c8f4aa21b,bark (of a tree)
1522bff704c11d80c1b585271cec7efc,barren; be impotent
38c05f5ecb0981604eb75335eee88282,base bar of threshold
dda959087756d39de52727a4c2b513a4,"basket (big, cone-shaped)"
af508cf86c97efc471bc193402a851b6,basket (woman's)
7b38a754e2446e02d4d52b37df27b699,basket with handles
59423a7414e808210ef939ff1a3b4153,basket-tray
d9011b4563509310be86a88f79509fbb,battle / war / enemy
34aa7920ff66bef6caaa6a2bf0a84617,be a little away from [= not to be too close]; be
d4148457302ded153850415428d18886,be a male adult animal
ea38f382d2f34f716a8e7a2340224ca6,be an expert
53010426b0b01f508ca6bd9589d41792,be an expert in shooting
0252a93d5ada1ff1ed00ad489c9db2b0,be exempted
da0ae849203543351fbfde1dc5d19708,be the thin part of a wider body [e.g. waist of a
9c9f72ffd10071915433349cbc73bee0,be twins;  become less in strength [of liquids lik
4d6cf3e660b76692eb961d98e130cd88,bean (generic name)
7c0b8ab2958b686ddf1a162fdf666309,bean (sulphur);handle of axe or hoe
b3eaa4ee150206fc55b58c781f69c181,bear fruit ...
c2dd01b63841c1e08b148b3e37597e66,beat a person ...
8b894ced5cbabe811e2f9b91b09c9dd8,beat a person and make him or her cry
e855bf8dfed8ae6e88f4373e711da0aa,beat down
1ceb73df517eecad3a8641d8de89a397,"become / born, be"
2e879c0c5112a90515bb820f4d444030,become completely green ...
9654a34e4dc9d12854da60bf16ee2f36,become completely green [of landscape]
867ff52eb22ebf2196708c57de7981fa,become cooled from a hot state
87a195bddc9fe8975d71f9b3392f0999,become cooled from a hot state [e.g. cooked rice]
c2cd678b1e87c01edd0faabe13f5b3fe,become dislocated ...
ea66ed4d1def859b62d875fa596efa79,become dislocated [of joints]
6bf4799ff9270582e93e42f8b0b40663,become frayed by use ...
149675f07da4a37b51330615c28141f0,become frayed by use [of clothes]; frayed because
b8992129aa52aab174dd6e29b3237952,become full ...
c00942152bc25565de98588b4553c622,become full [of stomach] by eating
1061ca3b97c1d843d78376ee8e7169bd,become gray before falling ...
e2fe76a8598ae3d135a4717a53e07854,become gray before falling [as leaves]
8f282200d69acdaa0932ea90c9186a88,become hoarse as voice due to fatigue
28c3239bb1c3bf3d8ad20a055106d9b5,become hoarse as voice...
d7e6567471963c7d5b12e3be9f277a04,become one's own
11d4c7d663d8c4bed310c37067d68b23,become reddish due to friction
0b571c777ff89e28b35831339613bf50,become reddish due to friction [of body parts]
585995c0c3d260f9bce678d64e9ad683,become visible ...
f837dc9ce57750e5bb914a3d17d3222d,become visible [of teeth in the mouth when one smi
76cf97075bfb51f138c089f6861bb528,bed bug
6e15ca2820aa3ff79810bb6a4636940d,bedding
780bc089b34ccab0c61693a0439da0b5,"beer made of millet, rice, or certain other substa"
a637aec9b0600b2c78567adc20db0143,behind...
960dc476150dbdbee160fe289705baf3,belt
a2c2466f9a25033483b20926c2af7ac0,bend the head sideways
d73d1671c534bd34354a0fc6dd23d3aa,"bend, twist"
dbc92eacb4e931ba163190ac47afde4e,bend; twist
a9622106f8331eb362495b062455129a,betray; twist
14ec9e6f1bed09c44990f53079aed594,beyond / on the other side of
a0c81c294d5d3902e03b91c1e4f3f143,beyond the village
730aa441534dea300322e997567c33f5,bifurcated; fork-shaped
5aca4bb1e2a81dfa274d0ef30ebe25b3,big basket with large holes
8fe21d832c32da11caadc4743cb3d36d,big boar
25581cb7b0788ca6762809287ecdb387,big deer
e26b06c9d833f6ee36f1fd8bc68a5589,big knife
1effeeee88300e85a02820c734407949,"big, huge"
028d22bf3496e638a9a1a2467ec62118,big; huge
0d67c217cf04244d3af86f54685a792e,"bird (small, game)"
87ca31cf3f3bd375235d18348dba7915,bird of prey
75c73f175a85cee384f32a5608eb67d1,birds
ba6abe69da49ef8f113e088e21719ef8,bite as an animal
a8793c8d723f1b36fead0a2a6b3115b3,black bean
c097a39d0925ef40c5f8fd8795df1a0a,black pepper
e82825f5c3b2aa40131c07a99745f558,blood; sesamum
8bd8116f291be7e55174bbff34b316d6,blow air at
5d26d6c708aecf8de410534dabbd1e3c,blow like wind
3fcc77e8ae1c697a33f368b9e2e75d1a,blow like wind; be alive
e81a905954dd3e1442403fa5fa1a0832,blow with mouth
b7c0658ec3e3b86fbe8273be5da16988,blunt...
50eead1dbf90d160af7836d71fa653bd,blunt; dull; simple as a person
1e9843ffc603c7702b14d81d0d436934,body lice
02dfddb054d7b25c3b6de8de62b7e691,boil (intr.)
f44ecd4a601542cc720f45387d91912b,bolt (a door)
2a1b6e8dd0fe239e630e0dfc9ae867f6,bolt and lock
fbb9042cae902c19c6461fab21ca177c,bone marrow
f80e481db275eb2feaf15efa143f98df,borrow an object
f6cb3e816496528d4187db53bc66567f,both
9e2a4475a27f63583d2d42d2b461f4d8,bottom / base / foot (e.g. of a building)
c5688e7217e4a902539decfe187d0092,boundary in a field
92021dc947f3acd4caca727483a8c858,brave...
8984630cb9ddd5d7168824f1501ad634,brave; curse
e8857768c02fe969c3a3e55aac9e30bf,break (tr.) ...
4317116ec3e6045de340d593ab36cd2c,break [as a stick etc.]
f3af1fdf7269ba7beee5514a42de1333,break a thing unintentionally
93642569c9f0a5058d6ddcd3b6367cb1,break to pieces
7078f16b30df3cf6d3e1685ed93d9932,break; name after
5af5387ad7d5e24267a61a1ccb2b3ec1,bring people together as a group
14c973794ae1a663c7611f1ee8fd3c2d,bring people together...
0a63b463a6a923a38f71137bbbd54d4d,"bring, take along with"
468131621b6fbbe78c8a6b1ba8fd2203,bring; take along with
1e488b7b16268bfc9b95faa7b48de3ca,broad / wide
54ddc3c7d064822eed932015d8740336,broken
e8413f0ca9abd1e706f76f9e7cbb4786,broken (as a rope)
cab7e764b30007514145eaf2f6a7ed0f,bronze
0e5e39a88f2b64ee3a74c04e6cc1e2e6,brood over eggs
1f38bd6f1c6ebf39c12cd741e1e33657,brother (younger) / sister (younger)
1c27d7110dea10002466e496d63cf7b9,brotheror sister (elder)
04bf55505e2e693f9df5630f1b437e30,build (a house); earn / acquire (wealth)
2f32669418c8bf1d3bc7a8e8a98e7542,build a nest
82589f97a1ff2ba1930a6d2291178351,"building (usually a public building, not a dwellin"
8cf0b054ad927ee4b58657c5cf315995,bulbul (red-vented)
f18ad8260ac27786c540784c0b2de31b,bunch
042872a226391f2518de357f5e281d46,burglar
a69b6375387d95afb70120833bfcff8a,burn (tr.)
fd47c5c30a108d226070ad8f9052cced,burn with flames
f047629e57abe7623e18a84a472be9ed,burnt
0850bb74e7b42626ed32f5d40c37da2d,burst (intr.)
5d1f1c259c677ce538824ba335a1a441,bury the dead; be powdery
25e7e67c4dff790e0b0a6b83490d7300,but / however
bd2423e2b2974fc69c13ce3864eb10a3,butt with head or horns
6368728d078cd9cf5d40bc5d90f26a92,butterfly; spirit (evil)
a1b8585122e1ad60623d6a74d3eb3b6a,cake
1187741cd8ef3567f6c63489cfc88b35,call / invite
7b66253ae645f9f95f5f5f3bc38237f5,call out / exclaim
2946e201152c16b4ded18ce53cf746c4,call somebody to join while going to some place
aaf70203628248435d144ef0bd2d42d5,call somebody to join...
4f33252742282f871b0617168156fd55,called
1ae81d45eb6b90a40d5aaf873e25e1ad,camp fire
ce23a7324c0caa154b80e7c870bc96cc,candle
82d16bb5d701e7a48833e9d5a282b744,capable of reaching far or of revolving for a long
492e6640145b729207a5816b2fdb47f3,cards
cad78a8358c3701bdd0b347360e8caaf,cards / dice
edccddb070aa0614d7eb921f6f6192cd,"care for, look after"
46771693d93a5585528cdba79af57b46,care for; look after
c69896b4b98d0e99b8af4f0d60bd7de5,carelessly
003afffdb2b9476e1e1e38fdfb96f926,carry a thing from place to place
9dcf57d4b37a1b12592f6418bd8dfae3,carry a thing...
b0958ed73921cb729b5b410881b391d7,carry on a (shoulder) yoke...
9a683ec2400548271d7a35b1584947bf,carry on a yoke placed across shoulders
8e363a211a5fa2cd1911f8254ece1176,carry or lift something together
11591364780aeb457fdad27d91307562,carry outside
e8e4f1bf55370760fa83d2d6ff5b52d7,carry something in installment
cbfcb7232529127c7db45e5144296914,carry something in instalments again and again
d917dd7b555c76141456e0dd92656288,cart with three or four wheels
af54f04e6af0384140d46fa6200073f8,cast away
9850edbf75c58801b71075f7bcab55fb,cast lots to find an answer ..
97014cb1570f64de137287213e35edf6,cast lots to find an answer [as a sooth-sayer]; re
1672a8717f2c8cd4e6815408d2ea6d06,castration
b1dae8af7835602aab8c2b1ed2789184,catch in the mouth
456f9d409793b2c959673c006bdaea5a,"catch, be sticky"
dde1bb44fbb35c7b7018fc8c9a59ee92,catch; sticky
b70acf4d51b7cabb38ccaa9aacd1944b,cattle pen
a3aae4f9f4b81b856a073234e7edc2ac,caught
496909db166c1565ec018af6a6947cd5,cause to fall
01bb15312ee49338dfc507720ece1719,cause to stand lightly
8d6a8fdb605d22fba1b2a08148a74dae,celebrate a big hunt
7459c28c42833c158022717b4d168eef,celebrate a harvest or a big hunt
450556fb927bf3298de52e75406e5533,celebrate a harvest...
dbe1684994b2a2fc1a875daaf600c3d5,centepede
a0eebfb07b32bec86778c13cdf32787e,certainly / for sure
f0f4fda5bc47d16c1b4c8510c45675bd,change (tr.)
0a32e5745b7f06afbac9da7a7ceb2c19,change into; become one's own
21d2f76b8c99b3ae629795af2f969079,chant ritually  [of a shaman] for curing the sick;
e7f86fbf2525448f89e88688f043edcc,chant ritually ...
312a191d6971658610befefb76c58171,"chant, curse"
a965f8e7c54e950f9819d6bcef3e8e66,chant; curse
c7a4476fc64b75ead800da9ea2b7d072,cherry
0d40796e85490a3f0a3d609c73ee6947,chicken roost
fdaa7cef2ed5097532e6bdd3c795fe94,child; young
51af5e4c7e90ad4a8548228aeed3c64e,choke while eating
0de196939310a6c027422eba55a58ec5,choked with grass and weeds / covered with undergrow
e497689e0c4d4203aca9fb30c3b52d4b,"choose, select"
0c27d2c553d44197c6535a067f9f9bbb,chop / fell
c5908e6da2b29bfc0895472e3cd1abb0,cigarette
3748b3f25ef21dd9ad6b4753b05e6610,claim; snatch
51a4dac6b5617383e6fcebf34118eea4,clean by removing parts...
b967dc2947ea20c9f33c5afb3510bcfd,clean by removing unwanted parts [of vegetables];
04576c4eb4d4f28bbe3d0ba5a0ff2d6c,clean by rubbing ...
0f4e0e0a348898f1699fff490cd991ec,clean by rubbing against something
66557037fbad2058a7b9537a74973052,"cleanse, clear away"
cb33ec1d676ef8c5310df96e6091c3a2,cleanse; clear away
3304d91b06fe94e764d47c8c77a4aa52,clear away / cleanse
b3849b8cecf8005d9db1a5028311d5b0,clear shrubs and weeds ...
c8f419b29192d9fa9bcd20ca823f0591,clear shrubs and weeds with a long sword or stick
dab8b5e7c1ff1d90e58e07798863a5af,clear weeds
34776981fa47aa6cf3f2915d11bae051,clerk
f189afd78513d0e70b0dd6b08e1ea75f,climb / ascend
31cb18532b1d2864b5cbbd4ccca97069,"climb, go to school"
b9c385b0237d2050e8938e781b3fb263,climb; go to school
47c88f1b2a3bd09dffd8133836800f43,close the mouth of a bottle or a pipe
ed391912f7347aeb3302202f01ed84df,close the mouth of a bottle...
ef338df1c3e011fdda65ae621ffa80f3,close tightly
00ae4121e94dd01dec356342c9d8519d,close...
666824a131bc2f35fa100b133e3f7be6,close; send a letter; disturb or obstruct the flow
220bcc3479896fe6e2e43135ffb7e12b,cloth / blanket
f3639baeb4530db03ef930eb16073f61,cloudy
a77764d3b9a4a966605338a03047f0b5,club / cudgel
150c0d3c414ee05db900e6cacd9e0995,clumsy...
cf233f0f6a20f0913cbeb228d2150c38,clumsy; loose jointed
165a230cf09bb5bb5dc6150baeb1604b,"cluster, be in a"
29fc23cc2a164082bdf94002144354f3,clusterous
171efbc167f90d494b3b1cfba411ee84,cockroach
b55e00107a384bc77233b31a3e11d39e,cocks comb
7eac63f9261b7240e96b43ceb575d249,coffin
e948ed5b4aa9019532ac3b150b9ec8b9,cold / weather (cold)
c678979f9ac15abeadb5d74915de7057,collapse ...
a7ddbf55c59cb340ccfc79882775c559,collapse / fall down / roll
7adc19307c6c262d6a5ca2b77fe23f5d,collect [of donations...
2bb3e0c342b444b8ab4924dd453aa074,collect [of donations; offerings]
98ad356407004937f83026e445d5ec5d,collect offerings
d0766ef3f27ff963169257345aaedfff,collection of papers / book
ac622e72aa5ccf3883ea6cdaa449975d,collection of papers / books
25110812246ff79a0f48fc5bc5e3c605,come into existence...
683e5ee05c39dc61b586c23d74527b3b,come into existence; formed; happen; occur
f7c1991104daf41dd78a0c813c0a68c5,"come near, approach"
272cd2746f526cf217547dc476570fb1,come near; approach
ee3230f6e0787f60eab5b2a5f0395cad,come out of working place or school after the day'
1578fce61dad4f439052753742d4d0a8,come out of working place...
f4b065206b6af745cb267ef91a9c0a06,come out or come up ...
59f0a7bbf58b35d1e16b540b8863d2c7,come out or come up [of smoke]
c30293a60a60d9d1bbfdcbe20a36d181,comfort the sick
9eaa3f560f06d5dcf55762efdfe74cff,"comfortable, enjoyable"
319b0ff9b174b1f82bb687df8788d9bc,comfortable; enjoyable
3bb700e6e87b74535dafb9cde89498dd,command somebody ...
50dc68588db91379885587417e012287,command somebody to do something
6e525e8392851530eab21febe1b61d31,companion
2c8a0141dc9e0d08aa6981ccce24696b,companion / friend
406ff042edc232d5426a598fd4ac49de,completely sealed so as to be leak proof [of roof;
46e47c672985d4ec23ffc49b86432119,completely sealed...
83930ed723628759eb58234517f907af,completely smashed
220e513b232b48cd434ce37cb3e025e9,conceive / pregnant / carry a child
de006ca4f4e79971b03f768ea8b6836c,conceive...
11ec2f40916a07bb7ecb5d35b9538796,conceive; carry something on one's body covered by
63f618c1225dfb155be3f0db7c5a08ef,concentrated / strong
73f996610143aad8e1795fa913916954,"concentrated, strong"
83053a1ab8ccc2c703916600bfe1c3e0,concentrated; strong
6f951ae567a0925faa695c1ea9599897,concrete building
45fb9b76950ea7ac85e5e489dab1c654,conduct
f90aee4ca596b3dcbb3edf45e551bf18,confess one's mistake before it is made public
e15c78d76a3d39fc73718f2b1cb1a297,"confess, expose something"
4568b6949b670a849564f5ce4d173908,confess; expose something
7e885d59f96a5a090f45666249176eab,confront...
16c8b08c2148eb651bade3e7c75d8bb3,confront; meet face to face; have one's plans fulf
e27875b625bfde9083628d74bc24cd3e,consume / eat up
2ff6a3a98d435f0ecfdfec67c6453802,control and organise time ...
6e558d239a0fb27d8125e609e3c8547c,control and organise time [as a chairman in a meet
1156105b551312a248f50a98792254c8,convenient
e56279bc2c7f5dbb12cda7dad567e600,convivial / enjoy oneself (as at a feast) / make merry
90a8e99996aa19418af6d0c153bcfadd,cooked
fe9a059e71fd4826b818e4701260a7a7,"cooked, be ripened"
80bfea59b4d8443ea4b91a4fe0d2823c,cooked;  ripe
385c9e00000d8b07e0157e458f421c33,copy...
700fc05ccbdf80f8acd474e58bcde0a0,copy; translate; transfer an object from one conta
910a1a2616b08960123c41e098e54983,corner of the eye
d2302581a505cdc8bcaf15e632a8c12b,"count, read"
1418474412f2649d8c636a64671be626,country; land
359da4be0be02050883e58314e87b182,cover a lying person ...
30cdd18592e4e00e092a28f3bcbf48c4,cover a lying person [with a blanket]
8b1409c761af0bc4a2db6d33353051ad,cover with a blanket-like thin
597a743720127c60afeea4d696d6a052,cover with a blanket-like thing; spread a fish-net
6313839eb860d58423cf9f8a21a15f6c,covered with wet dirt
a57b801b7c402028df58f41c47317671,covet / envy
e8d80df496913d2606e78ca7343cc751,covet edible things
0815c728a24922e647ceaab866c14933,covet non-edible things
8cb5bec864e693868f2224e7a93723b0,crack open
cc8b1415557f58abf2e2fa83c2ea6c91,cracked
2907210a27ab97255aeb3e57e978d757,cradle
82a4678db82e3a5a7d325d1f09b09d9a,cramps
26b0d4a12e9dc19e6e294952af1b724f,crawl like a creeper
ee673dc1a1bcf742cef614c2b744f022,"crawl, prostrate"
a52f28cfd6b3ce5df5f92949f8e34942,crawl; prostrate
1bf5aa1644468b86550ad89103547f2b,creep up on something / stalk
6a27aefa933e7cbc26729a820c2418cb,creep up on something...
a0136428e449dcf51cf38f16e294f0e3,creep up on something; stalk
1a8a5231527500528e686649c3befde6,"creep up very slowly, very gradually"
6b1a389ab0f9306eb64c4a46e99d9c6d,creeping edible bean
4dcdfddc3dbff35f1c69be76d527a7eb,crippled
453f35b825497a4cf56065efca9ca6da,cross a river or brook by foot
77a843e0163528bbbf166aa11f5e8459,cross-eyed
d547f26df248730ffbe76ed06bc9aa1d,crouched...
b82b16feeaf73ba53c9cc1fd043e4461,crouched;  shrunk;  wrinkled
8c6eeb31efbf0dd5808a43fa949b8528,crow like a cock
34e927c45cf3ccebb09b006b00f4e02d,crowbar
34d88a0870c77d1c2bffd91c36d2193e,crowded
a55f58d57c316bb24d229b3000b2af9d,"crumple, twist the ear"
875eda4bfa045861373a2f7084ea2746,crumple...
b0382f76b68b3529cb888281bd9c2453,crumple; pinch hard; scratch severely with nails
93984939642cf588cd5c219772b67873,crumple; twist the ear
ba0a0d5dd22b5f55ae830b9e2de0a10a,cud
af220659c100209d034717e0ee993bd3,cultivate...
576deb14193e1e6a80ae704e024b0b29,curly [of hair]
3b516566f662c1f123884da0877a12e0,curly as hair ...
c1da9f406bfdf2491510157a83363fe3,curly as hair [of some chicken]
373d009aa1cd394cd701ec52da36f622,custom; habit; manner
91ec1f9324753048c0096d036a694f86,customer
27328b9a3c2607bea1cf86cb2c4d9d97,cut (tr.)
69a2069690ab95be2b07cd13df9e6d36,cut / carve
2f765e458b6eab435d78f0703f151284,cut a portion for someone / cut on someone's behalf
72d5e8b2d72b044d043e767cfbf7cf35,cut portion for someone...
4fb0851db1d169680fb7320e5b994d05,cut portion for someone; cut on someone's behalf
68dd7ebba64fe2daaee58e71940b74dc,cut; slice
02829fb05c3076ec5a6caebd12477dec,cute
6d9b78319fd6182b99f1e0c6ee931edb,cutting board
02abb7caff7b7a504cb291fc428dd997,dagger
da54e928b762b1f64d7d50b5c9bef226,dance / dancing
eefda091d5bec666df135d3de154cccf,dance carrying an animals̊ head; lift up
919d8b8da2f1fc2187ae0dcf1b557dcd,"dance, float"
3ed635910c474bec62a46d753168598a,dance; float
a373efe8c22d82be573535f637d21391,dare...
e1a73591b16574d39014ff89c1bc8589,dare; have zeal or strength to do something
488902b8894621b495cf0aacbc34918a,date a girl
732a166050a9857625c0004995687963,date palm
d19ec71524048d6e4b924e805ba61a2a,daughter's husband
bb73706f9c5d2feb142312df3117491d,day after tomorrow
b5c1e03fa60afadd77363b1571bddb7f,day before yesterday
5d26a595ac5a128bca4b7bb6a875505b,daytime
99b301d932fa34f1e7ca1318719eb541,debts
07bbc5733a542eb9dc8967a6f2c193b1,decay / go bad
98b5e33367c94f569738e4f468ff9b2d,"deceive, lie"
85aef2662922e1592484b6c6368bed04,deceive; lie
681647a719e45584566fe980061fe10d,decide
e869dec2d1ac69f8c8c5d823a5cc0c1b,decrease something in quantity
f2586a67514f959ba5a1c24539901da1,decrease something in quantity (tr.)
f4d8e22adafa79cf8eb16300f32467a9,"decrease, recede"
1bc475301892319e90ec5d3a8e595b91,decrease; recede
91e6cd5c1987090c37c686510c14170f,deep as a container
ab11340d5cbcedc4137f00d96daff32d,deep as a container [having high walls]
07b43c477f71fa0fb7d6c88ec937d85e,defeated
f2ff6101e46a1e606e1863138154eabe,defecate or urinate due to fear or uncontrollabili
21e3ceb6d11f89ef0a05cceff0a2257e,defend / protect; reach
f0a4c1a8b6e9166d6b6f526212c398da,defiantly / in defiance of prohibition / in deliberate
d421a6453ebc9eeaead469e25c2108d4,dehusked rice
2ff70c7979ce3767d852fb998132a16f,delay / remain
f5f6a5e87165c854ca807c3ccdcba2df,demon / spirit (usually mischievous)
12d08d2030c06d3ea4f546967a1aa766,"deny, refuse, reject"
683ec643cf7d6843883cb11653ed046a,deny; refuse; reject
2aa6529e19e68f011624fd0c6f5d02fa,deprived of
b5f4fdfa88109e557a95e2401498b985,design; cover with a blanket
fbc610880b41ca065f2f50ce4ae0fb94,desire food
5438b67e7343a045a8bafa9266b84a81,desire food ...
11dbc2ff0cf8ebd9780df0ec751604bd,desire to be
188550a25f640ffee8c419a0ff59aa71,destined to be
6bfb78e83f3e923c0a2117b823afb3e2,detach and fall in abundance [as leaves in the fal
4336fd948a26b707667c6636aa6e3bfe,detach and fall in abundance..
93b3f93fb33d0db6c23356274e260816,die (poetic use)
9ef70ba887a4838342d8a4db59a9855c,die (poetic)
6aabcf13f937b82b91f810ff759fdd42,die [old or poetic form]
bb94e8b39e6cf95907f31b02759d05d8,die in large numbers due to epidemics
8841ad5ce2ebe5dafa38cc3c2bdede2a,die in large numbers...
be8fdb6c0e8a28cd1a07aad1935b4e01,die instantly
fbceacf3a61dc960dd4c2177e49e78e2,different / other
f62e96c535ed80d1610aef522a7d7d05,differentiate; left over
5eac4bc58e76e5e02580fbfa13aa40f8,dilate
634e1ae506fcca8691f27eca38143958,dip or soak in water
69e8cde10aaea78fa56cd310c5a476ae,disappear ...
6c90dd80a8a218769329547bf678e226,disappear [of a natural phenomenon like clouds; de
7775a0f97a1a0e2f0f11efd1e40b0f04,disappear completely
8b0ce307deff040dbec797f2a27c85fd,dislike; angry
2c6f70d76077330e3411ca1af372fe0f,dismantle by dislocating joint
9208e7269c60bf6bad8285468265aadb,dismantle by dislocating joints
b24c637ca8e58669bce3496236c839fa,dispersed
a41241f0df8b96d2684f13382b6fc6cd,display in a high place...
f3059788a26bf2d3e741db2724ecdc7d,display in a high prominent place [e.g. flowers in
c36d7760354886d1fd8a9bd2807a055b,"distribute, divide"
adfc7a94f62c3fb2011e56dcedf2b462,distribute; divide
d4361c42eb24f6ebedd7e14172a7febf,divert water
e6748482dd1c9d827587429f11021ac2,do / perform (work)
cead2c95588d6704991c79bd8a709470,do something ahead of time
93a58b1746212493f04cf675f75e59fb,do something continuously...
d72ab47cc9ab2c1ad2cae00088ac452f,do something continuously; visit houses one after
e10e1dbae7380b06ae47a2e9adf73307,do something speedily
f9f16d97c90d8c6f2cab37bb6d1f1992,doctor
268a155aaa52b56ddc96121a1fd85857,doll
b75875b15a76be82e8d941f5be6da871,draw (smn) near
575a09ee0ee77fe5d766c74aa225f446,draw close together / cuddle up close to one another
147f30abf5762abbdde527d0efb3e781,draw near
42a53aaea4dc2271c37b4f6b329bb981,dried meat
610aed3bf85c62d569e63a24f8dc3501,dried sweet potato
f88e7081eb3cf5c416c7e5edc68f509b,drill a hole
2fb8c203c08bfef3d5b785bc16fb0172,drink by sucking...
b01b12ab67d09b2c2259185dd8357266,drink by sucking; to attract
d07f5c202d8a32f18b2334404e3b99d2,"drive, chase"
0512a2f77f03f6345cbba50633712219,drive; chase
32210af7bf8a99ad61e18058abe896e4,drooping as leaves
6e9d25362c485bc3c90c818dfac5dc49,drop
e13ee99122474c216f19601628fd24df,drop (tr.)
e73073659fa9f00689bdcf71d4b7a6b4,dry ...
3f283d2bc8ba6ca68fdada895d3a6ee6,dry [as hair without oil rubbed into it]
649e1a3f08aa4293a34d594140d4a06d,dry up / become hardened / seasoned
e5d94e9a452cd887445b71ccf9ae4046,dry up...
e7aec5ffb5f5e2df26e62c0fb765f44b,dry up; become hardened; become seasoned
21c5834dbb3b3544978773910b702502,"dry, be annihilated"
7232b8f1ccb1d87a9ff3459ec8a2abf1,dryish after cooking ...
590f56b0f52d3b54dcc987e1ab05f1eb,dryish after cooking [e.g. potatoes]
fc8358bcf09e4b3947d1975622a9df14,dusk
581e2d26a66ae3fbe5aae47478a2a906,each one
3eef9039b69cd989f551655ea2103dad,each other
479878a2e65f697f7313f729437c515a,eager and hopeful
cfe33e5b80e74230910c60e31c8c5226,ear lobe
6541478863eda15fb866b5499fdd00f9,ear ring
d04bc7cd60a80ca5a5ea3b8503781129,ear wax
2dfaad95e8704a04667768a568cfcca5,ear wig
3d1fc6db1e8f229c5cc57fcd833d47a6,early morning
1cb0297cb51599874c575402dd55dc6b,earn for one's family
88f98b7df1c3e0a2e044c29efc8433d5,"earn for someone else, e.g. ones̊ family"
8cf0b3bbdb9fe44626dcebf4e27c76cb,ears of paddy
fa1214d7991de075a86ae3229d874538,earth quake
8dee61473938ed0eac3f9b84680fc848,earth's surface
2aa9bc9cb307a634131536da90a0425d,earthwork forming a hearth in the floor of a house
ed53f733c097c60a344c698f84746426,easily
78c24f5c136be09cacd1cc7ec8712ef0,easily breakable
58e92e63b88a4c9da48e4068df894b15,easily visible
803abe712bc1b98452bce88f3d3edbaf,easy; be early
ef497e4edc634af99c13448e51c62cb6,easy; early
01bd377865500d5b9dd7fea357c9b299,eat a thing like a mango or a chunk of meat attach
301523d596494b94ef405515406b9e8d,eat food with hands
966c7a5ba3cb07a377878e291a76e0f2,eat or drink / consume
9adc845b5dadea79ceb9e5c4dcd6e181,eat or drink one's fill
b454122524f80d5b55d56d239ebdfeec,eat plenty
00a97ba2b9d68e38ea0d9b0c46513567,eat semi-liquid food
d5dfe79b9f0cfd10556c507159eaef73,eat semi-liquid food [e.g. porridge]
f7a3793ab5c9e3b4aa366bfc353f0890,eat up everything
1599813db68e523001612912517ae885,eating meat
dc8be011dac61f5016c64dfc48b8d683,edge of a field
5ee396457309022fdc02a82ff88bd0de,elbow / corner
641b2b00d03f9990007869f7cc5281e4,electricity
163c6330ce91813c9f2b5a6c999f1a10,emaciated
16c139fe4ca397147b1f21667f1c8971,emerge slowly ...
a12b707e7bbdb4f12bbc930fffdfdf6b,emerge slowly [esp. a banana flower]
6d813804cb8f029ca74a83bdd9c451c0,empty a container by turning it up side down while
80abf57c154ee8c05f4d66e93de48e2c,empty container
e7a3c7d3c31569b4b99d5a6d7aeeb3e8,"enclose, cage, insert"
9db9c894bddca708553667c15fe75beb,enclose; cage; insert
a63f59b7254b77ff69024a70ed841e39,"end, terminate, resign"
e796add02bb370547cb282e6bd712468,end; terminate; resign
3e2354412936c1f5a6ac77401783fb30,enemies
ae3fd469ec8b43142456ce39012b72e2,enough...
e969defa25e25cbae97e0d9caf1bb2a8,enough; accumulate as a liquid due to an obstructi
1cb1817e30b57015e2d6b14cc67335c9,entangle
50f89a73da747d46f66658dc0a6e2cd9,enter (intr.)...
308d9d5e87eac866a9db97383aa0f546,entice by giving an incentive
12887f65f7cf092c176b2e1efcdeeca1,entrust
802f03009eec6f658cc495d75765a297,entrust...
0f85c24732eda33f5237bf8911559cf4,entrust; present something
881efb8a56fb0aa613494ea3e42357c9,entwine [e.g. a snake]
d3dd5c54aa695c5637d602067c3f1031,entwine [eg. a snake]
313dadde84422ef8eefcf8fcf96bd042,epigastrium
514b6132f6408e4c3ce34793fd4fc654,et cetera
f7e78e04cba74c610354e91e622cc105,every day
b73301453980747612cf28332d37e270,exacerbate at regular intervals [as fever]
607a969e337150cb151ba22cdb588316,exacerbate...
c05d28654e69149532fc66f4f5fc888a,exact a fine
cdc5f4c86abfdfbb3305c40335415467,exact a fine for something damaged
8c671a539c7f7fde8a3a722420e86ad3,exact a fine...
09d41a94b563cad6fa20b61f61f0b6db,exactly
dedeb8fecce74a9b4d13dc1d62d4ec3c,examine carefully
ab7fd90dde03e546648a35c6faabdeac,"excess, be in"
34bedba1b67b1c7285bdd70a60524a3e,excessive
c1ba71360cda0fb58eda0230366c570e,excessive activity
70f624b5063dddb091138a28bb0f5037,exclamation (warning)
48f1af0b8c3f2316d5da220943fe3b14,exempt
6ba55a90fa774d21d1c8030f5ab55081,"exempt, forgive"
df5dd95bb60b46bff6f6f547dc32256d,exempt; forgive
b7063b5d39ab0e555afef044f21944ea,exempted
560a6080a33fbcbee628d12b77c330d1,exempted from duty
b4b3794e8ee48b5e1aca40e41bce54e2,exhausted; be over
9339034d502cb8109271f08d29be4348,exhausted; over
58b994fe91536f703e0824ee96a5ea22,expand due to moisture / swell with moisture
b9b83bad6bd2b4f7c40109304cf580e1,expert
318201725a8baec1fad09b37f9f346a7,expert in shooting
d040edacd32b744c2ffafe4455ce99ac,expressing surprise or unexpectedness
3f86def9d4f9b6a14bf568163922a102,expression of assent
e0a91e6db6ff1103171559559f2d9698,extend
0a367b2ab607b6860123239799829b8e,"extend, cock a gun"
ed56f90213a261c9b4f1c7867c8cf950,extend; cock a gun
8daa28987c68d609bcd8f7735927fe1d,extinguish a fire...
6b7df71fc8fc82daa0e72bf16a09f4e3,extinguish a fire; pacify people who are fighting
7c91181178de68afbafc3f8a647a773c,eye brow
a1206983fab136c33c3c3590e0c49ba0,eye lid
24327687d25de7680a012ec0a069a4c7,eye socket
1d1eb05ea6e341efd95780ace0d1e81d,face towards / point at
c9f88596bf033fb9a3d09be9583ae17c,face; front
70128d46278b27f2171db3ebeecbe600,fair in complexion
132faacda5f0e0a09a77750b256222ac,fall [of countables]
3c8e84abbb5c511827191136f3027099,fall down...
6b6437ce641d31aac8ece6f5feb77cf6,fall down; roll; collapse
627c5edec71b50891307e23ef582cfc9,fall to the ground
397453486db245d9672831a280a9126c,family / clan; strap for carrying loads
1573d7f48d720280d0f8e085c7e21132,family / household
1e4e738df1bbb26ab1981fcf9a2d6468,famous / renowned
4cd47d7a4e7c91933d34eaba86735f9e,"famous, be renowned"
f015a50d0c61ab2aeb3940ec89df2eae,famous; renowned
1f765f132e0129e9d37a85d51aa3d2c1,fat; well-nourished; be chubby [esp. of children]
cf66f401144a114f354bcb299a9181a4,father's elder brother's wife; mother's elder sist
0962746f5e9b8b5a0fd509d7d232e80d,father's elder brothers (reference); mother's elde
2464adbbdf730b55c1300729e004996f,father's elder sister
1725fe582efc6f4d5e030b420887fb83,father's elder sister's husband
417042880e0381995b85d57aa3f2479c,father's sister
5f1dcafdc3d46e8fb5425513789a5eeb,father's sister's husband
b95a8b4e78591287ec49ee6a2271caea,father's younger brother's wife; mother's younger
04df394b8b93e7decc12524ed415cd21,father's younger brothers (reference); mother's yo
565beb526498751a2025cd047e73f3ef,father's younger sister
f5e4487e955940ca8ed2e28d28587a4a,father's younger sister's husband
c99d664ed913b99c5a7c2e677d7e208d,fatigued
45870f56e9bb21fe9cedd76eb66cfca7,feast
4ab5485498e214e1b5a472c381ffa0c7,feast / feasting
7e59588c66119b5045ecff904e243034,feed / light (a lamp)
49934fc58b0f5e3f06de9c3684c2135b,feed forcibly
21624d55681b44a46296784be77be79c,feed into the mouth
99928720aa16b3077e9327771ece960d,feed into the mouth by hand
184c35b8926367ba29246ec546d1a980,feed mouth to mouth
84634c06c6685efb105516c5e427f003,feed mouth to mouth [e.g. a mother to an infant]
88698b6a4506539f5c5588da47a10171,feel
b285c405861e683be07612a20ffaf8df,feel nauseated
c9c99fa620600c180b3416a25edb954d,feel nauseated (without vomitting)
ce0b72062fb5a72b83dc97d719dac24a,feel nauseated; dye
e0eca93b29b3823b4fb94d08c8d79e65,feel pain
4aa27e6487241a637bed3603c38a9ee1,feel shy
f5f8ff607baa74b8644aec123a64cd45,feeling of hair being pulled
cf951944041a805de9a1c96a3b77f7e3,female four-legged animal
727d59691d1c041d83313ec07a763c5e,female person
c8837e4f9ac6da22636f7a0ad3b59ac8,fence (pig)
13c315e5e0d8e16bfbc56a2a56d5fd02,few in number
769e2cd7a152e8573b0817cbd90ffe30,few in number; little or less
09158f9363cda02b342b17cf0c693fd6,fight (not a war)
e5d5b638b4d48ddae93e3c750d61a2ac,fight back in defence
4b6f0f387d714af36a214a1fd7c187bb,fight back in defence...
feaf81f5bbe263f9a897ac91087423e2,fight with horns
cce9cf2e5a2206739d41fdce16fde9e1,fill / prepare the beer pot ready for drinking
ecb021b875d1022c665fd641c1686a55,fill up a hole or a grave by earth
d24cd48c2177d5e54f5e817d999f408c,fill up a hole or a grave...
9d3d644f9cb4f111f1876dd65f3aff0e,filled up by air ...
86e384a9a2bdd4f4a61221f230c4b634,filled up by air like belly or balloon
d6f925df7934e3b50468a276b38e75e6,filter / siphon off (of beer)
23c129c3e2635d2bf9810c50f209109e,filter...
971199e2c2e8e535e96e7c938d5c651d,filter; siphon off [of beer]
16cab848fa319bb792d78075f8c9faa7,"fine consistency, be of ..."
8d9302beb375e62134375101bbe85927,finger nail
148128b4c0d4b9279eaa644caf48f2ad,finger-like projection on cock's leg
ad20458fc93f7a465b1b5de2aa4051fa,finish...
a2b559927fda5a2cb3d3b693f53ece88,finish; succeed; overcome; able
01c6985c858c83933a548ed7742d5a3c,finished ...
d48f842ad3545e1ff131b43a748faf3c,finished / over
fbfcf157df7d13c682091f56230e9eb4,finished [of fruits on a tree]
f15e2c6a5fe785d4fe451da65e6d95d6,"finished, be over"
939141f4c1b783f2c9a798a0a985886d,finished; over
0fd75d007819374b3cc0894e73908a0f,fire tongs
14df416fe529552302e2c7f2bd07e82d,first born
d32f72518ffff92615dd87de4cba1ceb,firstly
10f4bfb842ca60164e92ee7ee7c20f2e,fish / fishes
3fd2a7938cdb76e6e133c953d75c3bb2,fish; set a trap
a40b25116f822b8656e9aaaef9638f5d,fishing basket
1b7ab241869d2fda7a2d7bf13321f824,fit together ...
d1c5b1ee7880b558ea1f051fbde6b4c2,fit together two hollow cup-like objects
327a6c4304ad5938eaf0efb6cc3e53dc,flag
d051e0c9448d3764b8460fdb759942b5,flashlight
ad0c0a953de39353831a272aca92d277,flatus
09fe391bdfd32c4967769d1e2f1cd5f8,fleecily
43513782a6eac4decd98de831805f0d8,flesh / meat; game (wild)
1efbcce6957478be17c37c6716726222,flies (small) ⪤c
6152fddb17f512e4753e37ab79574ac2,flirtatious
5fe962c18b2aade186020c1cf1cf29f0,flood; hit with fists
4dc9d25adde097c41dc9a6b510789ee6,flow in abundance
f99c6a81baf221a569fb8b8ba0c03098,fold and wrap
b32a2cc7fb212819c2aad337d023b256,fold by rolling
18323dce218fb7023f722cdd80bdc766,fold by rolling (tr.) ...
6205f0a7dbaf27fb9cc313e0f285f07f,foot of the bed
0b29b42a7c9aa636779f2e623a9ef807,for / on behalf of / for the sake of
6c25f6a92f050a6383a2f09a15ffacbe,for this reason / because
f24fae7ab6743c0938e5a0683c9bf75f,forbid; protect
8cf61727612f5184b1cd27301c501c9f,forcefully
b30bd040a133ba99c651f95cea18f7cb,foresighted
7cb2b294381de4ef3f0a9c4ac7933f0c,forest (reserved)
d7af994f1f1ef8b5e3beb9f7fb139f57,forever
b2fcb4ba898f479790076dbd5daa133f,fork
a4c543979433c1b70ce944d6d5e573af,fork-shaped
36e6ed0504fa8ef2605d825684b4dfb6,forked road
693007ca09ed533533a52619e2537974,form ...
867ae303ac7e0384b28425e9adb3a6c3,form [of the ear of corn]
a3deae4a0c3bba495640244f1b2a27eb,form [of the solid part of curry after stewing]
72ced9b87d3b8ff3e2676e08055cc4fb,form a hole
cf5a88eaa568ed6de3451bc0f402a657,form a puddle
26fb22d750373752fd8c51da33e843de,form a rash
c5d153dddf54a5bc795fa171199fae50,form a scar
831c3fea14c4ae5eb9b5e56191188133,form fully like a banana or corn ready for harvest
6ea76417bdfd0f7954ae1e792f0b3c75,form fully like a banana...
93a35b444df157af5ea1cf120a7d59ab,form pus
c88f281d84bcdf53545b26e149b0087f,form pus; pus; sap
79de7a615c87693691e95d90d8c0ca96,fountain
475413fb2c3c45b5230ac6a9923fda61,four-anna piece
d423b10bd359ff4fa1b16ae619766188,free from engagement...
714b6234204e85376b139c3d882b0f39,free from engagement; finish
b5ef2ef66fa9f303c9e1c47d5e72ec44,free service
f6f7fec07f372b7bd5eb196bbca0f3f4,friday
fb741c1d0a140eec037852811ad8cf70,"front, be in..."
3bfd40576e173ba602a8017c59f411dd,fry...
8c8abcd1127702c865d84df4c25508c7,full moon
5262b3ffe25ab166d589baa8da2a0409,full-grown
5387af1f0156ff8654426e0250081255,fully grown monkey
259b64999c77e22f58e53cf5db057b81,gather around  (of insects) = bo:m3
92cf5ce967d7aa774ee478965afa7777,gather around (of insects)
c03aabf38836026c86a9f11f099fa21a,gather around (of insects) = bo:k3
f87c4aed10e1f024ddc4d2560b2d4136,gather fagots
eb417996222520df23b83d4210f8b4f4,gather fagotts
a7eddd54dc47743f0cf951e6582e9dba,gather together (tr.)
b463d3d6a2f9da481f56eef21364f887,gather together ...
cb6fd80b0e9811b063e0495e53f3547f,gather together spread out particles or grains whi
c047bc59f51f52bfe702fd93ae105aa7,generous
12c1a3941bf0e39d4f6694bcc9cd2643,germinate...
d14d008f5c6a4b29292289f62894603d,germinate; be created [as a job]
f323fe8d689b3753ac6196a404ab8b8b,get choked in the throat
4d41edfa1b980c08e0abf55a49317b71,get choked while ingesting
92e23be1cdb791adb8daa45862f09546,get dried up ...
0debf08822c4618df76beec741142790,get dried up [as a brook or a pond etc.]
f311219b963735ebfff4e3859db0b21f,get prepared
a822e45f5d3e4186b46b2d2b29e3ff87,get profit
0574e6796a89339fef72ea1de55101ff,get pulsating  pain
7fa6dbbccbf7cc552c1d78a1de49dec8,get sprained
f0f2490db7e1f20bf5bc28ca6d7cda6a,get the kind of feeling which one gets when his or
681d224bbc41fff80db8196902ac2194,"get tired, pant"
7357ac836a97bc274d3f994451cb7c3f,get tired; pant
792202b920788b549e8983a7ee8f2c4b,get up from lying position
d337ca9e274a351962fa9eba83ee2baa,giddy
eb059e208b82d2681a85ecc13755edaf,give a share to...
2965941935108cc4070757a005642308,give a share to; deliver / purchase
58deb50b8cfe74c4ad426d994058033d,give a share to; pay a ransom or a due; purchase s
74f7d483bb4fc57565d4c5485b6d7087,give a thing to neighbour...
07dc5af28cf0bd777a5558352b86b68c,give a thing to one's neighbour [as a gift] from a
29ec297aa371cbd3f30694cf2fc54ac6,give birth to;  scoop water; seen emerging from a
a8bb87ab2eea3309f6c912ba8759521d,give support to something which is about to fall;
6f9a3cdcc47f4fd78da771830311ca1d,give support to something...
2570c919f5ef1d7091f0f66d54dac974,glass
46fa135f26bab619c136faf0c42cf6af,gloomy
5d318de62222dd1b70da4fc2f32b40bc,glow (of embers)
43e0b57fe550f17cc345290e4c48193a,gnaw (completely e.g. mango)
b44a12532ed7d27f1aeaf6fb65da83c9,go (to work)
af1590fe14f84587975a05eded98168a,go and catch by surprise
8428d0fb138682404b8d22c18f304f46,go and take back somebody from a place
cfb052c6d6896721dd0f9fa2dc0dc6a8,go and take back somebody...
22e10a9b95bed4eb9da8df938101ea7e,go away so as avoid sthg...
61962c79abdb7657c365e444a2b85335,go away so as to avoid something or somebody
0f932bdd9d2ab15f26ddcae04b5683b9,go backwards
fd23d6a2561a086f886cbdd98ed48e34,go down [of a road]
ee252254c40e181650a2a3f2122103eb,go for condolence
1e2cce081a94396ec8ff49431b727346,go from place to place
d09611c14e7530bd8bb3db22fac06fcf,go in front / in front
3d7560331d7e01396112378bbb7444ba,"go near, approach"
5c9357f3585f5a42abb5ede65dd681e2,go near; approach
c8e544426dfaf24d535c6ce868710826,go off and deceive
5cae29b072f2807e27e25912b43fc49f,go on ahead (by oneself)
b35f8f1c393c4c99798f2dc04c60cc8d,go on ahead by onself
f38dd493fc399bc09b512bbe681ade24,go to sleep ...
6f6d1c6e9f02f67d9bb9897844250a09,go to sleep [of a limb due to lack of blood circul
a35b35e2315ebdf2076871f959ccd82b,go together
33a4437d26c0ebd38477894270f9600a,go up [of a road]
3205f64462d77d8f98ef329dec55e668,gong
2b0d0c641d9349937c34ff534271311e,gong (small)
d79c42ce54ab5d8625bafb2e9e62b4f6,good / beautiful
69c7364e7b53cd791e2b3fbe86f83118,"good, be beautiful"
62053e5e727a6609a25d95e7d224d2b3,good; beautiful
59da8bd04473ac6711d74cd91dbe903d,goods
1ed7477dfb68965bcee2d7a0a4099478,gracefully (of a tall person)
21a15bd9e194a2415df482d8ef10849d,grade in a school
c6e1a4478e049d98320b1c83e9288dfa,grains
54f3f94c7eb379c932304e443badc3f9,grand father; grandfather's sister's husband; gran
74d7090e348eeb22c714b10442b646b5,grandfather (respectful form of address)
fb2b3d76b990ff77d0ce32cf9753466c,grandson
4a1073f0e3c2b591ce9de174dc5afdd6,"grasp, hug"
8a5f797430620c306fb56232d1b95fc8,grasp; hug
aafd646c6ae0cb7e517bf9b5e2b793ef,grave yard
b5a893c5d6c09822638ad78f03a73e85,graze [of cattle]
3440f121e5da277bfc03eb8c8d0788f0,graze [of cattle] (intr.)
ca6afb2327970329526d2c72a31753af,greasy; smooth; plane
146b5d8dbbe1b8c5989615a95ba1fb91,greater half
20f18bae7ee22c08553f982395ca35f1,green onion
6467d57aafbf7f7430a035a2d3292120,green or yellow
9421d4408477b2f931f93f28f74694d3,green or yellow ...
cf749cde7db33a2cb956307109cefaa5,"grind, digest"
2d3d90c4214f7dfcffb0b4e89637da21,grind; digest
34780dfe4f581c7702f5e28c95b51782,groan / moan
d47f3ccbeba92b3b63cf03602df0fef1,grope after / feel for with the hand
e47c195c1bd203cf484a4a3c2ce4279e,grope...
96b613577ce6b7564795f03f2b32d9b3,grope; feel for with the hands
c6da6a6ee36a85b862fae1d219685c03,ground floor
aeec9ed74ca9fa50cdc536bbcbeae179,ground nut
f3919d6b6186f6d6b163fd67e9d1ad18,grow by itself
7ac361505e596dfc8932b526466ff882,grow up
c168d207894bf253db9a629ccc6cea6a,"grow, prosper"
012d684bfca66d09614962318158170f,grow; prosper
5ff58d62c15f28a3f16d0bbe332a1439,growth
0d689d9e566586ed4901e69250c82840,"guard, look after"
f110a5207177de50392d13fca5fcaa3f,guard; look after
da046c3196159a5484b74c947acd4e90,guava
a1e350851dbba18de20541102da940fc,guilty / sin
79a7b1f0b4044985f75e8a83533608f2,gum
2dbc623f32d75eb5d82710974327350a,gum (of teeth)
a7b4678dbd0fe10d8fd602a61e8625d3,half-ripe
9672b8e9d24d7a56f56da86985c9dba2,hallo? (a response in answer to a call)
a99b583419fa57eb974256d3fb375253,halo around sun or moon
3e9b30a54c2ef4fd6ed9f26f918ebe5c,handle carefully
0c92fff26d6708c8c4f1c724338f487f,hang  (tr.)
b4d9a2e575f95303e22256b13b5f0aad,hang (tr.)
0c36319ef4e2002176e686f91802b518,"hang by hands, droop down"
b121bbc87a3b13c6bbdf1a3fe6590f3f,hang by hands; droop down
f295e74cdf23b941c54fa58560cdf92a,hang;call at
9d24caf6daf3716d7db6d15022669d25,happen / occur
befeb911c3efaf4847a70f1500308a92,hard / rigid
dcab84c22ed59107b21067eeaee92e9b,"hard, rigid"
bff82481762bf41ce5bb5811f5c4e922,hard; rigid
409d2542644cb5b9dcf02dc5e35ec7c8,harmful
6d3506f359ad591f490ad1ca8a719241,harmoniously
ec5a5b6c5005b84f70c6345df0b077f8,hasten...
149e97b116dfb317240e3cc5ce461914,hasten; do things in haste
3773cd5eaae1df60d74a2c5bfc23ebc4,hatch
881360dd9c5d64daddc1de1866d336d6,have (of weather)
6a55f71d418e03f74ceecdb61580ba04,have a crying face
85c32676d69e3d210c522e667523a7ed,have a dent
0112b4e3a806d80c9fd7f707ab3a4e77,have a feeling of being overpowered by a ghost dur
44f2165593f2de5025cc6c5b2a5cfb25,have a good sale
bfe0c527bdeeedcc8423e2e4897537e5,have a gritty feeling on the teeth after eating a
f44d0ae73e57942afa393aac80d451ec,have a hole
b94b3c83b9b03d1a100022f3c09fafb0,have a ringing sensation...
8cfad1eb788acc13f2b411ec700e1669,have a sensation of something
ae78744805ffcc626db6559fb15325cf,have a sensation of something poking
d846934b607dbe784046f0ce577b5e59,have a severe ringing sensation in the ears [due t
8adc967306e614f6906d2220e161bb8c,have a tickling sensation
c407249ed5d10554e0f8cff316331a43,have an aptitude for
9cb44f7360aa3c212b11b94c001414ca,have an echo [as a room]
3d7736978aaba1a2fecefa0aae4a031b,have an exhausted feeling in the muscles
e0e3a197f62b12f78be66203e3a6557d,have an obstruction ...
c97c7641461d38b49e84de2f0952cb0a,have an obstruction [of a pipe or a hole]
184216eddcca7668bf099a01c186173d,have an unpleasant taste
5516524284dff14697e805f2df87ff47,have an unpleasant taste (e.g.
de9a17e82ee1b0c67209f609520fc7b2,"have an unpleasant, bitter taste"
92894010809ed35919be7af7d1190ee6,have cavities ...
aa15927c61be9b90b1039dd5ab317af3,have cavities [as teeth; sweet potatoes]
eefb5d7eba274c963e64ff8403cbaf83,have feeling of being overpowr
011ff43d8c18f3c82602a9a0a84fdc41,have flared edges
1c4634ae7f90dc18fdf2be5ffb8c9cae,have gritty feeling on teeth..
83e251f0de52d38817ce28e2ab00db6b,have interest
07ecb60cb98085680917f0f6831fc61d,have portions scooped out ...
a3cf07a8678344eb8de69b0da16c31cd,have portions scooped out or eaten away by worms
26f3c63d1d8578417b055e230984288a,he / she
8ca69df0db9576ae4a03738f5d6033f8,he / she / it / they;his / her / its / their
93c28de8c6e68f1910ae79f2a741b2f2,he; she
e5f6767d0439ce0f776d11d7e4a6d3a7,headman
07d77184e5ea7a48f4f63995c77691f4,heal / make well
ee39d1b595cca6fc66fef2562414a811,healthy; feel cold
afb8c2304da267be400bab27e6995c24,heap of soil
426aff8334cf45bf64105251f1c46024,hear an echo
d640d88c5ce15e23c94d8974ea04c863,hearth (made of iron)
8c1860a5f5ef6eee1f54a2ae80d1a2a3,hearth (made of three stones)
85fdb1a4db4eee529e4cc59f4a1e2cba,heat something by keeping it near a fire
1c6c7c919b416591c2c28867518e0079,heat something near fire...
8d9ba82fdce69f6fcc56dcc114a51fc9,"heat, be in..."
6bca0d81fb5c518769ec9d32a5e0e50f,helpless
83368f29e6d092aacef9e4b10b0185ab,hem
41d0657f4c3f2f8879c7203b14617b8c,heron
9a0d3b7c9e536b45ec4c841d352a3a0d,hidden by clouds ...
1f8daa42a7909be64802777a911b1443,hidden by clouds [of sun]
51a468f434975ac01df6ad108e336f5e,hide from somebody
69950f3efb60a4b1f09588fed75dfc11,hide from somebody (intr.)
004c53f7c4229f69231d2f33f07514b8,"hide, conceal"
6953baa4d075d52beaf9bde0669d5647,hide; conceal
28976ee81a687f5d50507f05916899be,high (very)
715b1aa1e5a1ce3903bebf838755893b,high pitch
60253bf5b77201cfe80bc5e288067c34,high; accept
e7e2e64bd3ccb2ed316ac8e734258d3a,hilly
08395629da82897c810df0f2cfda8ba6,hire...
93ac400dadf01148e8bb4bf0ee8dcebf,hire; pay for services [usually in kind]
fb8921abc765e606b64f966c5e10ed19,his / her(s)
b40620bfe4749e04279df55ec629f014,hit / beat
dc6e245d8a71fd1529ad64243f6c7270,hit oneself by mistake
2b2a959e627abc9ee40b55cccea56351,hit with fists
ad7f6dbb5003c2d055be5be06a2b23f0,"hoe, farm"
ade437d74ec26caebea01f1617673905,hoe; farm
0f0274e7e75ebe2f3a7dc3dc78cdb632,hold hands
c194e6b2a56ccff4f04d76e58413b562,hold in hand
4eb975aa037597fc193b2b95d12555d1,hold in the fist
bc28a975ceda2fe6d352b49fcf0395f4,hold in the mouth
2fe2e38d0a1449c49796c3cce335cb50,hold pincer-like
dbe0c59c82dd22249b1fe3972c9e20ed,"hollow, empty"
93772ba39a6a98e3982c435c01823a0c,hollow; empty
84f7674479bed050ab637cac3a692605,honey comb
d3b85fd471b8519bcfc998e725f757ac,honour by words or celebration
e1ad2dc5b2e903f4127323daf23c8357,hookah
63de4af9653505b42e9a1cb73cf68084,horizontal beam
8b42a1c9b8f9fde869f83c954b3d463b,hospital
87df60c28d5c5d6a28af057d3916f677,hot (e.g. of chilis); itch
69745142f71cdd1a907a284a41ec9775,hot geographical area
f52ea1f585f694eb7b920b3292cfce85,hot; hope / believe
d6b0495a5243caca29bcf62b09ded294,hour / clock / watch
30d958afa337b8415286b6f07bc4c039,hour; watch
246f35c08933163a8118806e5c0f311f,house roof
14aecefa6c59ca1c696b1096680b906e,how much
b0c627510bde69ec87bc923518647617,huge bamboo basket
0a24d028009da9bcb5ccdbb3e2bac08f,human being
07be15c62b9a2fb422f699f5b3b4cf78,humerous
9922ffbfbfefd89276030bdb29223a7d,hunch-backed
95c36e2cae0ff4e2238a811b9758b089,hunting dog
02780ed73c6a302da549e2f3b5f61eee,husband (fathers̊ sisters̊)
2b569e078a94f101d60676b480bb6a35,husband and wife
8cbb93140c3ff68aebece2decd5ea049,husband; male
6604963e730ec491d8127410a842557f,if / as
6a45c5cab938802c36c910c356f4a902,if I
b90d934a0b4b0481be3b47f97e188319,ill / painful / hurt
379277d10abfdd2113817c58afd348e9,illegitimate son
7c51768d747203bb841706c1557fe2c5,illness / disease
ffe181130430aff6386df37df36347f8,immediately
a040a91cefdd01d2a660723a8e7739de,immerse
c29ff53ff6c2ad6cc1c544b97462a716,in / on / at
ab09922799e8fbdcc722c641501c8e58,in a straight row
550e0cb765454294ce83b0476573f015,in abundance / in large quantities
e2ddce861a7ca255599fabd7d9335ef5,in among the meat
dbca720c5a6fd445649d207ee464b1a5,in amongst the meat
359139a0738db5767afb4a2e897c9ff1,in between
e2623156bd4c20406de4179529e82241,in excess / extra
c86d95c156e2fed2beaee5d2495cda09,in front
ed3b56f06f99c66baadcc0dfc913ae89,in front; first
90cd6ba09e5167e4815dd6109d3cf37c,in heat [of a female animal]
168e05d651fff391476dce213daedb5b,in search of food grains
596976a7794e9ca67b11fbc5557d36c1,in solid lumps
0fba551aa358dfe5b90b74d76f502eb5,in the jungle
58dcf7c118d4177f327105d6f4891917,in water
4ab38e0f5b73f870365964233821ea5f,incant
39530e3fe26ee7c557392d479cc9c93f,incantation
29f3c06ca9b5b8e13921ea621c1d919b,incapable
7b5459ea3cf12f9c4cfcd23fa54cde07,inch
732c5f06b549a09280c4c84931f7c84e,indicating ḁway from the speaker ̊
8bad68f012c85f536695f06a0f665109,individually
6270e4e7f6957a3045bf5f860897e1f3,influence (evil)
3ab1de61a6cbaa8928381e2ebe2e3682,inform and call
fd298ef21b08a6b2591b2b5058b95a9e,infrequent
e1fd994a0618bab55c03b8cfe1706b1e,inhale
175325ae7aa01761004972b22a08b4a7,injured
0989222054c1980e19acd5ca56b3ce83,inner room
c7e27845057f1c3cd5c30bdef4519ec0,insects
02bfb08680ad077c8a089172a0a9dc34,inside / in
788cf546459f808e54a427eb3941e80e,inside a dark place
8b7c622db8c17d2643390940ef792f70,insipid
15a839e82dec790489f73e43606ed2fa,insipid...
21c4c10cf031b95d9a50c3636431801a,insipid; level
0ec79c6f91ec7c87f181d19201b0eca3,instantly / at once
7bb63c7de5a5ee79356083a12f21e1e8,instead of
3948d2e5b6ddad965bc74d8ad957abef,interrogative particle group
a5b987261ea959a3718e86e96baea12a,intestinal worm
294b018da54a25579da9862682712f01,intrude into conversation...
bd8e527bbee1cce73bd14fc0d69ffd00,intrude into somebody's conversation
b939c4ce37011cee7be96bcc27096c10,"investigate, invigilate"
0b129dfc1809ae54888d3927cb5b3be1,investigate; invigilate
17ef384d7e5b23c918ef434c13130033,iron smith (si:k1 iron'; sek3  'hammer')
fcc3aa46751c342f1a017fe53b6d475e,"itchy, be pungent"
85021d7e7b3e003af7563410d5aeaef6,itchy; pungent
cead42ddd854717f4fb8351adf3ca40b,jaggery
fdecc4714b3be8aaeefbc93395861ce0,jail
68995fcbf432492d15484d04a9d2ac40,jar
1339103d98b821fde9c592d8cad3d51f,jealous
ce4f94e03bf1de8ab4c93ecc41639c6e,jerk / pull up (creepers)
5d3a62b37ea74304a26f0504a4893314,join a group
142bd51fd91e810c5bc5b2e242a084be,join up
6221da55c78684c6daa11cb41fae6797,join with glue
527a6f9f525b3fbd1284d1d33ea70125,join with glue (tr.)
e0b7e0a4e6717f4c13790f237a2dc897,"join, link"
d8dd3775bb37e0133ef802c457176b81,join; link
7e52ad5db2a218ad5b8766a7dd1ad0f3,joyful...
5ddf155fd8660faadf9734fbcdb24456,joyful; yearn for; want to do something
7f5f6fe999f49072cb704d71beebe83d,jump over
eedc8b060492e9d84055273b55208ec9,jumping spider
8ad78198d5022452bd003413778d536f,just before dark
516f747e3f669ffb0c8622332f6107df,keep a thing ...
c2f2f2fc503000b49da8345ff85f8d18,keep a thing remaining for another person while tw
42492606eb07bf5cec35e246eeb21be7,keep both palms (of hands) or a container to recei
a0ed2ccdafac577191d1214c3c58779b,keep both palms (of hands)...
855b211c3bdcd410aeb27e00142e546e,keep food as bait
5b4816d1229daf6a69e031dfd84d3f21,keep in sun for drying
2d66ec55e9544208280676dc5076e7ea,keep secret
289346b86030f0a05e9eacc258f8fa0f,keep something for later use
38253020de156d711c5377c6a11cae94,"keep, place"
b711cdb44222068612fdfbd3bd5c05cd,keep; place
be1d297c2693015dc214e8a484d8d970,kibitz
ab548b6e003a43d8afce433ccb0c22f0,kibitz (= offer unsolicited advice)
be21bb39348479f0b2335b1ce243021a,kick like a horse or a donkey
6d352cc5e40606bf398d295144379754,kill / slaughter
c887396beea0914e857c4e6e0b001780,kindle by touching with a torch or burning embers
11c09a1c8b82dcefe7b8d13cb4219fdb,kindle by touching with torch
de89cbd5d080c37c3978510ddcdc27c7,knee (inside)
aa869515f3a1c2fbe4c526b4f2ee8252,kneecap
5cfeeb1a23f3fdcb7412ba5ce0415466,knit...
18139c37d7c4b932574179404328c251,knit; embroider; weave with bamboo or cane
b8a7d03176443932f589a04f428293d7,know / able to
106dbbad52cb864aa7adaa7138223888,"know, be able to"
5133e854277f46722c542d72b72cde13,know; able to
c490825595c06727da1d1a11497eb89f,lac
a4272e597db66606f678edb5aa6333f1,"lacking, be deficient"
a935499e0aad6ce64f7f5ac5e91d2828,lacking; deficient
ff71374a5f063c2d288efd111b7fa714,lagging; behind; late
bc03b51c664215304476d2d6b76cacd8,land / country / forest
a32c792443b4f284984fefa8369683c0,land like a bird...
9fb03806e602c72bf705cecf55a97d07,land like a bird;  peck like a bird; strike like a
d3e1b6d5d061989318ea964e0fab6f28,large open-mouthed jar
a04d7d4612090f77e339ad9bc12e2aab,last for a longer time ...
a5c378e4c293ec2029068c45b1301c53,last for a longer time due to greater quantity
288648b9f24118a85458d5fcf032b9ff,late afternoon
f1c2d6165ec855a107805ec7fd80bdab,latrine (attached to the house)
908797d609b6d86f6e705d75d079daab,latrine (separate from the house)
2ec4474b1420bea70d2c0b39bdb71887,lay / spread
9dbc66dbe92dec0ca248af0f78c55400,lay sthg crosswise
25ec3293c2417bdb2c6362233bd43b0e,lead (a row of dancers)
971fb0e0ad38f6df5de531982400abba,leak / leaky
db584daec05c05113fc3ec7dbc8c2ebe,"leak, be leaky"
cbb878e34fc8fadae002e44a9e98d3a2,leak; leaky
1f759879ab6651380cdb7f77cde854ac,lean on something
98b9eac6fb06996d763315b6a13d9c99,learn...
614534961867606d42095d93cc8d1d43,learn; test to know whether something is good or n
1f600c2704329662ba8c234edfc1b228,leave something for later use
70e5e5ef64a5cc6f91bd07df53cd635a,leave something for later...
f6071b7aeeeab2d6eda5551b33585179,leave something to be used later by somebody else
aee2cc75160069887f5f1997ee575819,lend an object
e37e8d912e8f7b8f9b5ef9452ba47ff1,less
72a7fa85927d3e6fc17429af381b809e,let / cause (to be done)
342fd0f80598e8c7d5bde9c23bbec73f,let smn (usually women or children) walk in front
4cd0bc330a2ee38723663b499ba3d876,let somebody walk in front along the path
4217006b24d1acef794c8bdffc1680a0,let somebody walk in front...
d9d1fbc72a8b867876a83bfc1d76ba7a,"let, cause"
18744ea2d833c7b28bd2aac4afe5905f,let; cause [occurs in compound verbs only]
8cbd191432b5f52b48497313f966a4f8,lettuce
588cb461d5dd9202f2e7e9b88d00cd7e,level ground
b50f4477c3b28528e41b2e8323440fb9,level the ground
e32905577d90b38d978aa251132e008f,lever up / rake up
6038683bdf5ebc3faa47fdd23e97532e,lie down horizontally
d320a920ede5eabbb517bc85dbd9cfa2,lie down horizontally ...
d123e7d6428cc544475d3a31cde88b2e,lift (sthg) up / raise
29d36fc9f221397bf1e69f0d15636bd4,lift and hold
9961cbe5a9f5b29a1b0f747eae5ad6a1,"lift end of long, heavy obj..."
469844f752356183c144a21be27d4e44,lift one end of a heavy and long thing; open and p
f1b60c666c3bf922141bc9125f74e418,"lift, wave..."
13efe7df0307a82191d17a8ab267738e,lift; wave; dance ceremoniously carrying the head
183a5c2f7280f25ddcab4e205aa5d83e,light (a torch) / appear (e.g. of the new moon)
e04d3b87b634cd8ce3a2cf3f5a64b3c5,light ...
97bd1a48ae57dd96fa049f4cd0056117,light / brightness
9e976e998d468bbe088c47018e1de6cc,light a lamp
ef98d5b530dfbce26da620247410ed84,light a torch...
b705bcba58910a6e0bc3eeb41c79095b,light a torch; appear (as moon)
ccf7ad454808374ccce60ad03ddb7b0b,light and show a torch
f371731242cf42310d362406cc840db0,"light slate colour, be of"
62889f02a0d14f426282d8c23a5d9306,lightly / with easy skill / deftly
b06df5f227cb128c73f85d3c6f9d7306,like / want
60a2b421210de765e1a16f9f56ca12f5,like something...
d3bf3e6de170d6040205b9fa5a347c6d,like something; resemble
b7570b99262a58e563ad29aa81b90df2,"like, be"
03f468a3eb9bf23c937c734ef23197c2,"like, want"
49b90939a74c7d4cdfcec194a36c4816,like; same
62eeed6ef27e722a876561fac19f59fc,like; want
89f288757f4d0693c99b007855fc075e,lily
55a9a965045e4b76daa3c66c635e1966,lining
3c4808dea2e3c560928c75fb578cd9d3,"link, connect"
5832b81610c59d0c021adf3a8b4a2f11,link; connect
a8c8a1a929258acfc31ab037eb5eb094,little away from ...
305d1214ea40216c3cb82e2ac003a1ed,livestock / animals
595201ede490a075fb19bffd2eb9258d,living room
ec4d1eb36b22d19728e9d1d23ca84d1c,load
f3588377a4570d173ef2b637dcd476da,loathe
d5189de027922f81005951e6efe0efd5,location
023901be1f729cc0679195059d698ac8,lock of hair / whiskers
80ee6b2b0055773e884889b3c71f4f62,lonely...
201e3881cb3b320ed7964ee6b7eb7208,lonely; feel the absence of one's beloved ones
b0966a49dd1cca7b5249dd349a0d1a46,long [in time]
5a7af794e8286df7bef0baa294305195,long [spatially]
6598e605518c94280f2a0f4881119f61,long pipe like object such as a gun
50c5711f4e11a3cf182ff0aafeeaf997,long-tailed monkey
dbd9edd59f884503024ae2443db76416,look beyond
4c54bbe5bb87e23a2087edfd8b32f718,look-out platform on a tree
ab7b7ce0445954a38f13afe4f035cbb4,loose [= not tight]
c4d4e2b1d71aba5c5f25cc8863c3dc60,loose one's privilege or possessions; miss a chanc
897761b12fd3a5d0af8de3242db926ad,loose one's privilege....
1293e5e885f5a76b89a1725aa1f236d2,"lost, disappear"
1ab45cfec5609912ca40776fd623634a,lost; disappear
5a556f73a1702b799a379a64e4d8d737,loudly
7b10da76770308f1242abbb60f36a9f7,love / fall in love
e4161013d988cef646955bb80cebd949,love deeply ...
dc9ded0b77b1bfede189117ecc11def3,love deeply [e.g. members of a family]
a75dc2b683eeaf9cb63750fb6b1be634,love one another
2e45b18a9eb0d35de7f91673ed782f1b,love; listen
c80d77cade99f46867d646400487c692,low voice
7fd122ab0bc3c1c955f63c0bf5157ddf,lower part of the abdomen
867c4235c7d5abbefd2b8abd92b57f8a,luck
339a65e93299ad8d72c42b263aa23117,lucky
31c83f444995352d1efc898d037f77d4,lunar eclipse
bba63abce25e43b4d8d2b074750ebee4,lunch
8d7adfe1849940a33b08e02c0a58842b,lungi (for men)
c04205ddc2d2db5d2e44f00544e28f57,lungi (for women)
67cec3e09419324c7a65104c3041c177,lying back to the ground
979cd95a77dd1d972185ad217a8f9719,"make a mistake, be wrong"
7f18a04719ab89e158d749af4de9a4e2,make a mistake; be wrong
16a1cda3d496543448106420c54d2470,make a thing hollow by scooping out
9d115724c6eb1b421cfdd5fc2dcd38e1,make an initial inquiry
e09e1135bc8c424ab29e309c4c69d791,make hollow by scooping...
3c6f761741bdd980abca40126ec78d46,"make peace, harmonize;"
1be78a0272f8d95200a15be1e4725d70,make peace; harmonize;  fit by assembling [e.g. a
0addb5afe26e468decd18729a5dce1b3,make somebody pregnant
209ac0e7d5c78154451805923caf30cf,male adult animal
3a485cf58ed785a1d930ef32d28dca8a,male person
c2c42348bb00193d4e686f9837df8127,man's in-laws
cea28ca4384dd3bf5a23a86297c7104e,manger
b444109bae07e06b4f4cc01157bca9c2,manners
919d126aba4c066203e499224c166d99,many / much
68acd21d4803f359d937858ae34c6980,marbles
44d7231696044319858dc2c9a498f0da,marry
6e84f02af85b715f51c2abfb2bf92e78,"massage, knead, strangle"
fb61fb11d6e46bc709efcaeacfc3e1f4,massage; knead; strangle
9c28d32df234037773be184dbdafc274,matches
64b51654bbb84566493f426add196cf0,mattress
0eb9d7c8343f6ed7c88ad8f284fbb81a,"mature age having tusks, be of"
56e3161dbbc2d22e34fbba76e451a06b,"mature age, be of a..."
101587ea2a4559f6080ee630c8633895,measure of weight ( hundred ci2 kal1s)
e9e1f609800496091e1b929e86afe3d3,measure of weight (= eight pi2s)
bb813bde143aa47479179bf12d77008c,measure of weight (= two bung2s)
411305a360eaf0d281cb920bba30b06e,measure of weight (= two ta:ng3s)
0687514257b67e6da84d1a68206ba684,measure of weight (approx. one-seventieth of a kil
35b568fae83a332ff5425221526f835f,measure...
aa4d5007cd5a837e9fc2a0ad5aa6cc3a,measure; give rein to uncontrollable feelings
5158c6e20b98fd9223937f43de180b04,meat-carver
f95a3520b0a2e69981615128521e638c,medicine tablet
7e3af99ff54376be53cf4af101a7351c,meet somebody at a later point
9b3e901df04553a8d6ef4dc77973025a,meet somebody at a later point by overtaking her o
25908e8a6b56b0f7703ec91bfb191b47,"mell, kiss"
3a2cf27458c9aa3e358f8fc0f002bff6,melon
4c94e3115c1eeb9bd1e5e4bcb0bcab4e,merchant
31c60a7c6b8dc1607f9adec5779036ea,middle of the back
a62c12c177638963fe726e02dd67966a,middle portion between honey comb and beehive whic
1506aeeb8c3a699b1e3c87db03156428,midnight
8b9ba566fbbdbd259ec4f7960fe053f9,midnight snack
7a4716c48538295581f376c279d922b6,migrate and settle
ea08e678edbf8892b8d67fc36f4a3bf9,mile
bafd00e88d3bc2053298e90d6c1a32e3,million
975a800071ccfb77ec11002c1231bec3,mischievous
e11363374458c44f3385d8472280f4fc,miss...
9e98cea939933106228398719859bc4c,miss; show signs of pregnancy; go astray
1f216a224547d833dbba350ab8cf507c,mistress
6e2ad27e308859791a15e80bd0f7e007,mithan
4e8688e06c690f66546d21c2bcd77ae4,mix (tr.)
c33ebc7e5aefe6fe1b54be07842a59ca,mix together ingredients and put them in the ferme
6b84bd831044dba141c4ded5068c967b,modest
1d2b3715954611130805f69f24420c66,moist due to lack of sun...
242cddd3f2ffd251b729281d34f11ff5,moist due to lack of sunshine
5a0b281e1bc78adbff89680341360aec,moldy
944ba223a5c1b5f4b495708e7cd5ee37,monday
aa60b3f5614329b6a07386ed7b16956a,mongoose (variety)
171b6ba14aeefeb08caf15065042a4c2,monk
addec426932e71323700afa1911f8f1c,more
3726d6e9f2b134a1eb4bc583e4b9c148,morning star
bd8c9c3d0994303e20b93ec61c88aa3c,mortgage
f7c0a09108cdf26287c1bc5af2ed1f93,most
a6e7fd48e38381d647682cdd9db44376,moth; gnat
41d538f481d277a98c947f624ad1692f,mother's brother's wife; grandmother; grandfather'
72d46afcf0bbf195814057d0a6fb18ea,mother's brothers
1bcdc6209ab8495398e6ec8dcf5f3607,mother's elder brother
e4c8b847cb97968fe0ed196efb9599a4,mother's elder brother's wife
cf5359ec1d1254d506b46d767af4fb94,mother's elder sister's husband
dd574d6f85a53ab8073561da3f6c050b,mother's sister
b76b9be438bf7787d2d71adb2a830fcf,mother's younger brother
cd0311d4d68d7aedda1b1a918e751423,mother's younger brother's wife
924f5a886c7c863e05446564fa057921,mountain peak
69f8456415a1e7ad60f0be5864ed1a2f,mouth / speech / language
bc42c06d0be5f3fc375175f40ac1a065,mouth of a bottle or pot
79f302e102d11008a7af84e5215b5ab0,move (intr.); be ancient
73b487cecd5486d3d50b6929f838a884,move back and forth ...
1459bf0c81a8f7ec01c4a673bbe70da8,move back and forth while standing with the body c
1ea22bedf9e7b3cc7d742df910b56ad4,mucus / snot
a728bcf6fd2dabf4e280135cfd66f304,mulberry
b6f7f0bd5b16ff097349537b0857e290,multiply by reproduction
c499c1fb2bb55d38e8e2e37137447041,murder for money or valuables
0a5cfd8a0df471a6a66ac1f9d70e52be,muscular
d00331962900f0da9be7817649914622,muscular...
5eb9f19e1d8e168457954f9b8c12bcbc,mushy
ad658136f8c83e2716b0f31c1b83bf2d,mustard leaves
e2300fc845a19286d41ee0abdb432fd7,my / mine
2732d4fcd0785b515fd035d1ea4a7bda,mynah bird
c106f18af603fd4a3df5bc2eaa22dd8a,nail in
33c267f0c2bc93fe21d9d5c6975c095f,name after
8058c639652cf47a23dd55b1a8008152,name of a hero of a number of well-known Chin folk
0a906d29ce027774d2b940b99d4d57da,"name, invent a lie"
64c25f7cc106423ade1787862e5e02ca,name; invent a lie
2a3aceaa9b6ae5cb320261a65cf1a997,nasal mucus
dbe9454e9d8631d841c29589ad155186,naughty
c4c23ea91caf207a9fe1015688505279,nearly
87683cb1cdb7928077a9d14b6d590d78,nest (bird's)
ac31545e18c03758a84dc603d4b06899,nest (birds̊)
33bba7dfdb3d6f3fac3c4ad990ca7dd9,new moon
6a5b10d5727c1de889e6b7f78760b7c9,next month
42cdfef0f7b99b2c8e837da0a477c597,next morning
e80674170aae03909a55625e9cc9cf97,nickname
fa652ab6004d7c93746cac5557163794,nipple / breast / milk
5f2bc8db49c998db9503b97f3c005f25,noisy
370c4894f572137e8dd296a79e5e146d,nose ridge
ece4d9215a6d552da8d09a2e097c5b66,not to be
8c14dd5ef5f3bb50092d0e095015bebb,not to be / non-existent
2f2cf94c2e106133a42549fa0bd8a624,not to close properly ...
01a4d17001c57960babe24db94e147ac,not to close properly [of foreskin]
efd2af60c8501931cb9c736b5ad74f65,notice
ac62d93bea0231e415b736c0aace5b77,notwithstanding
b17ff12e52c747486e48809bf66469f1,now / at once
9c6dcfb2f9b7b31398cebd71a40226cd,null / void / dismissed (of a case at law)
7b0aae9843706d1c40be4e8ba0223e1f,nurse / suckle / rear
c7cbda2bb7db93c2df1c90f80d1c08f9,nurse the sick
51973eca30e4f54bad4ff36f7310568b,observance (ritual)
542eeed16301f390a6fe94699ad24823,observe a ceremony
7ffed35ff214fcdebb3220697686e4c3,observe a ceremony...
8b7eee43c06824d780054ad758f83367,occupation
0e704b90a60c9aaa2322435b29000e1c,of a mature age with fully developed skills [of mo
69e49bef01a86bfbd8cdbad849afd482,of light slate colour
89b55ba9fc747973a40b7b3390b6cda4,of loose character
f53d41673bad47e75ee4073ef06a52a0,of mature age (of birds)
f05b37770216ae56a892318913af7a41,of mature age having tusks and having fully develo
7841a93d973d05ad4707dc0f9a05b528,of sufficient quantity for a particular purpose
1f031247d933d2e381ec966085759b8f,of the consistency of fine particles
e72f4545eb68c96c754f91fc01573517,office
749c18e1f1dca61737e2327195ad710e,official / lord
5bce4bf9941a96720e66913df4e6a12c,offspring / child
f77bb70fab1cbfacc19d0c0f5ac138fc,often / constantly
719da72cd9d4f6d732295ee3c45a2f96,ointment
6e8cc663d2980404a19deea1077d7888,old and hard
f488b3edf4330440f98fe93c23456260,old and hard [opposite of being tender]
cc6cc7939801e42f6480cdb5cfced0cc,old; thin out
d8531b3941d19ac2fe920c503d3d3d4e,once again
bbe8ff61aaf9373b8e80094c966d56d5,one after the other / in single file
1e3090e9888103320df93bb74fcb5ae5,open (tr.)
4f073c6ab203013bbf97446102f0d695,open a book
352a2d3bc1ff8fdf643637091528384d,open eyes
e6067eb569ae20fb969b42b7404f129f,open umbrella or wings (tr.)
2f948f93d31b5cc1b3878ad7d9d93a67,open umbrella or wings [ki3 zal1 'to open (intr.)
cff001d0bba65f8fa40bec5a91216551,open up / blossom
de824b19ae5cfc8a2c978659dacfbf01,open wide
beff3e16c304652e527fc2cbb8cca30e,outgrow
b96c8223220b277b60ba139f6e6a8d76,outweigh
3b759a9ca80234563d87672350659b2b,over
6455f2a0316bc38f9cdc7b56e58ae019,over / on
9f617322058e7cb8070f2453702d4a10,over-tired and become immobilised
df84dc195bce4a8f55eb873daf61b924,overflowing
c26b16a864665152428830b8a0a213e2,overtake vertically ...
246a42e866c68f2a68b97f222db358b7,overtake vertically [e.g. a plant growing faster t
16c08e386255ffa2dad8b562fbe961a4,overtired
7a579c12e64f66ab4a5b65c8254fa6c3,owe money
123d474c1c3bcbe71e05df8f6611430d,owl (big)
b526f3b3adb7d96a974f08ea90b4fd04,owl (small)
b515e18aa3fbe7d264d7ca5a95ef73e1,own
cb615f1ef495668301087726d679649e,"own, have"
9a3f202baaa932972161fc9625dfa4eb,own; have
5360b37c5130191f972e0e5c0805f52d,ox
8e218227a4ffc5a141ee8d603aab28b5,pail
64895618f81005f19312199cb3f7ed9e,painful
85a6005acd35cf4f8a096f0ac6241fbb,"paint, anoint"
3287a3987204fd796bb9eba508ebd2de,paint; anoint
2d6128bc89c98dc7a4462e8b310997a4,papaya
7e3f660480ab1640de8024c200b5a4d3,paper
2cb11d353085a5adc8f749256a060634,paper / letter
15fe5277bf7b59c961953cd2b8838324,"paralysed, be helpless"
55fac03a739112a13a709ca37949616e,paralysed; helpless
9838609d58c00f5b378b98697c56e642,paralysis
55526069a3c30ca31c514d16f46361af,part of house
ca2146c87687d536a3c1cc790db6059d,parted hair
d62e1c1f9bc273e0775b4a476b65bf6e,participle group expressing surprise or unexpected
ea0e393f86368e508a531e290795ee55,parting line in hair
3353b007822eb5ea32b7a9e4017795cd,"partition off, separate"
8ce358ca1e3a27ea79bb751a863fc672,partition off; separate
b20a3433164ff3e9bff0a5b1596a134b,partridge
1aab23051b24582c5dc8e23fc595d505,party
75467f0296ec77e7a0b2f145e5a52847,"pass through, translate"
731d69c6cd047f71a790f3fb4383b3f0,pass through;
3c6a5b72ab3d9cf68ec90fc477014bde,pass through;  go by
e882a17021beabc34c33a3ecfb43a8f1,pass through; translate
8874804e42b5b0e8a41ab6327a7447e3,pass wind
2368b0e4cf6ef62266d21e8a5c17dd4f,patch...
1f19afea7d6aec68662f5b4c66416c75,patch; put one flat thing on another [e.g. put one
ff914acd7e76844064d1fbcfceac6af0,paternal uncles
1e270a3d0d153ddcb5ef9f1a6ed57f1c,pay a fine
5262abc9c06978258f9e16fbdeec070a,peach; plum
14bc9675c034504da37ae9cb0249a1aa,pebble found in river bed
1c1d105223dd9b428aad9720c348466c,"peel (tr.), slice"
bf493df377485aa3ba24b92e08d8c6e0,peel (tr.); slice
425a7efce9d107ef09de4bdc2f9fe5a4,peel off (intr.)
a96a2bb939e05220d76ce47b2ba21ccd,peel off (tr.)
94c9a93e844c7486827a8859cf1d4c86,peep out through holes ...
b4290afa7d1ef8218f7030174596428c,peep out through holes [e.g. potatoes in a bag wit
8c3129d875b6e3eb9f05d672349d10fb,peep out...
dc4eb4ac2b69b651b477d7cdd24dc38e,peep out; raise; look up; look beyond
4ed1ad576f2e38076e7af388b56d3139,perch
f2c56b632b8cfee3b91a88679bbd9965,perform several functions at a time; attach; fix s
68888047453dbc9bd1ef188a051133bf,perform several functions...
d7c00f05064ccce501b1e79f312212de,perform voodoo
f7965de487247b93a9c607daf6d97284,period of sleep
f6e596460c65ce05a378d8d7731e28db,permeate ...
e7fd8fc2b1345edf4e7a3893bf515df6,permeate [like smell etc.]
7aa858d6185de416699f81538e42fab5,"perplexed, feel giddy"
4ca43de1871a31b52f2976e6d6b90554,perplexed; feel giddy
0611f76084233d9a2a8da1d515846886,photograph
8bf2c9cc8ad5c3f487b4b707fe7a49e0,physically obstruct a person or an animal by means
7807c1e8e202a5b908da8f33a97db5e1,physically obstruct a person..
ff5e963c37e00cda3f981f63015a487c,piece of solid long thing
590d8d939a653f0fb1b7ff4d180ff569,pillar
822f7b78d9b659d3399f1a1e63d38fe6,pinch with fingers
9dee45a24efffc78483a02cfcfd83433,pineapple
69d6be672a769a68880b346799f6479f,place / spot / point
ebe6c96c492cc2b51b027a84843e1da3,place meant for a purpose
9e495aac3b3095a11582dce03f8ed7c7,plain field
6e6dbd5a73b06fdfb7525759968016aa,plait of bamboo
dcb1c919a1dbda7290eb14c5c9a2bd95,plan...
93e6d52b1429c260b3b4883a85536deb,plan; contemplate to do something
03270ff40c82d937430578699a871691,plane wood
17325f4b9d9883b10a05936f8c43ada5,plant...
399f67ba5b9f38797bba79afc5c44849,plant;  take out a pot from the stove; push out; d
60eb6e6f95678bd3bc1039e4721420e7,plaster with mud
b79bb514ab0e01a8eac51fc22826ef26,platform / tower
e17ba483a862adc7554debca210721e5,play a musical instrument
9f9cdda8c25d8f0194881deb139c6834,play a musical instrument...
ba0ed20a21904acf50f51bfef5edf373,play with a sword or a knife by swinging it or by
3ad4c7e0b029eb99ad0f5863fd3db51b,play with a sword or a knife..
812033f9cb2ed97df36c75d3aefbf5af,pluck fruits or flowers
2486d133fb35a79a616599b5750d772b,"plunder, go on a rampage"
d4b6fc9e180250eb9a21b126bb79e7c2,plunder; go on a rampage
dcc0caa97588ee058c2fcd764e5f919b,pod
1878b2264a0e14d7811f5d0105dd58a1,poke blindly
e4e1eb18ef53675f340e401be369f09f,"poke, stab, pierce"
6e685a544276d0921b91d5b3b59a24e1,poke; stab; pierce
cd9e99adc490075e1e5a3c139c612cb8,polish...
ea33c23440b23070dc105b6a90fa9c58,polish; rob
6ed5d4a21323e9e5e3c8219b77d3d9fe,poor...
a68e69b866b0c51e53cc872edf16be18,possessions (buildings; wealth etc.)
785dd412ce0f0c6b117821f55f2e35b2,pot (aluminum)
20112b7266710c50c0e8bdb9db70e93c,pot (beer)
1767401c0406679e4c3491fd2f58e5ba,pot; utensil
107645fffe3aa8d94a4b0c43dbdcf7b9,pounce upon...
d73fbf745871eb753eae436b8d181f5e,pounce upon; seize by pouncing upon (ki3 bo / 3 'to
be5834656abb7c2d761333c9c1783dbe,pound into shreds / shred / fray
37670f216e9f412ccac2d3d1d904e272,pour
016506f4413509d25f7fd0432dcb00c3,pour from one container into another
f4d9a55f70bf9e036cf9bb0291e5b6c4,pour liquid into a container
a76e0b4f09146cde889e406d104f67c9,pour liquids...
b6ef35ad98393418e21284cadc89c9e7,powdery
3e985f34ba241fa42b254584aa38433f,"praise, glorify"
eab6114992431bb8d8d6b4b68d715b37,praise; glorify
00c02f976cf2856ae6fb3fea597ad8d9,prepare a new farm by burning
bc6a2b8c8e01cf0de9a713d258ad031a,prepare a new farm by burning a stretch of forest
16c23f11d0968c8006b2adc1276e8626,prepare for going out
0df18ebf0495589d399ec634a3b9bfc7,prepare rice beer
552ddf1deda9365dc1c65dede78129cc,prepare rice beer for somebody
e0e4af4fc0d40b12b5041fa2eeb0df6d,present in full strength ..
d7d3efe1337de4b2ad496b9a066985a2,present in full strength [e.g. when all people of
3ca2eac12f46084cd5b1cd05ae872260,"present, be"
7e636fe8419e3d6e5b94de54bd194257,press a trigger
3ec1bc71ea40831a298059759446d643,press down with hands
adb0d0c58d6170003f75fffae8513b04,press something into a container which is already
5e519de72c0813906cbd6a554ee93ae4,press something...
75506340014d1a2ed2e1efd63611fba7,"prevent, protect"
308901b67fc39ffe04f7de1b29aa0337,prevent; protect
5d3946576c4d131114848fc665e8905f,prisoner / captive
6b968a5553df8f9b61cada34bdf4deaf,profuse
c890e56c2b27477301cd2c69c825a283,prohibit; feast
02f4e79cffb0b6c4f522fca0ebcc5502,promise something for getting something done
faa4e7a0af164f3e5f7337fb1edf47b8,promise something...
502f37bd50474e212826d94f150c96d1,"promise, vow"
213f5ad310593fde7e11df4afe643a77,promise; vow
5945af039c412cdbd11fc6c98c495f36,propitiate
21d0db576e43e3bf7c60362aaf832ebe,protrude out from an arrangement [eg. a book from
62a092867b4d5a40ef77b089b27e184a,protrude out...
d78a65cd48381e0e7d11af78484e9d31,"proud of, be boastful"
af2c17809cd569f0b8c6d54b0ffcc68c,proud of; boastful
05d9e70ec28495540c87de7fbd21c453,provide hospitality
a19ea58e421aba7dd20e4ea25a349abb,provide things as part of responsibility [e.g. par
735217d5a9033e6373dcfe05c03bb9d2,provide things...
53aad639aca4b5c010927cf610c3ff9c,province
2732212c2ddf004a3ee2229d158fc3f0,"provoke, challenge"
dec2ab0ffae2ddb1b1781c877d12eaea,provoke; challenge
0859ae9fa8a1ea15fe6e17151253524b,prune
31674e5ea315cc9bf38990afec3525a4,publicly / widely
1739a2cf9e8e79da606fd4932f8f6eaa,pull down...
8063f4f72cdb8e867756c4be285d8208,pull down; bend down a branch; swing
1ff361a055092f5f87741a955c35aeed,pull out weeds or hair
3f6418eb1c207578750ad9c5ec022718,pull taut / stretch; foretell the future
e9bfa183893bd787f850a1f0663cea95,pull while holding...
960adb1033a5be1249c4487d17743d79,pull while holding; subtract
c594b08c55c5d2fec94b6bf5d6520b22,"pull, haul"
d4abe4b93a3957ae49d3b41d369435f3,pull; haul
9a144056877e5caa822b084bb6eb6f44,pulse (of wrist)
87746723861402f9458ed62cd201a4fb,pumpkin (golden)
573413e1b7c248149651127e79943b84,pungent
91ae3d33221390bbf5d7e80eff485a73,punish severely
97d839ea4c0f5d558e15e007ec8852e7,punishment
f590e5206821b48e324e848515f6ce42,push a pile of things ...
964dc3ab7b0ae9d6c49e53e91799ad9e,push a pile of things over a surface
fd9bb4e759c9b29560cfa5a39ce8562b,push with head ...
b96419a3ef65145c929c5d7348c607e1,push with head against stiff resistance
e593cbf31c903ea17ee0ce225f5bbaa6,put a ring in nasal septum...
3bdcf5c92da700b5feb19e0dfe3aa8bd,put a ring in the nasal septum of cattle
e6a2deb4a9affd369e23e9b372e3c3b7,put a thing upright
1d4c613e64761ed0921464aeab0225d2,put a thing upright (tr.)
ed9996f4e5cbb4b9a37bbbe30398df16,put a turban or a veil around
45a91c48f9e8e099a1e6364751b78148,put a turban or a veil around the head
abfbf5bb7577ac1f6c9b483675a06cb5,put blame upon
804c3c51139cd15e5a799fa9462b9936,put down or lay down a person [e.g. baby; dead bod
da53a58e2e4088fb751dcbba9e5bfaad,"put down, place"
14f2729e9187895188135cbaa07f50de,put down; place
a025edf881b72562ddafb17e4549445d,put into a container or into a hole
42fcd9de1a128300a4adb476594deb57,put into a container that could be carried
ff2fdae261958b69ea2d3f9ebacd466e,put into a container...
2976f72c3f466f27e5e0d170a040e1c2,put into a sheath ...
122225286fba771754a426d6362dae36,put into a sheath; insert into
0a860b8d4d8a683edef05c1b98f6f5fe,put near fire for drying
70bc09724d1016c05e37f152715b5b0d,put salt in curry
dd6a0e68267b956c3a11928fde8570ca,put something into fire ...
75cf5d954ec10c93f116c247cb85c62b,put something into fire [of things which take long
15d5fff60e44f3571e53f371d8c28aab,put things in proper places
23eeeb4347bdd26bfc6b7ee9a3b755dd,python
803a5613569e4b1ea435be42f1134693,quilt
6b66c0af60eeeee89265259384812f1e,rabbit / hare
e1ac4305d15f8570e1afb82049dc055f,rain incessantly ...
a180d085d3ea1bece3cbb67aec02239d,rain incessantly for a long time
ae8281b7d0d8c175c71bacc6cf3b34ca,raise oneself / lift oneself up a little
b480aae6b9be0420a407045e62760399,raised platform
65dc5d2a03aac87b199cba2986986d05,rank
757725785438a28a15e684cf84543fa5,rats and mice / vermin
105520b4a7469483ff3210ccb6043bf1,raw as a fruit
98a5a9d47dfc010201760f7291e99b29,raw as a fruit or meat
7d38d606200a9d8ea4858d884fc836d9,raw as a fruit or meat...
5d8d8ec55cfaf754e72b02c8c2afe691,reach by hand
8584d7a6c5f266740f198b4fb4f88039,reach for
c34e067eb331d7502d81cc46828e4a30,reach the level ...
de0b6148290809e0125818508bbe477d,reach the level of something else
ddc383abbfdabf84b1c76c6ccca58919,reach up to
027be41147d366071685672f4560dcdf,really / actually
eec39b0c7e66a749ad2aa88688e7b8ee,really / truly / thoroughly
3be81b68d50db275a9dd2e38e252651e,rear an animal...
c7c4694ed33832a81e3844b7befbbfbe,rear an animal; let something be [e.g.to let beard
5f7677532682af88566f7a04dcb424d7,rear by feeding
a87673408ad9671cbe05c1a0e4267d58,rear by feeding...
81d13dba80e5fb7d34f99bc4f072c4fc,receive / get
9854cdda26c495b51e6a7b83938ce245,receive as a share
2800b53aa48fb411f7dc0bd879a46cb0,"receive, accept; be high"
cf765e04a265a2c8ad31e29e9c7d3500,"receive, get"
ee9183b00da5df38faebfc2441c0156f,receive; accept [sa:n1 ki:k1 'to reply in the  for
7a4c2a64e18dd0fd2d4f20c26378df1b,receive; get
a470fec39e65c2118b89548d1d1f6733,red pepper
1bfd03231375f60fdd2cee2fd259860b,red tailed lizard
4f2163eae71e7aecf342a3742d059a3b,redeemer
c361ee72f1559105051ffb9bac309c5a,reflect
183deb9049d79d5a22ce7b08463194f0,refuse to receive a thing...
b80b05b7ca9a4311d7b8caeec14eac03,refuse to receive a thing; refuse to accept an inv
a4560d50fd5b225f745d2b649c927d48,regain consciousness;
89dc92ddf319900e1901836a7f19c544,regain consciousness; feel a sensation [e.g. the s
b9ec0bb46effabf842ae8066a2119bf1,release...
d33baa62425474dafc94ec8927f7b812,release; put in ingredients while cooking food or
8e2bb981f1bb93f356b6974a54a40fd7,remainder
2626772c17d90cf46be4fe981ff30ac8,remaining
65e9673dbab31bfdea2e1ebf36843dda,remove a thorn etc. from the body; operate surgica
02e90932cb81aacf8037038f11140d59,remove a thorn etc....
b6f3b4b5b8b20e28fb9763001bb4b079,rent
569400729b25e075f1f6b6d02a458230,"repair, improve"
0c354163461c4ce40ba35244f942fa6b,repair; improve
5e47f73e3c18e756192fe3adfd843b42,repay money...
68be9418ec242b98f5c48d3419dd1ac5,repay money; replace a borrowed or damaged object
c3127d55a1f98e7128def923862d12f9,replete
e8f355b352d15425c530ae24bc03272a,replete; have eaten ones̊ fill
f594f8fbc114e1ed41b9bf44e459847f,reply in the form of a song
6b156dfccc8020dc7a84e963722b1cb0,"reply, reciprocate"
0c2dda3e1825fba7536d831aaf489df9,reply; reciprocate
089631a926d371904fce1286d13b04e6,report secretly
d4b01520f7a51e903bada344f6cf6d60,request earnestly
fd82dcfc9d706a35ab76b2b8ef397245,"request, ask earnestly"
03963ff373dcf4f5c9603091b98427af,request; ask earnestly
0ff904ebc0b64ea42894826b7b325020,"rescue, save"
8bf439e900a9a98cc7612ab993ef9109,rescue; save
7f005c3fa691e77c52d3297cc2699072,reserved
2317a2975784046a46bd5278ea79048b,restless
77272cae74fb5ec873a4de68218b0d9f,return home
7b9a89604e91092955999fca7cfdb595,return; repeat
c5237af08671c47fe1de98a4a0b3f844,rheum (of the eye)
6979f83e51b4746e1de3d862bf8713e2,rib bone
e6adec535f47592414cbaea25c66b381,rice beer
21d2e1b1bf57f261253e33675d864f4f,rice flour
2f019fbbafaa6252529c7648b7f41e57,rice gruel
0e7d62daa9960fb3ea3fb7b71bd882dd,rice husk
9caa8ce3544109f158b938fb333536e6,rice ladle
fcc85780af5c4ec36bd3909c78993296,rice mill
089f201406d85cadf8afd9fe2be9dcc0,rice straw
e2f92d86b2d12972c2d2a533017ba7a9,rice with husk
dfe8a987144fd5ca65915f0041bff3e4,ride a vehicle or a horse...
7f012208ab91cb66db79ab0bcb6badc7,ride a vehicle or a horse; perch
053956a6a91155cfb85ebd2233f6e84b,ridicule
0b52e5d5d68a892b59c365dbcab85c6c,right / correct
a985335bd5e32f9eb638b90e0d0af29d,right; accurate; innocent
8764936afb21db9af91bdd94d8268a2c,right; real; exact
1a5df958e0f29d35594c7cf057fe4bd1,ring
2f53086555b7fbb940ce78616ff212e5,riot
ffa3df4ec05ae9726969840171a32412,ripe (e.g. corn)
dc47637e1ddc68dfa5494b2f5b3f5a91,river bank
c67acdce43d2992a15edeb15a48d0fb6,road / highway
0c28d598b0a98a5f5fbdeb5a4babb6f8,roam...
86dfc71e1a0d0e69988392eb61f75a81,roam; go out without any purpose
1c2c1a8aa39b354a7ff6fbbd72c33f25,rob; tackle (in football)
7cb41050555d01df792c2bb0579d5fb8,roll (intr.)
4f59ae836fa6cda8eac29cc8d72bfd07,roll (tr.)
3ea2d449b3737fe32fc9cf55a5d57fbc,roll a heavy thing slowly
0ef5fba0884c0a5b184e937aadd59af3,roll something into a ball ...
8081cf6f32668860d1cca68e3f39c18f,roll something into a ball by hands
71280e07e27b7ab95a57abde2b38ec88,rope / string
31a021cb12804ea594ae79f9de199a73,rope or bar for hanging clothes
fcdc7b4207660a1372d0cd5491ad856e,rose
620bf96125e5b94711a3ff88eca9e98d,"rot, decay"
ae71c036b07940125c2909606d5eb15f,rot; decay
64c2a091cb78b147cd19cde1abc93a1d,rotate...
4d1834116eefa95e4fe2dc75e3db7565,rotate; shake head; screw; spin
b8e9dd60bb3d00b65db7afde20406149,rough [not smooth]
6c9c3d852f4ce2be7abab70402fd9df4,"rough, coarse"
61d34e9b46d961bcee2efccd7ccb91da,rough; coarse
5b467be41ebaf60cdbe9e5af059ebb9a,rub hard against
3f253b5ab73e2d529db2d5367a400609,"rub, mop"
a401344d8d33f4c74ca062901b87ee49,rub; mop
a6b0d428cb67dabe09331a620f20771b,rubber
540c023d9e4aae53f8010e76bca08d00,rule...
aed64ad1bf4f409f8f56124efe64facc,rule; not to work but lead an easy life
f9b6b8f3987cc7bc455f94d575b79414,ruler / lord
42440a78b3ba49ab0578c3750a4ecab4,run / flee
297628c700caff234722dcec7b67f7b5,"run after, pursue"
a48e5eb52ca52e1b1237f5864d89c06b,run after; pursue
2808e30842d42ea595c234e2c5c869e0,"sag, hang low"
dc78a864667ccd6bc0352b3bd026df62,salvation
305f962e9f917f7d3a932ea8cb8aecd6,savior
14ce0a1df9396ea85ab359e4bbc3d0fb,"say, speak"
b015718cd3bdf433bdc19a0c1c26be9b,say; speak
7ffb5126e5eaf548b916f17ad4dcacf1,scaly [as of fish]...
fbd51c265681e71bc4a9d28d59dba7e8,scaly [as of fish]; form scales [as a leper]
0338fedac9df1dcb63bbb78e61e4cd1f,scheme...
4cbf4199b56924dc6cb9fa7e7ea865bf,scheme; plan [old or poetic form]
499beb27f671685b95d4cd0ecc6439c4,scheme; plan;  discuss and come out with a result
7516c3b35580b3490248629cff5e498c,school
f5356fce448375bf48067cb2273d8262,scold / blame / nag
bc195b3eca0a5e6adb9185a21310a5b6,scold somebody out of dissatisfaction with that pe
90b413941769e4bcd31b9e004c3ca50e,scold...
622c61324ceb23828466db3b918610df,scold; shout at; bark at; respond to a challenge
3ae113de58775bd2bf38ed9cb32c782b,scoop out...
009cf7691110c6fd97924a7f8208f810,scoop out; take out a thorn
44d44dd2b028f8ccfdc185c2cf36514e,score a goal ...
30cc8708445787ff499cdd822b34c903,score a goal [of games like football]
d4a68ec34f30c905828d835dcb2be304,scratch the soil
16aed5598af9b27e3dd04cec9fdab69b,scratch with a nail or claw
51e70c6f54d0609764c814aad9fe85f1,scratch...
83c4c4387f1999468dce856c6dc4d82a,scratch; scratch ground [of hens]
336e8afda70b3ff7242fbfd312cb633f,seal
8b16ea454d84833223b2757d9e4330c6,seal a container tightly
60d6ce7e3b083c6b8f8e1d20e5356fe4,"search of food grains, be in"
6bf24dbb7886dc009fc4cd92c7ab65f1,search thoroughly by removing things [e.g. searchi
4439856d055d0b05392e654ee5e6a174,search thoroughly...
18c70bbea1d2f8d70800baf6b8a05496,secretly
fa5dff17f4ae066877c8b88839e861c0,"seek, search"
bc3bacb5b84b975091d0c5bd0828bd36,seek; search
514050acc4da1d2a030fcea77f7bcefc,seemly
68eb6cab1ce8186b5124d254aab33dc1,seep up as water...
b8473bedfa291a59d5df2aa28ffa827c,seep up as water; complain about one's unhappiness
2d501069e340e3e6699828fb2a35fe4b,seize / catch hold of
0fab61acf41c159a17747a21d020fea3,send (a letter); close
481e9abcf97a178c1ec45d71f3ef626f,separate / partition off
486fc20e5a5226fe5361ad3779827495,separate a solid from a liquid
af9443f0d1a7290e9157b8d198f2c693,separate...
8811c42f047f144db485c7fd067c69c1,separate; divide; apportion
6cde14e01791948a68d94f308e081d42,serve food
1ab7d0e65826e1137fcddd756d65cdc4,set (a trap)
b4104142c436631a4ad0ce41553d8a7d,set [of sun and moon]
fc09de849964132f3b03c108a0ca2253,"set apart, dilate"
11d2a8a526e503c4b49f9895e9cc6462,set apart; dilate
c4f2117eb117735955766ee8ef6fe04c,set fire to / burn
7aaca1d924fe2b81c257a1cc39ab1dda,set food for somebody
8b5b800428b0df2731cdb9a41d6efe15,set on fire
68328797cfe78e39ab898fb33d2c261f,set out for work
771975f0ad1d949cc04d7d818df3fb44,set upright
cf6100bc87e8fa1cfe80eaccac047d89,settle down
dbfbe7a84963a8771ead6b5388399011,sexual intercourse
2ff511b563b777988f954bb1b79d0486,sexually excited ...
c2eee702ae8c5d8f9620d2f5ac925bd6,sexually excited [of male animals]
aaefed8acee59d31c419d418f1a581a0,shabby haired;
f58abcf4fb3537ffb4e4e305be1a8694,shabby haired;  pass loose motions
df84bc0d0c78e10daf0fecf0cf94517c,shake (tr.)
924c56a85eb7963223bb3800e241c026,shake very hard a thing like rope; creeper; wire;
c74c26ab1f02f3e9200d0182fd3148fe,shake very hard...
e6841c1ef4c78b93b248e1443c21624b,shallow as a plate or plate
0815950d042846ae28a47f279f07d18f,shallow as a plate or plate-like container
54c202a8ac8caa0f676e524e1bef2c54,shallow...
a34b567bf8396b83433ac32d55ef7e31,shallow; have a bad name or loose reputation
506eedae51d0bdc3be93c6b1c80a8848,shaman
5e894493c072ee5d27a65a115cfff472,shape into a lump
9559c0cbc18aed79ffd43f653295d6b3,shape metal by hammering
2db5fdc70c85657343206f660c5fd5d2,shaped like cabbage
34b7ba792d600c754d0a6cd30cb6aa6c,sharp and pointed
68ec1bca2083bf399362410c3feebbef,sharp and pointed...
dfe470a0261042e87302947a48a675b7,sharp edge of a knife; wound
d4e5ab4a98849035fb06e759f7cf2fc2,shave...
ce94fa9232fe2326cd7b0b6caaf06ef2,shave; cut hair; pare the skin [of apples; cucumbe
7b03871d0ec21ee5d91f65db25c19cae,sheet
1f6503307f1eb3ea66a6be2c6ae4fae6,shelf
86d83ac87307f7c36e8b59ac70e88e71,shift from one place (intr.).
ad7bf48af173ec5cee0b21a877712107,shift from one place (tr.)
b2c67bb238273e098faff7c62b02f92c,shift from one place to another
d22f1711b348b3d63bf06395b7e1e1fc,shift from one place to another (tr.)
cdf7c36e08073dd247847a34037bc887,shoot / grow up like creepers
fb54f3c5992b96d001bb16e8e92d968d,shop
78ed6beb5f012a609092dab0c978d100,short in  length (as compared to the standard  len
a34816bd88d078a63f7020834242d4e3,short in length ...
d10643e91ba9bce706a5230b048c9da1,shout loudly at somebody
adf2ee5a1e15bfc570234b6e9d38eea2,"show a favour, redeem"
8477d616ccd4dbe881d426d9b078c4a2,show a favour; redeem
fa0818aeaed57a708658c54b140d7086,shrink (intr.)
2f5bae73b10ef2e507c59f609abc5eb5,shrub
c6c164108cea92e53c3b43930aad8ea9,shuffle things in search of something; scratch the
c79ba5888e6bb7c59c6982841b73d808,shuffle things...
3b369915e400cf72b5dbce7a11616741,shut off from the sun / in perpetual shadow
a08af94acee33cfe37a3522259ed28f7,side of the head; cheek
89e405bb3d15c0e552612cf2d6cb7bb8,silk / pus
fddbb719ebcf012203038b11219a081b,silk worm
b9b6c7aaf8ba10503d9c42703ad20ee3,"similar, resemble"
fe70853764f131d82f9450b0a70064df,similar; resemble
3d19224223ee78eb2e97156c6e1b98c6,sing a lullaby or hum a tune..
c0329d53c22718990a13720491a59d13,sing a lullaby or to hum a tune for making a baby
93a8a1309f2df9f82e034141ff5923d1,sing...
1fe55689846ba06d57c73b1de70c7d09,sing; impressed
a3b8d757f7cbe38cad1e2d77b3d42c36,singed [of hair...
af088935935cd2c00ac0b57e6c08d657,singed [of hair; leaves]
219293931e730e873cb910e2d1ee47eb,sister(younger)
3ab709cc9d9383595a86dd4d6bd7752d,sit near a fire; bask
152ab82cb6e135b5a1895a9154e30b47,sitting room
5a02279c40a93ee286d2cb0d9a0db4f0,skilled
aa402375107b840eaaf35f18a970bfa4,skim
04bcec5177d4ab02b484b43ef2c67fc3,skin [ = hok1]
a79962b496c5059eee2d09e4dd056330,skin [= ho:k1]
2cddafa56a6d2dac7d853e5945c7f798,skink
58f669ed28d0242495784863915df182,skip...
e36d2f2f4f8eed984bbe6e4eb8bedfbb,skip; separate; make a gap
b03a4eff6706c4a0dafc58ff70cb58ef,sky / heaven
121327de482f191cd7e6c2e6f93a7c54,slant
6aa53fb79b2626bc6aac51d25224930e,slash / cut at a stroke
4a3f9f8aaef7ba8220bbc401177ef384,slaughter a domesticated animal [but not a bird]
302cd250c0b7b41f681126e325f4147f,slaughter animal
fe3bfcffb182220122a0f30eb4de7bc3,slender (very); in coils
d7aecbd421f802408685dc09f191d031,slender / strict
d3adcb9b045aee9e21f38471fd7028b7,slide down
3b6656510f7b14abff1f72d965278412,slide down (intr.)
214c6f6d5bf35551564efa1c8181a3e6,slide something down (tr.)...
564cdf2b5c7043f8662f4a3392392778,slide something down (tr.); have loose motions
c6646e2ff255b75a314b7c346148c7a5,slim
acc365c5757ef202b3cfdb1238381167,slimy
1bc560862de531886cfe6224192b5c3b,slip due to slipperiness of the surface
91f600f7e39356a921f805df8d92d471,slip due to slipperiness...
08c3bb97e9409c6971dceb21ee35032e,slipper
5209f34589e97ffedfc1d4a4086f50f4,sloping
f418eb955bc8238a3687ced184f36184,slough off
f72fbd040595084bf96962d49ca40334,slowly
4f8d45f71b8362c0598f918e1b3c83f3,small amount
e21446e7bf65b606f48a915edfff8601,small basket
26d4b509e6dbd87b5c426953cae5e3fd,small hand basket
5ec431feab628ac433fc00ddcfe1d354,smaller half
f4757ea84c455b04a1d307d4ac33049d,smelly
2b98337e5fdab813939c842a482453ab,smelly / smell
d1c091f7985dc9d331cb7e207af20ad4,smooth...
59cd321bb40b1b33433fd95e367d6b47,smooth; flattened [eg. clay]
a90a212510293d923191e987878e2731,snake gourd
a014b7e81689ebea268a732a475cf68a,snare / trap
3941b3be0900161f2d06c55cc98bb9fe,snatch by force
7feba26fc5c2dc8adf1adedcd175c152,so much / too much
12e436929c688441755573b262570fb8,soak grains in water for a long time
1ed29a1796f72c683061bc5be297a496,soak grains in water...
8422cdd9cf45a8c6475b7929ae12658d,soft and mushy
402acbf7634e2ea03695318089ddf58c,soft and smooth
35cb0cadfc49927e59c0af5a5518c492,soft but tough ...
2ef674b38beb6abef94fc8968e2af2c9,soft but tough [e.g. cane; nylon rope]
ec03f91ae56e478455e3786e91559194,solid
fb0d0e08397e716a74e0a9a503c32b45,son's wife
49654b0fde717b5eb8efaf43f4baa7b6,son-in-law; brother-in-law
c5f7103e87f8834a38a835ee2782ba60,song; spleen (enlarged)
d7e415ea2cfbb7037ac8c4c621f994a9,sorghum
f602de8fc2ebb68ba450a1104f60e8b3,soul / spirit
655a07aecf8a11e75e58ed5603ed7808,sound / voice
43a9d8f48e1577db442e24298165f9c5,sound made by a crow
00184106e959544b9d337663d299fe3f,sour lime
b991700f193420af6e07ae48646b1024,sour; be deep
36cd38f49b9afa08222c0dc9ebfe35eb,source
c5f32f2ba351af54125d0245edfe953a,sow by hoeing;
8dcd6900657553226b248c0509920c8c,sow crops...
b81ba71abd125a2209ac1c45c94f0a72,sow crops; mix food and curry
3c0f7ddfc1745cb99578cb2a04d61683,soya bean
797565fdf47f94d8579962158395c80b,spacious
32e5b978a64454cd5ebf8194ef2314f9,"spacious, wide"
ec4400a777a6561e04ccf4fc207137ed,spacious; wide
eac828e40705bfafd82ef1a82e3f5ab8,span
78b692f35feb9e1a97d41dda4a3e1db9,sparkling...
e74569516bb8f52de6c1c6d57ef79550,sparkling; dazzling; shining
cf1481b21913154aa344bae011e04b20,sparse / far apart
d73138bef5a01d820e3511ab83562863,speedy
3dd22b1b75c1caa1e5a037afbb2c9cfb,spend the night / stay overnight
662c02ec6c4299734a198cec1eb161dd,spices
f9d758b257109bd5c95e371bf890c866,spill [of non-countables]
7c91d05c0fee3fdea538dbd331ed9243,spin thread from cotton
a13ab454e06737524d152507d25d0e8d,"spirit, a"
4ebfeb7be2ecd85a420db581d961070f,"spirits, the"
d513035b0846aaa5ccb65608252f9444,spit out copiously
a619ab3f831c66f8d13fb6ab17e544fe,spitefully
8883d947a6c8df58c7bd7e4d5a06cd36,"splash out, hop"
078e7e645487d56f40d6229fdf5fc8c1,splash out; hop
f6b1c317540ccbf4adbb7acce400f406,split into small chips
7f88d586b2380d695238d9925e552eff,split into two
f071d7c16938686417c5494ecac1308a,spoil
3d1b5c3241f64abc8ed248c5e8713a94,spoilt as food ...
ad21a6affbdd53047251494ec4f8c1ad,spoilt as food [by becoming sour]
a24ac1d6f452cd2a1cb365810806fc28,spoilt taste
dfdcdc8be4f5d1f5a2809be4c96eaed0,spongy
179145099feb434c38cf60410c33862b,spoon made of gourd
876229444e18a875099c485d4b8c0944,spotted...
8d967b2b67eab4cc97ff5b3cc3477800,spotted; have many colours
de37653228255e309a4b8a486cefcde3,spread (intr.) ...
a52853370b14348fd077ee5aa7ed18cb,spread [of disease; fire]
0f45c2783504246ebe97ff595dc3f81f,spread a blanket
f3871dbb090d183c3bd4e31f31431bb4,spread a flat object ...
672f0c54801eb9f9c14a2f04c87504cc,spread a flat object [e.g. a mattress]
1d5c0a1cdca131836d27df94340861f9,"spread a trap, blanket"
2835a712a33c9b006a917e6defe8be06,spread a trap; blanket
4abc17db20503364cc39214c71df3d89,spread something evenly ...
3eb7094cfd6e41b034a3dd8be80b6a68,spread something evenly for drying
d5641986c242765705340c63554dfd02,spread something evenly on a flat surface
eb2e2fbdea45653e162a0bc177121296,spread something evenly...
65e7ebc3ff809865a630e3ff93e1f4f8,spring up / rise up
7138c32b7a514d7f22d1e8056e5299bf,sprinkle seeds for sowing
483132ed56e416608b62dcdd1975b345,"sprinkle, splash"
0e0168fdebbbe30595b064d092049798,sprout buds and leaves
3cce7c7428e87cd53d97d8579e4e9792,sprout buds...
beb6efc9dc26212f22bb926bf4377673,sprout buds; branches; leaves
794656dcd63cb3211f55352dae7e57a0,squeeze out slowly ...
20e667ab520e6bbffd43b48064677798,squeeze out slowly [e.g. a seed from a fruit; pimp
5216c0494a626e162964454204edc482,"squeeze, wring"
55a0b440574c77e25f6539e4cc398d70,squirt out a fruit...
c0eeaf0f4d02e7db0fd1050eba52a9d5,squirt out a fruit;  peel off skin or husk
f7d8903532884a05d3cbb39029be171d,stamp with foot
184c8c28f7e66324cf7ccc8105eb1af9,stand lightly ...
b23c2ce768386e522aed5f94dd700091,stand lightly [as a mosquito]
70822c8912bf45c47f581a79bd0640b7,stand with curved body with the belly protruding o
c7661d9149d7995d8d689d2f754b2e04,stand with curved body...
c00f0c4675b91fb8b918e4079a0b1bac,standard
6ea9d1c22bb0dbc1022d13a6cb3d946a,staple food
1603ca96ad4cc029e7c236032af68502,"stare at, flash a torch"
1bee388e3eaffd83b8bfbbcd605b6044,stare at; flash a torch
448e92331b872f9437d1c3d544c204db,starve somebody as a punishment
e6dab05c1d6f429a641f146ad1e175d4,starve somebody as punishment
5babba16ab90dfa51a77718c8532933c,stay or remain at a place while going to another p
028aad4a42386cf8d87b1296ce0d668e,stay or remain at a place...
04bbb6b23b30b42fa8b76efcb51e5cdf,stay overnight ...
8978b97206452f25c7de245aecb9ceac,stay overnight in somebody's house
39bc232de0b70e9a796697bee129046f,"stay, inhabit"
acc1afe24750f7835da7f2f416c181f2,stay; inhabit
2764ca9d34e90313978d044f27ae433b,step
8d3a1fbe7293871da9dde6733be5c194,step mother
69a1cb536191680a2c92a2b06374164d,"step on, trample"
7a428ce7dec03c35ea292ff4210a8915,step on; trample
36c555c8876397c605d451596ffb9c86,stick out the tongue
74d6e8b90ca15d9561bd43a5799acb76,stick something; keep on a peg; rope
609a8f6f218fdfe6f955e19f818ec050,sticky
b2e9e7dc7e0e85513ea2093ded5d0149,stiff / strong / rigid
15d033c44437ebfeb8d5b9d4132a56b1,"stiff, strong, rigid"
167e7798f8cb0459d3df9918ce5177fc,stiff; strong; rigid
85c2c6b53253f22dc265a94c708b1956,still / yet
8f6d6fcf32775a5aed393e6a0f41ca82,stir something which is spread on the ground [as w
96d44777f6426e4479d6e630bdf60899,stir something...
226b2196c1212bcaa4300213ea7b50c8,"stir, row a canoe"
af73962d44ed82a3c9c469365290769b,stir; row a canoe
5d0daa360b9da2ed65f6af8e02e712cf,stolen
da4f48167593f538d201015c633787c2,stop [of rain]
97798081ac5b4af82a74bc685cc2bc1a,"stop, rest"
e991a31730b31208305a8505ca01a7b6,stop; defend
ca64241533d3b12af4028cf90b3cd6e7,stop; rest
6287e51916e27e386d758f527914e284,storey (of a building)
190edb514fed8b23897545cd340438af,story / affair
4a82277879736a9110e16227cd33ef62,"strand (of hair, or cord)"
73a6fcb016535503154cecf09b787015,strange
f497e953f00e363d71a80d6fae277afd,stray away from the main path
1f4a9685e37e4f940d07a9f6b43dc83c,street
3feced9e6c88c4c5af3e41341e4d600f,stretch [of rubber; string etc.]
deee142a80e9cc4de55562f73dd45f02,stretch ones legs while lying down
cadac2dde610b7fd95a7076b0872386c,stretch ones legs...
068ba26011f8b90927e004d2da29bec4,stretch; fry
3fe792e1d676365b916535d756f008af,strike / threaten / raise the arm as if to strike
3f55c5e77d021c4ac65269c3cc04e2c3,strike against
019a1cf608a1433cf38bb469a0b95b4e,strike against (tr.)
3fabe821a4d9869ad0e677cdbf292c76,strike with the palm of the hand
b5f475df52e4b4c7ecb2591dacf1036e,strike...
07f78116662067fed22ca9d1108b9dfb,strike; threaten; raise the arm as if to strike
c89704ce3d80bb0b025292e360119630,string [beads...
99fac8ffb6f0f6f83c6bfe70f29a93da,string [beads; sheets of paper; leaves]
87dd4dbbec4019c8ae1af0e7248d33b1,strong in taste...
a8f9fb5bf8230ab7ba367ddf5accc5c7,strong in taste; tightly twined [of ropes]
2de33e5b12be9749a22439d9babc405e,strong; old
e2c4941f2c15a255f926a7e2527bf55f,stumble
cfd708c2bc544badf40c978591ea7bd1,stump like
75677e995fbfe5556d7376e935f1aafb,stump like...
ef2499dee49187b005592687920c1276,subside...
5b0664ae96c18ffffa278e7eac45dcfa,subside; be quiet after noisiness
d4a3284a38a160768990bb86cdd5ef1b,suck fluids [e.g. water; smoke]
69dff4ab060b456fa5ad1c77b6b6ef8d,suck fluids [eg. water...
0b86ea8ca328ed4a6bc4a4db7a9031df,suffer a loss
7aa26c11b0439cd622d4fa784f90c9a3,"suffer, endure"
ef2dd700821027c8d708c502482ca1e1,suffer; endure
449f2a718578c43ea69197826e97e5d3,sufficient ...
0b2f2240c20b1dc8354f96f0256cb247,sufficient [of consumables]
78f698be36ebcea2b5c48b64deea9ccc,"sufficient quantity, be of..."
edda15bfb04582274c864e861ac15fd4,sulk / go off in a huff / go on strike
b670cec97346b3e44cd2366d3192bc10,sulk and not cooperate
1f3c9ba53e23b28a905054f9d45d98dc,sulphur
7458a4395e71eebfab861f81b60d4784,sun / day
1b2b7f9ccc3902323bc0cb59062a9e1e,sun's ray
787c74a2e618a696e34e025adda33ad3,sunday
0571749e2ac330a7455809c6b0e7af90,sunshine
e8911889a7780cdaf79c3d6ae86834b2,surname
eb9b7e69b982c94c4c0ce90c9281bc38,surrender; enter
e2c5bd4748b82dff9fd076f03f2d671c,suspend a stick or a rope horizontally [e.g. cloth
18708b67e8bda4999e0c2cd317ed9e8b,suspend somthing horizontally.
735fda5d72b5c650f3f0435195a211bd,suspended
4e719b23bea6f5c4b990b6fde3a53b28,sweep away; plane wood
6697ed09fb10f2a4652b1c1462b127a5,sweet / harmonious / melodious
a0525f5df3648dfe1b7e18b93bb664a4,sweet fermented rice (used for making rice beer)
8d2997db57ee3b392e54590fd001fea2,sweet lime
77415dc41944f883cc4de4854bc889af,sweet...
7f5f72f518de26d80aec681841885d33,sweet; harmonious; melodious; loud
439bd5638db3a2b924711fbaeaf0cfdc,swell and become fluffy after soaking [of particul
172d6d6de1fefdb93a49f702c10c7b81,swell and become fluffy...
8f9a49b133e87b8b7762b12bbc7141fc,swim about in / immersed in
2bd8e434bbc372576f9f17a86432ab30,"swim, be in water"
3c9d96a439a7fbc8dea70607673f5f06,swing the hand...
818ac6c27d812b3768a30abdb49b246c,swing the hand; swing something hard and long held
1ae7daf08eabe357b62abad169e7917b,swing the head for hitting with the snout [of a wi
3eff9e6808bd80307387781f354d6e50,swing the head...
f6fc7f77b875af0ef9cc64db8aad8f28,"swirl, swing"
f34627d13a34f9ea898b69185fa7a624,swirl; swing
88562e301548d3dc1d58c1694bf3475b,swollen due to soaking
e01be00f8ce83a0a729f084f37c1b1c3,take a domesticated female animal to be mated
eec48776147cb44b5a61cebfffe57801,take charge of / look after
260103b3e7b66c498cf83ebd967b2916,take more time than expected
4ef3f2c65d59366ec2f60641ce914991,"take on rent, pay rent"
d2ed5979d1b0334f49a0a3093f577bcb,take on rent; pay rent
93be0b36d10d599859c5c99db01b15ca,take out a portion of food...
67be78624ed3394d4ab54184f73ab220,take out a quantity of particulates and put it som
34cf60f8788b6ac724c167c9067f6be3,take out a quantity...
de89cc6e2e8aeff26da76d835f36d270,take out a small portion of food before the meals
46a712605d3b9d52c930855dc55cd1ca,take out a thing from a neat arrangement
3925b65908ec6ee926c647303ee0a759,take out a thing...
ec0b28cbb9d1dde95bbf861f6401f3bb,take out something from a container; form a group
a7ba4de24982d0603e819287ff62c722,take out something...
466a3a9cfbf7c00ea77a82cf50a20916,take out the top portion ...
ff58a127f768d87fc15fbe9dbb6ae555,take out the top portion of a liquid
4266a34d47338c45114ed3b88bd5a1ab,take refuge
f11792540b2045c161211961f2123ce0,take turns ...
2132209c5f3a3bf63e8035f237f3d87e,take turns [e.g. X carries a bag for some distance
d8cf7279467d7de95c6c67453c45d931,"take, harvest"
79cbb9e64c07f10d7cb679e67f1db83a,take; harvest
18e459e6e4b7ffd6c3140cf2a50b6a94,talk with
789d9a06ca24c82106a0329240878f66,tame
b6eeb5a4973789c64be43f448529754b,tapioca
22f60e82455df0d49ad7faa73a07d63f,tares
a80a590cd364217d784b0f845d23cef7,taungya / field
af44cf3a3ac8659c7a90d0ce654f6345,"teach, instruct"
d8e53241fc3ef74950887e05490f6eb1,teach; instruct
2a2c4ee0a6dee392c2e6533ae9dcf646,teacher / master
59744997bdeef60d0d03eb000be8feb6,teak
32f36a2aba782a11771cd3791d8970e6,tear off (tr.)
25820f924ef7b990f7df0cbb7c012884,tear to pieces
eaa08ba9b82a186349ad8240eb02432d,"tell tales, misreport"
c6afaa4874ef9a656a351f6c513080e0,tell tales; misreport
9063748e6f78dfdf62e5499ece37ae64,temper
712715cd7ad2ef3722daf08efeb724ab,ten million
499004e2a170f64e934cfb7434fb0a70,tend cattle
6a3e615a818533b9bb1cc1fa183a4fb7,tender and thick ...
eea0e6ff3e3213658ab22b2b84d11452,tender and thick [of newly emerging branches or sh
95d99b30bb073c37534efe1fc970b073,tenderly
09781335980911e3b6d3d9f53bd1264a,tentatively
1251e5efbf1caa67674170ac0824f034,that is
e5e2fd045318e350f20d73aca2f6e57f,that which is heard / something heard
ecf6bcc4b3157cfd62bbdf4e6700605c,thatched house
8e7975e92b4eca346deb1592510de117,the line of movement of a forest fire
6ab462c98b3e3b3f4aa6e6db3e3453b5,the period when...
bd4c4ea1b44a8ff2afa18dfd261ec2c8,these
e9a758ce040fb20d51419c0c9ff359f1,thin (very)
87c4ea2be0516ded3ae29729dd809f8f,thin and lean
e34d5c2ec50c874898ba4ab1600ea3e9,thin out
261b19f680b7306f648befce6b0b00ba,thin part...
5af42cee68e2c25ea0b270c4db05fef8,thing / object
cc567392d858beb67640534744dd1d28,thing that acts strongly even in small quantity e.
767c153bc1710953ea9b85bf621b2f4d,think as...
b172572456bbb538d5c471e361f20544,think as; feel as; have an opinion as
e4ae0971930dd8507821fa52961ede15,this much
67453e8054b2f1e6e2fffe648e4a89f4,this side
43a0a1e8212cd9140a5c1fa1ef5a5bac,those
8aebded56ae6bc93aa2919321fa82ff9,thrifty
09939994e221821b1fe1a001b2dd9ecd,"thrifty, be stingy"
d89bca57589a5ca28df72d46a912db46,thrifty; stingy
40548dd9ccc2264b0fe22a85dfcd8d49,throw / scatter
9dcb449b15a856eab71ed27ce32ec5fa,throw light / flash light at s.
b82ea575946c2332c071222e3626eb8b,throw light...
dd4f17d3eb010133256c73ada22811dd,throw light; flash light at something
f15b76e08650ad835a88e30b279848e8,throw liquid at something
99e25fbc37b2745189cc053ab8e86445,"throw, thrust [a spear]"
94c53798fa669fa1d0f5b8043b8e2599,throw; thrust [a spear]
c395246f710b0e2c86b7ed82f7f56ce3,thursday
e2a521a61d3154b4c45f6123ac1911eb,tickle and make somebody laugh
c4891e9933f0e7004182ced9286a1b47,tie an animal
4cf1950b50152f958f802ab56bda5284,tightly twined...
e959af46ffce02270574a7f3b6413a55,tightly twined; long thin and hard [as fine rice g
8c12acd5dfd48869c8aa0553a25bd542,time / season
7a7ffc857ef273a34f176a73e8cdeddf,timid
052b2628b6fef14866d5193e5123408f,tiny (very)
96723df525f608df90a12e82dd0b8433,tip; topmost
006f87892f47ef9aa60fa5ed01a440fb,tomato
da380142689e4c87fbfa22112c97190a,too many; too much
57cfc297e9ada60e51ea26f07ff4b4d3,top (e.g. of a fence)
072101be0eb4bc25e3a14d76d6a6c982,top (toy)
ab4f191ee55694c53cc97a0e965e5242,top of head
448b28b56227eb386bcd6fd3d480855e,torn (like clothes; paper; husk of maize)
23e8b0c5b36a359f9c8fdb8ed26200d0,torn like clothes...
21e02084c6665cf84cdfa299bf1f9bd4,tortoise; turtle
a612b8e5fae0deaf28612ad8e602fee2,touch body while moving ...
5fc32108f1cebb6476f9bbba38587a42,touch body while moving [as in a crowd]
1787ea4e276500d15210381367fb4dc6,touch with hands
da99d2a6e2548d32f40fb873d82cadac,"tough, last long"
7378752d1e97685d338a6deac4fae8a2,tough; last long
d6085305de2cc826c58f61bf7863929c,train / control
8291f2edb19342fe956881910fe71e99,"train, control"
11a9127b5f782d4cfebe816ee091101f,train; control
44f7624d04a62bf75a34a3fc5d3ad5f1,tree (kind of)
db83bb0f3e75c0444967db17ad5b03f2,tremble / twinkle
b4a5e6854bbdc2deca7b815c6cc0ccbb,"trigger, strike a match"
dab48df11aea5ec1884dfe6347ca6e09,trigger; strike a match
b646b8c58aecaa1f6b7897120c80af5a,trim and shape timber
1a637268f7aeb0186c899a6f0bb90aa7,trousers
11bfb2402281d7be14a0556f3d1abd97,trunk (elephant's)
ac05c7d8f4406c971085f947e43ef730,trust
e123dfcabb784e1a160937b8eac949bc,try to do something without prior preparation
4cb0768e3497d790264d9e6b86594d40,try to do something...
2d5a4812b5e61a849ad8871a3c50dcfa,tuck a flat thing under something [e.g. a sheet un
9e2ec574169d58b21ebc6d3b6a1574d7,tuck a flat thing...
1a31a6f65cc993ff6bd9a5b85f0520b0,tuesday
203c11740a9665081ff6e5a5d72f5414,turn and keep something upside
c95fe07d62127c08fcc31058c80e94ff,turn and keep something upside down; shut a hinged
e27a3f3ffd00a7d3acd2a06daac179ac,turn head
b263485bc6c952785d86b0ddc740b00a,turn over a flat thing ...
e904a77cd994b98eec51423778d5417b,turn over a flat thing [e.g. blanket; sheet of pap
0c066903ecf554d9c2310928c34f73fb,"turn, steer"
34afdf2c236c6915fc8057cb2ec59693,turn; steer
bc4fe74d83872ba364e46c4db8a9e889,turtle dove
cac980b2f305e30ea623ca0bdaf2a656,twenty-five paise
17ff1ed5da672aa443a4f6befce8e2cb,twigs
f567cb85556dea700061be2153b0da0d,twilight
b2e9c66d3b49ce3d50986a881ced739d,twinkle
4207033620e70e41aa24df54bd55d43e,twinkle [=phe:1]
8e65b860514aee99889f8a5ec37f6c10,twinkling
9275efa86a9ca523106d0238bbf8c0b2,twins
bd655732a40d1eec20e95497a55d6beb,twins...
facbae1894c7d99668138b42b7944351,uncookable
2778bd293cce43383ff757b0a9dadb54,underneath / below
3fb5f08034cfc35fa9a3b6eeed8686e2,understand; include
a5581958050040d00a33c6a3ff943d1a,unfold a limb
f972c1d6198baf47dd8fd9a05832db0f,unload
8cb566ca365bf2e4711a8a51d73cee58,unlucky
38602717f942fdc6a572bdaa6d905228,unmoving portion of a deep river
8b4f0234909837be8f029a8f03b39054,untie a knot...
1590424be1688c3e25efae346aa7c48d,untie a knot; tell a long story; go back into past
aff18258339c4c3157d9d0f5892374b0,untie...
cf45aae75c44d96fe166f32ebe82752e,untie; unbutton; dismantle; loosen
a0d194f0bb81276a14ebbe10abb1c727,up to / until
157685c93f7f52704347e915f027d0a4,up to now / to this day
9aeded4ff1014e1d5926bd12c9b82b26,upper bar of the door
8ff271ce9de4cf5ecd3c917d2515342f,urgent
f274dc771d5bfa6ace30bf554c97853d,use a walking stick
5f68e32c28acafebcdf2626d00a599f8,"use, spend"
c347985414257630db9593a258e59cb2,use; spend
30e30301894946083b81d9d0b40d7118,used in addressing someone
4a1dbf51be367295c9f70cf609f9b3a0,usually
6f5c09f169655d165f6fa492b4979423,very / positively
f0bcff61b11ce28b8ae951b90c2604bd,very anxious...
c0714a5d11c6c57daff1441c7c2592f0,very anxious; want to do something urgently
5a5e6955074d9c86e9026083ccfa372a,very dirty
28ce76b8fe2ca34330a92bbed015faa6,very popular
c57c4ccf0002ffa6357c2ec01ec45a56,very popular...
e278ce3440ae7c04486e958893235cf7,very thin
8140abdd84a255ca09b9c6308e36dcbb,vest
e3c2fbdc8469fd6481530a745c4a3f33,visible as an object protruding from a hidden plac
c697e8878904b36af63f113845ba20d3,visible...
61ef32ec55576b973cf349263ad96316,visit [of the ghost of a person who had  an unnatu
8a8987d139f2c378b9653a42306b4a02,visit a friend's home casually
5d25c3551c64b68b14a4ca151a225241,visit and comfort the sick
0ae22b40ce099c84544a7c88277ec02f,visit some other place on the way to a particular
ac9a05c3e8c241aae23c9fd843567e3c,visit some other place...
c94558e01a80ba19fe184484ad3e1b8d,visit someone's house
f00e5cded2e341d453b62403f321a4c1,voice; sound
098356028a64300d2473347a350f6113,wade through short bushes or grass
b7bced91f10ee6d975d16db7f167899d,wade through short bushes...
14a3097032a46b6a925e56f8218e755b,wag the tail;
e88d6d4b9003ff2b1a0388275629d3b1,wag the tail;  pop up on the surface [as fish]
d5a68faa73a4265013c9d3647259514f,wake up somebody involuntarily
6ed0c868ead880356463c50f5f778d5c,wake up somebody voluntarily by making loud noises
bbab8b0187a7a14267b009c8fabbcea9,wake up somebody voluntarily..
c0f9fa47507e68242883755df2432ccc,wake up somebody...
a625254d5912ef015e7a61d021a81982,wake up somebody; lift up a person
78e6e24f71286adbb476b263bd781a97,walk for pleasure;
5146407829d24cc8721dbcc87c993411,walk for pleasure;  apply
0173f65234bacd043f902db8fb0970ad,wall (earth)
ebf97ee34f6cb5445991599d6c470956,wall / fort
1ff92922b5d10682b33168321a06f352,want (to do sthg) / yearn for
9d4106e6169d16f77746c09464f40958,"wash face, sweep"
2c907097e381ce1a28911cd82f05424e,wash face; sweep
3eb09d50f33b3cd1eb3fff6cc3ed673f,wash limbs or dishes
bc486bf34ce0b2b40e6d56f4c436a846,wash objects ...
85d6d5ac62eb04bbe03baa4883984b8a,wash objects [not body]
1e12aeaceaa5f11573457aa4e1f70497,wash utensils which are hollow
ec1f824e910e9f2daffd9245605b525f,wasteful
f7f54591864282231d938865f4eb7e9a,watch and look
120b4d1892a207ca6db8760a8b7fc76e,water fall
25cbd658bd157d27eaf774c63ccf9462,watery
a8368724dfc0a1d6d33d24732d84a6ff,wave in the wind
3bf889e78224b42ee855bda0fb904432,wave in the wind ...
2d074ba97735e4a856f8a8b3cd41c27a,wavy or winding ...
3f88309edca0792e6a36c920b22d57d0,wavy or winding [e.g. a snake]
8f45fb4253968e315a9c326c144d00e4,way / road
79d193f8f7a04b7ce1fa115df1371210,we (exclusive)
43b88e6caf485dbc43d03fc95cb1ce3b,we / our (inclusive)
9bf988897c7f32d26bde012bc9e48f60,wear a garment by tying it around the waist
aac841fc8f0ee467e5b333fbf7f4d28e,wear a garment by tying it...
b412719e9c6ce4d41d413f88aba18826,wear a lower garment
05ff713b4aa95a538e3887b4a76c6496,wear a scarf on the head
9ca45728428372bd2a2f85e1fca0d61d,wear an upper garment
582ad2440d6e5636239b1c2913b1bac6,wear on limbs ...
4594356c6ad7bd400e5d29976bc5d88b,wear on limbs [eg. shoes; bangles; wrist-watch]
8545bf8ff73d7ac2fcc9566cfe786c07,wear on the neck
3191894736410e1257b96b3e8f6f1332,wear over head as a cap or umbrella
e44c54dc4326499b07240f3ba1f82c01,wear over head as a cap...
aab92e69374e4c7b8c6741fe02e574b9,weather
e503d625aed72f82f32eb3777023f8d3,weave a web or a net
cd3959b5d5b4af4b49238fb7baa317a7,weave.plait (a basket)
43247ea7593b13c91227fdbab0898475,webless spider
aae446086f8e81194ed115b566bf2e3d,wednesday
b08e01d171a730044300c0ea5a6d2a98,weeded out
85d671b330f768ca166537b884df8133,weeds (dry) and undergrowth in a field
172a8327fcd3685ab3c0f740d031da09,week
7e8a11a6e29c14c5a85efefd5945401d,"welcome, greet"
699618be59625e8a733630405d0b7f9c,welcome; greet
554aa48d4187d08060e22709e83124b7,well-cooked ...
c8958de9d631b5532211fbf770a54775,well-cooked [of rice]; well-dried [of field]
4fd3da401531a204e029f2ecaf399fae,whatsoever
d29db4ac8712f5bdb343991281b26db1,wheat
5eda0ea98768e91b815fa6667e4f0178,wheel
9bbd1d394b51856c9c783fe21e1d449a,whip
9443432e86604e4d6635a9bd782309e6,whirl wind
7ed0cb7c063316bee28d468ccb26fa81,white bean
5ddac35321553736917ef492b22c262e,white-ant hill
a094079f66f4d38b484be630d6cda5eb,white;burn
957671a3a3096e79b9ddda3b175da2e1,"whole, the / all"
e2a497ab379d2286e76be5c623d64ed0,whosoever / anybody
531e70a6745d07a8befbd79e5cc7e4c1,why
86e770b151df8b35a1b682884198c8ba,wide / broad
940e1a74cc1582913889f723887da0d4,wide and spacious
a6d86ca594408a2d88e049974fb56695,wide and spacious  [= zai2]
dd00298cd2f337009154ac359ec9b7b3,wide at the mouth / gape
02489379c323887cd4532e42478a0479,wife's father
f9553c05572064105e4852f5f67b6515,wife's mother
d8e32f095a60c544189fd3f2828d365f,wife's sister
fc89afc63197e63e7a9f62442034cf1e,wild Mithun
6ef6d13253f952f48477c395871dc1fc,wild as an animal or a bird
2b1e414eabfc3461fb07ee2374591986,wild beast
29a663549e500ccd247b601c5a5812d6,wild boar
eb063b7843b4c9f55706e85a956acbe9,wild chicken
9a52098f351114a5a1dd4489301561ff,wild goose
e170458537d316bb22720bbdd5f8d235,will / must
8f4d1aa7ff7bf3fc1d687b3b44658639,"wilt, wither, shrivel"
4e50da41156f1da992bd7bd124865ac8,wilt; wither; shrivel
16d33348633e89901980a19bb7bd1edd,windpipe
b56f55f80ea214388173c58b9bf4537b,winnowing pan
b1e61114444c6b48541177ec5e48d634,wise; clever; clever in mind
dd72164ca5b6d30888788928e3c8e123,with a heavy thud
383b417007a9091866244e163ed0f51c,with difficulty
12673b4776ead954b3256ee6519716f7,with full force
38fe1bd018af481bfc7bd34fde764466,with pleasure
53e8860eb02ebc023bb589fa5c2a4642,women's game (variety)
601e5228892bb1e96ceefbd1b1144193,wooden commemorative pole
1983a275f9b3ad2525a6443599649960,wooden mortar
d855c197b64c9c62727a5e547d5b167c,worm eaten [of wood]
73bf2f5ad4efe3133aaf9c099c860741,worsen
c59a6139db4041f86359b0a2b9ece25a,worship / pray
abcf714c6f49bfc7a4c5468b4a0435e6,worth
d10101eae1ecebfd0a38275fb65c83fb,wrestle / fight / brawl
57eb861991b12b9104448c7de379ba68,year; age
c51879a191bf73d21ee2bdfb218df2c6,yesterday; night
82cb5471e752dd517f29c82e1250d69b,yoke placed across shoulders (for carrying objects
4981d335d7b4856cd33645c64f25deb6,you (pl)
089520b9be700bbe7ab2f7b97202806c,you (sg)
a769255182196d4d9ed7f0a74cd86b6a,you / your
e491f09af4cbec95dec56050ec1aefac,young and tender
4e5cc45dba55516d82c3c301edff5d0f,young person
a17a8f960da00315c407b0eacc8c65c8,young spinster
0c7b95ee2d008a30f4589f3dc94ca6a1,younger
62cc0b4ebb0b57b40778179234246c38,your
2efe0008f59e6e614481f361c6f0fdb9,yours
d45e977bfef260da159d651b9de7035d,zigzag
75d0d5295d709304ceb45ba18b414309,achilles tendon
759511925f66eac170fa513500c09bac,ball of the foot
567f0187060c656945abcfb877eaedd6,beard / moustache
8580579f7d662605634985e10577aba2,belly  /  abdomen (outer bulge)
8d530687f86369782c5cabb864cbf064,body part measurement
f8fb3ea34a6565a537481882689912ce,cartilage  /  grist
305b86d476def0c2a2aeb65a3b14feb2,caul (membrane on newborn head
ea2e16c4571039cd47122642b9d33209,collar bone  /  clavicle
6270b08c4fa9cbbde79f33edbc27388e,cord  /  fathom (outstretched ar
86d640114269ab2c18d11939c4af85b7,crotch  /  fork of legs
9a2ff84ac411f74a6245f48953d57501,diffuse organs
29a1470067b045281deaf936a75d8c06,digit
ec0695b1541ed78f4a996ca411c8b42d,"eyeball (""eye-egg"")"
1511b0a1fc7559dfdcd0997c803cdf4a,fat around intestines  /  omentu
c78b1f940c7cd52c2a5d31e5a82ab7f6,fontanel (soft spot in a baby's skull).
5cf7842ec4da6d7a3b2307cfd195ca1f,glans penis
0cad7135a2590bd59c65f8d3519d62ca,groin  /  loins  / hips
95f1eb4a9d136da793627bd59cfae009,hamstring
ae7a7e7e38278831c625f67337fb059a,haunches (of animal)
afd147e1e284907921ae42e822bcec06,hide  /  leather (dried animal skin
53a1730d7fc2e4f0958a9283c4a0e31d,hymen
47dad50455c63d016cf8465d10d93008,injury and infection
084f949e3b41e2a4d00750ae111009f3,left fingertip to right finger
8d436f78ae86961e3875405de172ab14,ligament (bone to bone)
be350373315eac32cf34844e863f4640,neck  /  throat
e2f0b8b930c7102458338166b9217469,numb  /   be paralyzed
7b4ecac1602f76ca13b60d619d832f33,pelvis  /  pelvic girdle
66e3fa69e875beee628dda65d88deec9,phalanx (knuckle length)
0e9aea4b782440aea706ff8804912f91,pincers (eg. of crab)
ca70f810b9062c7e564f451f6f80d576,rump
8acc59122cadcaa4c7d588c2d941fa7f,sick  /  be ill  /  hurt
bce7f5df9d9b90919d62c712bea261f7,sinew  /  tendon (muscle to bone
0d64b944e73d313ac5b5521bc6c277c6,small of back
2460ce1ef4d3aa22a5fc50a9c5460bee,snout
2d037dccd3c4085aca8c046806563d2f,swell  /   be swollen
a2c38f811cbc858dc194d66d68aef917,throat / gullet  /  pharynx
3349dc49ff06e381b2252b5794982ff8,tooth (wisdom)
42155934c716c14660745bf822f4ff63,torso
f0883c3083be485fdccb7d446edb9e95,"udder (of cow, goat)"
9a5819d8e266699eb0ffca8958f10db9,vertebrae (of spine)
1d665a31fcfd8c3b634220478ad09703,elevent
41ba70891fb6f39327d8ccb9b1dafb84,August
4a7dcccc6f81ab32083a34a05f82f6ae,Christ
82040ea67de81c4d2487e9a56e8955d5,Lord Krishna
78ae6f0cd191d25147e252dc54768238,Thursday
796c163589f295373e171842f37265d5,Wednesday
d8685e4e3fc847581620d7a18dd4d6a9,age spot  /  liver spot
6090177fb9e09523752ef413bd15a255,anvil
98d6f6b02d91e41d535eef95f27e2a73,"approve, agree"
b1b7dbc970ec8f4bda3c14053e8edf6d,"bar, tin"
407f68e338d5400c53d6c2f3fa4af23f,belly  /  abdomen
1d28d258250876fb7dde22a17436ef9c,bench
74df5ec315963e6b068cb02db599464e,betel nut
c8ed5534997887c759f0e2af3e8600fa,"bite, ache"
e45bbd83418f126a4c0145f583b3b5c4,bitterness
23162891eaabbf27d37ae018376aacd1,bridegroom
6ff47afa5dc7daa42cc705a03fca8a9b,brown
9a8a0132e66cd6a79183161781312fa5,cause to sink / drown
1ea287f2ecbfd355c05b14f134d85007,chance
723fd9521e02965f4c5aba56f32d53ec,chariot
b016f48d898c745be5ef382254224582,chess
cd60b20dca1d6d611ca21d692a877c22,choking
a2f2ed4f8ebc2cbb4c21a29dc40ab61d,class
2a28941e264e92e9d311956aa1cbdbd0,consciousness
839d3700e0076067ecd61a96dd5aa6dd,cord  /  fathom
0f69dd765894aa1661c351bf8c141c2c,cry  /  weep
f3e4ae639fd607211a97a54e370ac05b,day dream
6990a54322d9232390a784c5c9247dd6,destination
8a9a4525bc530cbf608745a4d91f984d,dhoti (used in the court language)
be2bb77e0e1f927dcb4c2b2c254e1468,drain
f8b31e9491337944d0dd0cecdc9adc59,drainage
6f2dbc9b2fb5beef6df23a57a229ca37,edge of sword
a3862f91f724b3ba93c0d29d596091aa,eighty seven
6f7b8d41fa8a42bd4ccae708a1470455,eighty three
e6398ba242554b32357dd6f7e173090a,ejaculate
4ca65a8bdbeae8b6ee400801a8a8f812,express
a43e5bc2e3572b229357a1a3a8545a9f,eye witness
2772f93ef20d864554cc3e914571b063,eyetooth  /  canine tooth
5b792cc4435ecdb505ea4f7915481a15,fatigue
ed8c35a1ac48075e6d39385ae0362958,feeling
64da3fc1155a671d5f929ce2522d283b,female / male pubic hair
bf7dea6f633dbb43aaf65aea9951759e,fifth time
4315b2a4d75bb7f1a3ceb752d1a76e27,fingertip fingertip
367709293652fe6341c95188fe958a2b,fire fly
0f16a29807d9a167f8562f066c6fae9e,"firewood, fuel"
4b180e39d9a1bade0c7dca4eeff5b5bd,fishing net
b82b36d8d49266f4b6d56c33a204e55b,fruit of lotus
820531e93b2c9c8f0b782e5dc451fe9d,gape  /  open mouth
32881a019ecfbc93f7066920d6280512,genitalia  /  pudenda
2ff613942f0c135c7007802a19494ad0,good bye
93461f4aa351cd794e97ee2cb177c445,groin  /  loins
c0a216b7e26007d194d56d3f59789aa7,hide  /  leather
2b6cb1baaac8c94ef6d5ad07ce563b3e,hot day
bedf0398979ddc4f90313796f0f7cf41,hot weather
431bc85b812bd8bcac81bdd27429a12d,humble
2f8312688b3965190ff005a65ca24323,illness
48818f3da3d36ad762480b319b56f588,important
9d4052e75fb56168db600f7f2aa3910b,investigation
2c6ae0bea2529d4fdb16bde40da1b7a8,itch   /  be itchy
29d233ae0b83eff6e5fbd67134b88717,jewel
07e2659faa7ac3fc95deccaf12333d63,judgment
60f59bf9f7a323eabafd472685ddf5d5,jumping of fish when taken out of the water
798edbfd9386657c1536896b173d55fd,kind of flower
1bc18d2f3c411ccdb5b7b995ec1fc73e,kind of fruit
b88277bdd7f83e55b0a9e0b9099d0b0f,kind of plant
36386970a509a6443d4e45ca8a0ec368,kind of tree
9a0b6d6cc3d8cee0950e567ec1d6c3ea,kind of vegetable
4bccaeee67b963a4c249de35fe0f1099,large foot
518e96fcb607e77f30a4bc88b02d1dc5,lean against
227ce9b21bbf5aa0fd97ea3f670ab7f7,left over (edible)
bff04f4c055ec214276a60d26f83cb96,lotus
8849b5ff896cbabb55c7559c71ba5ea2,lower part of the belly near the joint
60ffd5bd7d8d3edc5c1c0cdfe99662c9,male / female pubic hair
400111e500348901e6373c12f1bf2690,married woman
01d698f7030ac0fa6608bff5bb0a663b,"meadow, lawn"
8a7ee2ac8cfbd16f254aba3fc32008c2,meditation
a2120059434a29be3324a56cacd49a67,metric gram
e6aa8a4a9df86f37941050383afdc9d6,mewing
527eed8ef7c0c70c538dea499f9f9c36,moustache / beard
903644a2b7c978d1686ac47a0549eab0,mouthful of
b42417cd142f831d42d3236e207111e5,my great grandmother
afab94bdd2f9d02d2701356f3ab39860,name of a hill
9f9cc6ac7b86e6bd122ccaf32ace6772,name of a place
cdc8634f01fbd689a779f82336feff65,name of a sacred place
4a6ebdbc0d1ce6d4fb73c56abe183287,name of a village
3038356a04580aedb4ed89666403ea73,nature (of a man)
489c4d7f14b44bfc3410b92b3ffcc10c,night queen
2a08e96cadfba8bfb49c392bd4ec27a7,ninety
d34ddedc2dc4c62f416dcb69edc70d16,ninety eight
65701178ab3d84e3bdc26b90be1d36be,ninety five
651ad37b6be94369f61ad4ac1b37e078,ninety three
0cd6d7fbaff7cf4f6cf0321609ee1c79,nose fingertip
4deb0c3b54bc31482e08468fcb4ffb31,not crying
d79f81785d57e155a88b1b2e0600bd50,not rotten
d45ce0af3f738f3d8e13ed5fb44be71e,nurse  /  suckle
22e87222e0e88a67bdb6b0fb3b882b94,offering made to god
7fbd37a7625b9f454df8ab0f5e357c9a,organize a party
886b4234d8b36f85238d8b25b2488267,pant
2f73afad7f2480e30b484a13d08c8c95,paste
4a0b0dcedd48f780778d1cd1bb8f9877,pink
849d11a4ba767f150fd7103f907c9478,pitcher
004f583ecc87ce005c82debca908b4fd,pole star
abbf1cc05b5a0572615cd90c761d4486,preceptor
646e6c2859df4288ae1bca30363de15e,premises
21090bf07633dc2a99ba0687654cdc5c,press (iron)
27789239ed874733502181308efc17b6,process of eating
4ac8c8e9a35115b0fa8db0580f5c5e74,profession
d66636b253cb346dbb6240e30def3618,quality
67071e9d65938645e70c38a7c5fa33de,sandal
ce54cc43228d753a6011ffc0ad2192b9,second time
360f3ca426a7e727f98a053f765772c8,see  /  look
533bf55a524c57e56d253bf4a2b77b4b,selling price
4c78bb8904d71c24d6572f5b3325aa12,seventy four
389b435b7ae31188449dd2b43f25a339,seventy three
24e9da0a826bf1ea5d173e605b8e7d32,seventy two
add1fbbf64d0c82a50eaf3449f33cd54,shoot inside
546f66e009d06b4d80fe2d0b48e04a3f,shrug shoulders
5339078d0c2b1aaefe831b84a71c64dd,silk
bd2c775d9eaf5f71da52b55ade9989a4,sixteen
93c38fcf0d200be001335ef572650346,sixth
204b9e151e66a618807834ee1774fd62,sixth time
312ee6b77f05b59ee4f528c96e84b50e,slate
dab230b75ccffa1c8f33bceffb1549da,slate (for writing)
01aad5d8a27ac66ad0c7d22ba9cb5ef6,small plant
cc06440b0b3c0971d647b13e16c14345,smell  /  sniff
b0a86f3413bc715ee4fcfebe85297b83,sound of cutting cloth
bed099da4291ed84ba37ff6adfe4353c,sound of water fall
dd24ed91e7104df8ec2f38f5d969de43,strengthen
46619e78870694cacdbaba4e66c466b1,"suitable, appropriate"
fb52a20dbf0f8d7b042bced00c4710bc,swan
0c6e564dc0a8cbb523b35cf32323f0bb,swollen lymph nodes (neck)
386b7a9629168410994c9e76b5d29885,thickness
dd5c8bf51558ffcbe5007071908e9524,third
e08f72a10085832f2684f973ec4079b2,thirty eight
d8a1e6b3abf174b09407948ad6a8f099,thirty five
274dc2558d4ae7c5c55bc1078d5aa009,thirty three
7b4753c1a39677c8d752bad4bfe949f9,throat / gullet /  pharynx
6e08b3fcc9faf3aa73b6230216b0d86c,tin roof
d60cadf1a41c651e1f0ade50136bad43,tiny
5f056dbdb4e73cbe5e32cd87ec5d4b5b,tonight
56d0efad4c48d47c7dd9ce7834d63bf0,too dim
1b38c756d3280d88fa1869155667acdf,too hard
b2264f68bfce42f0f950bbdc2a42a26f,"undiscovered, unknown"
937993609f879126ce444c9fcd31b252,unfinished
4334028162a32a0b1f76076b121e7963,venue
4c91d210f77b317f27966e66ed7fed64,viscera  /  guts  /  entrails
91f0eb30d7d3c3ae6f710c183780a4ac,voracious eater
5fcfcfd25bc275a7e42840f41e616039,will pluck
f1800eb9b742b093359106546b9451a0,wrestling
941032eced6cc23cb0d6d367af451620,youngest son
145dee00f81fab1ddc7aae6d51850165,zinc
2fcc98b12ca3f4ab568779e3f7ee9c43,breathe in a smell (v.)
2f3d406a2bde3b74bab9fbc0bfc2eae8,drink (with the palms); winnow
ab766c14ca743ed56a26255f4924eb41,fontanel (soft spots in baby s
8adc001f943e26e9b36800105f3bdb6e,hair (general) of all parts of
e25b0c065a76bc01dc5501fc7e67f7b8,hide  /  leather (dried animal s
83e34f2d3ac8435c57c30acc630a6188,"prone to sores,scabies etc."
b36b5c793fcadc6d046022df0322c7a7,saliva (dribbling from mouth)
b23b42b756df039539d3c526ecbf646c,start crawling (for a child)
842ac7930e6e07a88360822f087a8e91,viscera  /  guts  /  entrails (in
5dd4657e7c1037adf6bc4adec5f3d624,waist (of male)
c7ef2f9e852259ae97dcb171dac757ee,adam's apple / larynx
38384918b93286fe594568bb1d578b5c,all (iŋkoi=20 < iŋkol)
c6000f3558e77eb62cb304a539ee5c4f,ant (black)
efc5a46226937c236d748e4a7dfe5fc8,ant (red)
d911c4418245a831b06fbee23bbaa27d,anus / rectum
940132b8dc2e5ce02cab418856390811,awake / be awake
6bfb4ace454cfb8fd5e1737c42850aa5,"bandy-legged, be"
249940032eb218fa3077fbf202fa4158,"bark (as a dog), grumble, growl"
fa659451edcd75fbc64e8c60108a1280,bathe / wash
ee6c30899204c01eb56bb95e11bd3c9c,beat (drum)
d88a7bdb8b3f9db54ce9b29abbec3b9d,"beat (heart, pulse)"
eeab0e8908fb42956ffdf607f38404fa,belly / abdomen
42c8b1b629e4e22bbb125a3bc7f1d22b,belt (for weaving)
ddeda6d7e1ce2ab4872ae46540cc1216,"big, large, great"
15ea1a5b4b7e0229cd815359f69f3229,"birth, give (animals)"
94ea367988b7fc4b0d1d2dbe2ca35c0a,black variety
6cc7f75f900d84e95a4a439d5745533f,boil over
a7a7bc770da847b6aa23b28aa35a6c94,boil over (as milk)
0ae0f00523cdbbcacc8eaf58e600e363,bow (for arrows)
5de2d1ce6acf8ba0654adabc0a893b46,breast (poetic)
44ec7f20199bc572fa83777cf8f5be24,bring  / give
ae087df0a0de650cf0a3fa7898efd62c,broom / rub  / wipe
40abf0c0808b2b065300526cb9fbdd84,bud / swell
5d3cbaf78bb03bdccce27ebfdb9d5325,burn the dead; cremation
5244b7f30fc86614871bab350502f2a2,burp / belch
e0ae4647be3d1f2e967e1228732483cc,carcass / dead animal
f920cc587c1171ab753d5394ace8b917,"catkin, inflorescence, flower"
f44b84a25f4160eac761cd719f42503c,"chew, mouthful"
4ae5faf19e2cba7634b0b89ba497a85d,"clothes, finery"
f506361ab3a489611fdeacb4885bdcca,"cold weather, winter"
50cf505d5b63cadb483d02f7f6519988,come together
44f88fb3608b152cd3b8526e6d252cb3,cover head (with cloth)
98235557de706dc73c713af8af20fa64,crippled / lame
d7ddc321cea84b504b64f6e522bf1209,cry / weep
8f680b400abed51e1fadfcd195cf73a0,"cut,chop"
99ba815b189fa71b73cd4bb36cd2b3cd,die / be dead
01924cfd3f570dd9d95d790320c260d1,dig (out) / scoop (out)
26b47833934de3baac4b3e43197e5d13,distaff
317c2cf375f758e8ca059e6fe49541da,elephantiasis
eefe7a66a38ede02e16b5208bb6e61cc,"expectorate, clear throat, cough up; phlegm, sputum"
32537eddc3a02816ecd14d547717f8d0,eyetooth / canine tooth
ba023f6e74de8153667706a4caa9b0bd,"fat, thick, callous"
8d03c48efb8532e33c32a010576a88f2,fathers sister's daughter
db52cbaee8e93f25c9579944cff6b6e3,"fear, doubt, dread"
aabe5ec242cea0b9dd78dc177ae99c16,feces / shit
93c6a71032ed143dac44f759619f8159,fiddle-bow
1c352f4104e8a2a92c1712bc9538e85c,flabby appendage
3aecb01f1c8f202d190eef904f00d44b,flesh / meat
c92b79445217cca90a3f9163f979367a,fly around (as an insect)
554b98541adf9b0c9c79d083254b538f,flying ant
9228f79989f6a3c9b0ea5a91b2b7cea1,foot and mouth disease
876305cf54952156d3e1d2504587f734,"foot, bottom, base (of tree), foundation"
f22e6ca6b98664a03daf96e5e05663b4,forearm / lower arm
8be6a98bdce34a32d4216342e0f7dff0,forehead / brow
ec0068e59eb1c96eded1be85769b2c39,"freeze, congeal"
73a86dccf8efad8e608e46b931e305b1,full / be satiated
cbb09235e5c41eec0da166841495ab02,"full, complete; fulfill"
68f3d374c1540a91a5d0bc30c8e71c88,gape / open mouth
e38ac432b9b56a99aa5da84db3938ddb,"gnash, grind the teeth"
b007d0da6e0072554919f447be162fc8,"good,well"
07fdb5e4fccc60c9d5da6f0a2f39f262,"grasp, close the hand"
adb33ce1dab7022d5b0ba46ca405666c,"green,verdant"
a93e5db16295171b4f602c8175b02e05,"grind,gnash (teeth)"
f395cfaa52d912fe3ce7567b68c69780,hat / helmet
8f8e3f0aea7bf6574beb3faa18310b90,headstrap / tumpline
7490a601d90e9cdfa57c9f558765fc7c,heart / locus of emotions
fe383568defd77f5e86fc661ba6276b9,heart / mind
9e37c2d84fe17929f322f57f9834f397,"heart,mind"
83b3e616ada6e0778be4612c3f1e2636,hide / leather
4726c8824156647575505b92a16e1ee7,hind-leg
3fc4c0239d5fa616c68769a80a6d90d0,"hot, excessive; to be ill, sore"
0a2500f398d5e082b5f07994f1e8b15e,howl (dog)
15afe50646e62907a102e2411dfaa13c,impale
3e5aab7993e0155c35060c3ed6d6d3e5,itch  / be itchy
694e73c566b8e931546a5263fd7dc1ce,knee cap / patella
4495e695bc2e38dcce00d9e4ae26801e,knee hollow / popliteal
0302734c87239e825e8b8833f927efd1,ladle out
19d17cd12c9b4aec8251d3ec93b57be5,"leg (of table, etc.),"
fe8185dba2d46224a118e18977eb60b5,"line, range, row"
12a39bec157611374b24fdc227c11118,"live, come to life"
9110740bdb008390d6061dca5bb68b05,loin / sirloin
62326a17114ef878e5f3fad30cad249c,"loins / inguinal hernia,bubo(GDW"
2fe9ffde3fc50de3f2de5bfc9f7de2c9,marrow (= 8.4.3)
e110a5790af5ede8ff73b64a08d4be19,marrow (= 9.1.2)
1213833dbdc92ec26a173860e557f3b6,mind / locus of thought
56963d923c129dc78f5b1add42c298f7,mind / soul / self
758d31f351ce11bf27c522f516cb4c20,mongoose
a696cd0ccfb3d106a7dce413a37d3163,"mushroom, fungus"
116eaefc4ffe533140655e5eced768b7,neck / throat
baa3f18777822ebf6a35722e5f523e6c,"nerve, sinew, vein, muscle"
72bd72cee9af4bd63874d20e743ae1e3,numb /  be paralyzed
4043b3ed9215f1e0f8e80ba5485c7b4d,old man
7e1d85a8b8b5adaccdecf6d7b90620d5,old woman
bab45f9e9f017c228b372d3df2d941d9,older brother
e4be3601b43c5be1b2d13f59f507b547,"one embrace (measurement circumference, with both arms)"
94aab893102a65ef4695885188154f9c,"open, dilate"
c909a8b4b59534147670b68c5ace3bb7,"over, excess, profit"
e9d89eb54e6ea1704b625fe65adcae0a,"petticoat, skirt, apron"
52d9d46a5e4dce7e1331b1435e449d0b,placenta / afterbirth
05b8b9bdf614cb25b3188b34aec12a41,plank
4098be474dbc5bcf0d08cbeb77ddc6c4,pus / matter
832e0d1e3f630aa3de65757d8aef96c1,rice (paddy
6093e8c5610a01a0f2cdb914a635aef5,"roast, bake, fry, grill"
64b54c6b0abcfbede49e52da11823fb2,"run, gallop"
85dbd3ba2813f22c2740727f3bac407d,"sand-bank,bare ground"
7bef12a1f0e839025ea4be4511292142,score (twenty)
c0585a131a0c869db0ca97623ecf4780,"scrape, shave"
59e2534191bd2337433fda97c5f56de8,see / look
c8dae1c50e092f3d877192fc555b1dcf,sesame
a401508ed0194b6daf9ea92c78780011,"shame,disgrace,ashamed"
c41e9830787e7d914afd449cc88f9d46,shin bone / tibia
e87bf0040d436fab359b9c90671fd661,sick / be ill / hurt
377cb8aa952862234aeea2e7c488678a,side / edge / border
decdf105bbd1012424c2b41d216a5c9a,"side, edge, border, brim, bank, rim"
2daa252a00adca5ec287eabfcfd90dee,sister's son
b41c191d1963dd7d6c19fa419211db6f,sleep /  be asleep
63bcf67c4594d63bc3f82537d684657c,small hanging basket
28bfd49c35ca69cd095602641284d3c7,smallpox
3d9fa245bcc50bf4980ebc8382aae8d7,smell / sniff
76ff49177ee6590bb615d95347a53cd0,"sour, acid"
3e616418ad1a286b71268f30a2f85a4c,species of bamboo
003bdb0db71dd5cb3d963ee3d0b8dab5,"spit, dart, peck, bite, spittle"
0f5f91430140c67ef35b09795577d25a,"spit, spittle"
f675258bb2a66329769ac84b9bec4d92,sthg sticking in the foot
88e633b47c292d7fa1252a4d2783fbd4,stutter / stammer
2c751599937a7f0556b44675a302b90c,suffer from rachitis
645e30b1945d85c462683a4020b2df05,"surface, on, up, fore"
7458fc43ad99b43d9d8648d63de6d009,sweat / perspiration
ab9942cceb90c1dc546a217f24537762,swell /  be swollen
8a957592daca705339feb5355b6ee292,"thorn, sting, panji"
dcf33858fd724a4ccdc88bb889bdd0dd,throat / gullet / pharynx
5016f7ef10dbfb6774e590cff121c8d1,"throw, cast, fling"
2b44eebcdc7fa20bff8e43f5de330038,till the ankles
789925c439c7d8109d88f19745946c7b,top of head / crown / pate
cd79f90c5afd7bc5d4d8ce3e832a0a07,"tree, wood"
4718b69c8f5d9cfefd7f96f9f79f40b2,tremble / shiver / shudder
936a29b02a00c2dccae40cb5050fe642,"twenty,all"
996fc745b973cccbf911e74c0d71fb2d,"uncle (maternal), father-in-law"
f6e8af8c7d60c0954e1ce3fe58ccefa9,viscera / guts / entrails
5af6c605cd1399de22d6d70a3a89429b,vulva / labia
4046b1ae715d440ba8ebda47c45e1ee6,"wash (vessels, dishes)"
c683bf62d84f39fb447ec601e9f2b3bd,wood / tree
f974af6c3dab91796c87578a052649e8,double handful
b0953e38f73a7b9d9321cca6aa72fb63,edge of knife
688c0531c26b29b05eb935f0552640a7,fart; to fart
c953e823fa792677c7ec5f331b7c78b6,"fingers, toes"
32e89ada8eb13914966ca46a677b2ab7,gall
68f36874b9ca84c5782747967138bfb3,"gall, bile"
a888a1089564497579c666928cd708fd,"hair, feathers"
04e7c590ae84ce28906eadb605ea0f26,handful (from below)
a63f3d6e5bc9579e39e8929c4b52af07,"head, front"
b04607ab723b146cc68d0a2d8f77d55c,horns
f98c77ffa732f4e3e00afba3c847d4dd,hungry; hot
9d14448fdb585bed070819cc6fb7e0f5,in pain
d97dcffd67eca7255ca514e4084b746e,joints
98ff32d307dac92bec7e496a52a479d9,left (hand)
09f0614c78e084081eafe462ab052f4e,mouth (of men or animals)
1b26590c0621d9a6292d92dea82dffdf,nails (of fingers or toes)
d979441a3017a4e80631c8148d2d1cba,"nails, claws"
29d729126891f2c23bffabb4f0dfee94,palm; sole
0f0e1b5ffb821fb8a6ec2b1ba994e947,"placenta, afterbirth"
52bd2f4de565e6c6d85e527bd6985f4a,right (hand)
3788d7ebf2139cf96a18e40813986d61,sandals
65ae0a3ac6c62ef29f931a9ea5a2a775,see; look at
874746c00d6aaae36ee7c55548833ee3,"shut, shut eyes"
79fcabca78cbdaa31a50644d7f1a0df8,side of body
e2cae957fb9702a421a745d747bb6353,sing (of persons; of birds)
e7edae3a4a85ba143c8a68c040fd0b4f,sleep; put to sleep
a240d0be8e8c4bf041239636f15304c7,"smell, to smell"
f89cd08adefdb3ab9b8c992171eb9d0d,stand; to get up
c647d663dea1a82a19c41578c15a264a,suck; suck the breast
cdfdce8afd0a9b2ec0c37a289469ebc9,"thigh, leg"
2afa0d5dedf3b688c4e4416c96f9733b,upper garment
c50610607f396b126c94f5eb338f99ae,cook3
7f553ca056640d82ae8583f5d3e0e021,female:
eea07e8299b8a42a2732f77f96b7bef8,upper jaw
a92522c1f8f53a46ccb6377248393264,valey
e9e2fa9618600c8fadc7eadd8ae61df4,cow / cattle
7f0f520452209c9bbd03bbdcb8499285,dirt (body)
161d182bcf09db6cc7bd5085f0504414,fever / hot
976534b0677a496078279f62bfdcaf90,hair (head)(1)
05f7bc11acf082e4f8573761d7458db3,meat  / flesh
73bc2c448f95086afb7a9deea6a7c29d,milk / breast
c68cd46aa409f8c958c92ad9b7a9dbb9,right (side)(1)(2)
76fa9b2e54b5a08f9037b895f661ec61,snake / worm
8b1d3a479ac629fe568b3b82ec3d2b36,stool / excrement
225decb13f5e9d1989eb879d1be59c34,abscess / ulcer / open wound
3cc34b8fd6110106b523282e9d987181,alive / be living
aa3b3b6983477781e67f5e8a53e7a0d2,audible
bc48a123fcbf860503b6bff6339fdee5,beak / bill (of bird)
af7fda47e145177a97464a2609bf23d9,belly / abdomen (external bulge)
2f7abb118cb48642b8bca9f9aeb7cc0e,bladder (urinary)
c1a329c1c22792003e53f56c4a5ca406,breathe in
58f82cef99ab46858515efc2f13e7753,cheek / jaw
dc9fb553aaae9a0a67a50195c7dc92ea,cockspur
8fba0d0d248a3d0928849c454777be3b,cripple / lame person
e657d47e3c2c75cd99b83fdf0b55ac54,crotch / fork of legs
67b0fd0c21f1a120834ca9df401848af,drink (in one gulp)
987abec1c1dc28275aa6099ed6c1665f,fart (n.)
c5e0664ed4e7c554c86d8042b89a58b6,feces / shit / excrement / dung
f98504be118e73a08bf83bbcb9d5b54f,filth
70fe76600c52ebf604c2be8e12b05573,"finger, index"
54fe2042295dee07d67c68a03d1bb56d,"finger, middle"
a570957144492de5f30e7b03bc2e49b2,"finger, ring"
11004cb4a840a43f92e4180b32e22d9a,front leg (of animal)
e2fe6a3fd2c4fe7555498b86cccf714e,genitalia / pudenda (male)
f6c0f7b1ce85e365ac754128ae46d530,guts
23af88a85d3dce13004daa92addd7afd,"hair, body"
bb3fa1889f3a860c2afc01a7410b55ac,hide / leather (dried anima
05b695e5ee06196da2e41d911fee6c8e,"hungry, be"
88c55693b791d5a8e2bf2b308ebbadd2,limbs / arms and legs
d8a7e66de90e514eb4e7038a2343a723,mucsle
ddbcc86a5c676d380643df743413f70b,mute / dumb
0291d80e8beaccd24951b0b48f448ada,"numb, be / paralyzed, be"
9720b9b6e70180cec4b146178a069280,oil / grease (for cooking)
f49623486f08549c942f40d32b00fdf5,rear leg (of animal)
72296c347aa0db0b529a3950cc34910a,"sick, be / ill, be / hurt"
08b26b6fa3ce142c18ff6b99fe84e76b,sleep / be asleep
51f6408709b47f1d97e4e3b869f2ad7b,solid mucus (dried)
fc22664cfe477fb929f390963ef9f6dc,speak  / say
8f92b628fe3f547599f92984fe406097,spit something out
50103f60190fabf5752cc652aeb13476,starve
a6145142d5444a78559233723f7770dd,sweat  / perspire
fa187d1c55ffafefc4cbd3d4f7a7117c,swell / be swollen
ae70d3a3ff8b8b11770c11ae766168dd,taste (n.)
1b92c4a13ddb41cd3a183e5356be959e,"thirsty, be"
39c4e261fde8f694d2e75233c53ec273,torso / trunk
cd15c244b1699739a5afc11a7172d4b5,underarm / armpit
0c99a05a4b01eb5fcf3a6422d94dff71,"wen, form  / lump, form (v.)"
26566e397220c73f5c6690da20dadf12,Job's tears (coix)
a7b55b0e1990bccef6795acb20bde70f,arms  /  hands
d544b82f6bb84ff1d46bb9aaa63e6f12,body (general)
6d87fb4b689d1dcb44597018f8285a76,divid
86acdeeaa47a154a6c389199327bb5b9,legs
28d09fd2487ba49f471b87adf7b1cf97,"apply (inf), as to body"
e091ff9f17c4b55f19dbdd87162dc5f0,"argue, debate"
6141f2f31b31b0135327c2ba6d013293,"belly, stomach"
9c7ebb3723150d4acf2c115cc85d854e,come (inf)
fd5d3c903c42dbfa2f5241fae6d30c64,die (inf)
bf3eed7bb22e84d3dbd273cb721ffa92,don't eat
e423624007eb26186df9360d26f0f937,don't feel ashamed
d943e95b255a3e9cffb64245c3e95e9c,don't stand
f7411da9b4b040867d63d052ad937b6e,earthen pot
054ec60683d541e9b7521640cddd0005,eat (inf.)
309468e5758db4d4c71517efa0a8d3bd,eat!
ef7c6c9be5d25390f7f63efa44070d58,feel ashamed
d4fae4b45e689707e7dea506afc8c0e7,forgotten
5db36f22523ad842ac27e2a530c4ebab,give to drink
dd7462836e3813e7ea12c9c0268b7e33,go (inf)
e909d294109dd83a3c1ffcac5dce13ef,go! (imperative.)
f0bba61a7b0bead7963d788010ed3e0e,his / her hair
7edcdfc7cbea4e3a14fd5960d63c4a14,his name
09feba2265a3cffddb5f4a4f40f9e6bb,join (our group!)
80b4403da3d2ec27bbdcf4147abe5cc5,know (inf)
5502d0e60bd6a2ebddbd909a1f51252f,"land, country, 'free spac"
e7358dd6dcb9938180d8292e11a9a75e,make sleep
51aea3bee6fe9e2a37838da81dcace14,my hair
0ae5449d4013cdb852f0711848478008,my husband
96eab59409f8212215c2ff6e51f3d23c,our (du. excl) hair
a9be5201e3000df1e0b5e42ec3c0eaec,our (incl.) hair
653d22506452f99685297944ba96bce0,physician
7125fef1f62c43781fc156c2f7f9272c,piece of wood
ef8b59abef089969e41536bdc81e8286,priest (non-Xn)
685ae7beb0e8b756705169684446fb46,raise an animal
173ad7c47797d906bfdf43e7ab4e7c5d,rice in field
c4c9e77644437f0f19d1734f62840618,"sit, stay"
cd0dd38642b573594237123be25db01b,sixty
db4b7a0bf7db3d1273ab7a3585a72799,stand!
0ebca2f378b4892723714ee4acd1ed1e,that house
6354a1442f2199c909f4e19e0d83faf7,this house
f4d56c17de7137bc1d0ad735f1c86e07,twenty-nine
df9f10e75552ce493e2191ab88eba6f8,two thousand
c000e77e6d75f83e0ddc74af25666cbd,yam curry
65be70c190e0ba468b0b8621e798d8ba,your hair
3cfa96f2890f5d08c38c7053b2beab08,Pleiades
24675d6402e27e17a61042fc15c84ef5,adams̊ apple / larynx
646d3346a625f34c616d05e592d65a01,"alive / living, be"
8032ae3e798bf98cc84200e0543749fe,amniotic sac / bag of waters
77013c80b716368a48c2ea4fbc72148b,aqhoheart / locus of personality
3109857d19afc5f23ed87bc300db9239,ash / cinder
ec5508b3cc8e983fc547593ad27cc485,"awake / awake, be"
6b6ea0306cc077990393cb7c9ebaf73f,biceps / arm muscles
a1cb4abb205984f86980ded8ee34a762,blaze / burn brightly
0006495a954c99b82a033df92cb4adda,"blow (of wind) / windy, be"
b0759e17c7cc70d7522a6b63a05c914e,bonfire
45aec2ea6c481f67ad4e54c739f9808a,burn / be on fire
799c2318a6fa45514e5b64ccb14b539d,burn off fields / slash and burn
890b3f98d1a4c62343bcd968e751ede3,"burnt, be / scorched / charred (person or object) / sing"
865826f5c9293f14e22a679f81de703e,cave / hole (in rock)
694af9ec5187beafa9fd7848e1190c82,cheekbone / malar bone
18c85389e7b5058093686ccf5f309ff2,cloudy / overcast
a6b799598cc9c0131d1498760fff1ffb,colostrum
18b95a900a68072cecd8a6e7c62f8eea,comet / shooting star / meteor
af5930fccbf840b960eb7bcb727f0ce9,copulate / have intercourse
7a624b9320e842e89d4c620d29d6c988,cord / fathom (outstretched arms)
0265fe3e7cc6e2a260af975a46e63544,corpse / dead body
641f9ace75155b7367248e409045e046,crack / fissure (in rock)
abbb3be335e08092b2a893e53048a088,crook of elbow / inner elbow
43b5c9175984c071f30b873fdce0a000,current
64a8b8a97e6bcfe74f09ce09e05198af,"die / dead, be"
86b1d005a211270dac653a1709cc1e07,drought
670218dd1b26f9a02d4ab5c1aa945277,dusk / twilight
67ba8023d80761dc4d66ff9c9f0cfca0,dust / powder
c72251a64fcd4b279ca303c286cf54f4,ear (outer)
79e2938f02cbee8b81c5a31f7c2f1d89,earth / ground.dry land (vs. water)
0419a7f34001ead7e966f835b46d7a27,ember / hot coal
05dcd5c400575a4ad2e48e5246c7fa07,evening star
df1f7aca37a4352b1e9ebca36da6f7df,extinguish / put out fire
e8036d0b7083f60a1432c7dce16b117f,eyetooth / canine tooth / fang
c930446830ec343b5beab08465945baf,fat around intestines / omentum
4a43cd21e1f92e794f3309a58b0f93c7,flintstone
090f9b7765a05868d006851e7504fc40,fog / mist haze
45d4eada71c4b323ee5efd5c4f94486b,"full / satiated, be"
84d440338e990cee5a97d5807dd140cf,genitalia / pudenda (general)
2e155b895a16e42f96aa885dea1616c3,gizzard / crop of bird
cc05a9230a68d926062e54440573f19f,glans / head of penis
2832aaee80d4f53516675803fc6491d2,gorge (between mountains)
3d7cd2ad438d3959ad8d066bd8d59fe9,groin / loins (hips to thighs)
3af384c4f11f5de36211a8193e9fdc70,hail / sleet
ce083d3b64802339ea6b1f2152fe2328,hair (facial)
e4601a2ff096f652c5f563588b56987e,"hair (female, pubic)"
28dac07bd9bf307b85adf568dc0877e2,"hair (male, pubic)"
230f782cdcf2e1bf702a72327ddfc509,hand span (thumb to middle finger)
ff218437540fedc14a719e2b0fef7206,head (top) / crown / pate
c6a06c75c4f6a96686ad0f74ec3fc876,heart / locus of personality
1c038f7f248e05ce5ca42522165d3e6b,highlands / the hills
6e3350a28b7e65324ede657b35178b92,hole (through sthg) / perforation
390b9d5a0b69278a88df6b20792532b5,icicle
a8357e4dd612ee5959577331f72d4b79,intestine (large)
6baec11dee65bf56fb86fcd16c945f96,intestine (small)
3dbacfd76b0a040ccad1eacb20def4c8,island
08b9f3ff38fbd899689de9722f5271ad,itch / itchy
b3a3254f6cf428a9499358c16cefc996,jaw (lower) / mandible
46709322d56c7f20c018a9eb62862ec4,jaw (upper) / maxilla
088a968c88d23f4a675ced881f18f129,kindle / set fire to
19a92a743bb949db8b15a4aceda1fb10,knee hollow / popliteal region
dc3f6f284d136a6c62511a1507f6a4bd,lip (upper)
ddc823e4eab7cf4de1bcacf6c592ff93,lowlands / the plains
471f4bd56f1f1ca711a3d5e73fb02660,lunar eclipse (tiger eats moon)
36a1efc582a7bf502758ec6b14ef78fe,meconium / baby shit
55f55cb70c1c9e9f841992337c0a2a16,moonlight
649e898208a817d0ba44eba38f45929b,mound / hillock
cba387543f63045fd393fe7b72afa7b8,mountain range
4da0c3b4e429d947313c9c074edbf9a1,mountainside / slop
0069daae8047be176beac41eff290b8d,mucus (liquid)
a850bdfd68d34d4993e63d75594d1c8f,mucus (solid)
405aaff66082ffe7231d7c1f79926c17,nature
6480572b1e30cf368b4727cbfb1e2ad4,numb / paralyzed
6615595df99eca7aaab769bd8d10d45b,nurse / suckle
3190fd3f786f09fd80f60f0d846c383e,ochre
5aab53eca22edab38bb425b8f677a98e,palate (soft)
f39b1ab5405e8d9cc2fdb96f6376ad06,pebble
e890bfbe48ad615c1ffa188a49ace9a8,pelvis / pelvic girdle
38b4a65310ba4a35cc29cf0784cb56e9,pit / hole (in ground)
e66a148f11ce660effbf6ca8bc148aeb,plateau
d8b3635f6506d0fb97fe6b4fe372d11d,pond / pool
e5d35def08876f41aaebc990f0375f51,puddle
141f3133990c6f09ffdfe240ad8cb7e0,quicksand / mire
3cc87212bcd411686a3b9e547d47fc51,raindrop
86cee514249126335d52c3dd516dca39,rainwater
aec182e4c2afe84b4cf05e24095e61eb,rapids
56c97903eddc9534396c7249d2e5aa1f,ridge
a909bb9723f92f5388ecbf15b3796b9d,rock (large) / bolder
6d5b5ae428c0b33d0fc39eec80e555e0,sea / ocean / large body of salt water
90617d66884dfc7d00411cc802576046,semen / sperm
93c38fc8275c02afd3ba714873385237,sick / ill / hurt
ced194405ed62ec2bf8af212df8734d8,silt / alluvium
8b79372dd3fe0c2e591cc36fc4fee687,sinew / tendon (muscle to bone)
e65b12f424c2629274e12179fe5ed828,"sleep / asleep, be"
ac119a156fb557a6ef1900171db7f0c3,slush
be8a625a1911a83c9a65c407f8d4c983,smolder / glow
95f4c8d7b7e9f9f48e7984182aad51cd,"snout (of pig, etc)"
ca265592e0835c3d35186047a48fb16c,soil / dirt
f4705a146f8cc1e251882a6f21820d59,solar eclipse
98f11b7a7880169c3bd62a5a507b3965,spark
5aa910da8a49fd01d52e96843945c921,sparkle
f9ac36d1b5231b63cc6b37731c06a55d,spine / backbone
7e729217efaf3bfc275714cf94841447,spring water
aec720fc0da40841d42c1df807defc10,stars and constellations
3ab05285e1e0c7acaef008a3af4df7c9,stoke a fire
8fd2e447e688cdc8d9b882114c61d868,stream / brook / rivulet
c094eabce9c1d1471553328d063f5df9,sunlight / ray (of sun) / sunshine
feed5d47c860f422712ac902a89865db,sunrise
99ed535a14c5647c6edc6c90f7ec6a41,swamp / marsh / wetland
1bfbb8273c7a8cc0aba53c4cde585baa,"swollen, be"
5dc05c9d39195d200c077a253d2e31a6,talibone / coccyx
803a8d63b56f60abcff22d5d876818a6,thigh bone / femur
2cb1b780138bc273459232edda0e4b96,tin
5b2bef849424c01e4e8cbb4afdd95f91,uterus / womb
fec6e88f995f25879ea83d05f7435113,valley (river)
9ea13e37a73d46da1f51724d3ee66467,viscera / guts / entrails (in general)
305168f3fe3d071425912f1e559df3fc,waning crescent
7def9289ce7477782757a3ad290d7930,waning half
911b1ca4b34d45a115afee01b1e4fbb9,waterfall
c1d484fb484b8fa04dd793e65a0b71ea,waxing crescent
81ef52390a3d6eeb004155b9782071f8,waxing half
ced936932566a1f15277a43d80303b00,whirlpool
9de357eb4eebbf5e2ce5a49f1c9ef342,whirlwind
8bd845e211bc7f62c4d24dd853903d22,windpipe / trachea
71c9b38bc91f8a67173902ef9debe5a8,world / cosmos
eaa8166c8937828ef0397e0c6c66dafc,This is my child.
dc6295adb9c25658683e7edf164b814c,"cattle, male; bull"
f3c79e945d5a8b544722e8547e931282,"cattle, female; cow"
18e3fbb272b54fb79ac9420b48ef9bec,chicken; fowl
958c0c19d5d289e9b1346baf9fc9205a,"rooster; fowl, male"
d16c3a7cd3bbfb1203eff5b7ca78c764,"hen, mother"
229094d02df605bc66e78b66dfc57911,cock (intact male)
b71c658cfe1cd1413637a0ac31433253,fishing cat
40d308a1089bc9b5e15775f2739ab7bf,sambhur; sambar
a6b4be80f1de77491ef2d1eb1ae8f69a,bear (Selenarctos thibetanus)
6cad87d92c4161833a5442385b9f75df,leaf-monkey; langur
9184f98330d7d563febe1f7327575818,"squirrel, giant"
9e8aefd2a5007b29fb688decf1629439,anteater (pangolin); crocodile
5831a5798636d64c2bc3da15870bfdec,"snake species, large"
c4fb0e699bae947486d5c2bc75b12bcf,lay egg
09edcaa8303d2863fa0882d658499543,"chicken, jungle"
6c3c2bcbcbf60ea974e0dd6ca6732eb2,woodpecker
d7df8d55fa1d0e0fd3d442ec1c1a89ae,dove; pigeon
772af7f7abd275585a7e52d50aa06b59,"roe; eggs, fish"
a334762a856054f8691c88d2c1be5d5c,"fish, catfish"
99836a56c7e47861f48d8d1b0c2ddf12,"fish, flying"
cd9cd8d65c13e247c38f721683611fb3,"fish species, light in color"
d81432540815a7cb06f04cb68f02985d,crayfish
951a64c4ec62ac2c7ac169d7c366de9f,termite; white ant
d7c75a8fba25ef801df11508d09eed1c,lac insect
98b4ee6f036f380eae9bd1e7935b4603,"front of, in"
6cbf7a6dce8f6c058524db3f75e51c73,torso; trunk
f4a020ed26c1b028ff68fc629d29b8a0,"alive; living, be"
dcb4719e134b3b81bf4ee0e1eafe5712,"die; dead, be"
51de85e8fd6bd08d67fe0c5ac1290374,my grandpa died; my grandpa is dead.
58589ef6fa44929834d2dfd0f7556cc7,"corpse; body, dead"
b679eb0682be072a16c6ba929d9ebb09,"sleep; asleep, be"
815602e7b410da49f003bd76f722d80f,"wake up (v.i.); awake, be"
5fa5567273afb3bd7c457d8d86603120,I awoke.
a0ed8c78c7fa4eefd40148c11c874510,Wake (him) up.
4aa07e9208e902291e7fa1074fd23eb0,I feel sleepy.
48a19c9dac77447a13eb323a12694b06,"head, top of; crown; pate"
c5c26c158f69c917ba9697eee9400ffe,no brain; brainless
b9acfe203538433a917e127e9e3e5364,forehead; brow
860f0b6b4ee8a53625cb87c0ada109cb,"eye, white of"
7b19e6d2d6da628b03e99b71ebf9cfef,The baby is crying.
ba9b8e2b7b298cc51c848658f6d2d41b,look (imperative)
ec48b38d2d40129498325f40ab3d25ff,"woman, blind"
3f552572abb4e3ca8b2b958a21495763,"man, blind"
fccd538983c25356a92f6f59c37d0a92,"mucus, dry"
aeaaa26ebee18f69512be8f29cfdf756,"mucus, liquid"
c575bdb3dc4eea0cafe66cc75cd40487,blow your nose!
34c4807f79d7a41edb8cda9acaa3d50e,smell; sniff (v.)
67719427ad4ddbf69f4a12c60545d147,uvula; throat
1c40cd8b0109fc3fdee5e25640162b4c,(my) throat hurts.
99c891e13bed0e35ad633212deb9509d,I'm (now) hungry.
39efd8e603daa26953d488df6b81f08d,"full; satiated, be"
f864ffd3c14998253e23237d15de8c0c,are you full?
ab045ee6e0dcbb9c1bb66f4764814a15,I'm not full.
0372231dab1732454141f78c34aa14b9,gape; open mouth (v.)
3666556df911ad9e06075c7d7d650738,your voice is beautiful.
72e8a264f271b6463212d27b6ba87c4f,stutter; stammer
ff1a1bd373d69b14397700e86976defa,mute; dumb
7e97b91c5f11c5d185b6c3fce436f145,beak; bill (of bird)
994e3cc1c5898dc9021ee9ac40d58710,"cheekbone; bone, malar"
dcd89ca3363f36ab0bb0ba6c9cbedf44,chin; jaw
4f8977cf2cdc5f76f86462989b1e25a9,"jawbone; mandible; bone, jaw"
6f8e272b38fa513d0606dcae19dbd934,adam's apple; larynx (throat)
9b991f7a20b4622c963ad376501f20a2,chest (=liver)
fdbc2ce6936ad4137a59bb6f2b7a4194,shoulder hurts
210fb9530560be91ba5b9333e0b8bc13,nurse; suckle (v.) (=drink)
976db7b2a2565bedfbda922f6f2cbc6f,suckleǃ
756e903c80cbb85685546b012aa41e06,spine; backbone
ed1442c756e067dd0506e6c0f008c848,spinal cord (=marrow)
b52982e656eb882ea46143d227cc4bf7,belly; abdomen (external bulge)
cf07cfd3bcc4e6b3696b6977aac6da59,Is the umbilical cord gone?
c6aa2db1c4b40faac179f4a842dd6f21,His hips are bigǃ
34f7e5e2598db19b4c7def88eacec5c5,the tail is long
b2958e701f94107b6149fbe7a53138ec,the tail is short
ea0ff8a8ef4111825a2832fd8d086833,stature
fd86dac5ceb241a9d214b8230681cd49,arm; hand
6b8a01cb46aaddf1747fa136246c1e13,"arm, upper"
50ac066c699922ebc28d84628c1c2fbb,fin; scale of fish
50f6e6f33ed709da808b7a7419a3b84a,calf; shin
9464728f3cc65d74ec95c05c6669cf9d,crippled; lame; handicapped (whether or not legs are involved)
9bd898b2b412669519714118ddc703cc,"hair, facial"
37034ac2dd62373331d11f76526ffd90,"hair, underarm"
9759bc10316a3c679058b1f63d92acb1,"hair, leg"
bf8ee2bd06b03ad3edac99d265c3660d,mole; blemish
dc12ec0c195477449525107c9603dcd4,wart (= skin disease)
ba122f21acdc3b7ca928feb75213b21b,"itch (v.); itchy, be"
db44ed4e12c200505382ce0f6c4f4b65,scab (hardened rice at bottom of pot)
261bd7b0aecba5ce567b9accd8dfcb7a,hide; leather (dried animal skin)
7c92cafdc608b603d205cb004412a181,sinew; tendon (muscle to bone)
950a1a515240cb631983c0425ebe248c,blood vessel; vein; artery
a50ca0111e95c73f0afe523a06089b5a,muscle (=flesh)
87131cb1064cecd4d5318d30180a6266,the muscle comes out
77627fc72f7f257557fa14bd15ca9943,eating the inner parts (internal organs).
44faf7945d35d645c44f9034307734cb,heartbeat (=breath)
9a28fecfee6634c99ee37841b4250dd9,intestines; bowels
5e5682e55bdbcf2f1050100e286682f7,anus; rectum
f960b21a7e58854c3bf2c72394313aa8,copulate (v.); have intercourse
d023f5a2cb708104ad5fe2248ff35885,"hair, male pubic"
23186b5ac769c701ec010903de53585b,semen; sperm
8bfd9f00cc29e8c32ba1a0037abb77d9,"hair, female pubic"
09937eb5cfede3115e8a19b2e4829a74,placenta; afterbirth
7b4c4bd5b023df9d15f52c1b189ad1df,"birth, give; bear"
54e60b1a8f42c415028eb6b2f1590872,chicken egg
fd5de6a79b3c5a43305a576169eddf0b,tremble; shiver; shudder
242561353e6b8f9f06824d60de140598,he trembled.
851ef8ff0bc4c4107dac8beca809a031,ashamed; shy
75116ca2a91dda4c2976d77d72a9c5fb,"sick, be; ill, be; hurt"
afe71cd51e474adee1a9f696cff58186,"swell; swollen, be"
ecd7d8082035ab60ba2e4d8fb1051f4f,"finger width, one"
e2cfd78a79a1ff15bbf974d4c50f1126,"cord, one; fathom, one"
e629f20a58e10e6096c4c38f6c30002e,"fathom, half"
ec716514a07ccb5934a2b7ee1289c6fb,length from thumb to forfinger
bc86f9d4c8b5592b2f9f932e63bbf99d,mind; locus of thought
5d03357a43d2004758f688cbf8b6b9b8,heart; locus of emotions
ea279c271d339d0e40c9944e2d32df1d,heart; locus of anger
851ea012d44c0928fd164281308b2bfa,I'm angry.
d44f1684d2d325b69efac3f888cb2b57,I fell.
a3955c2e99112c1b0a0f2c3650ff6bf0,He walked.
3535a961087d46bb5b28b15bd793b831,Ramayon went (to it).
9f5746bfb5f5a562f0949b4f25291400,I hit him.
8ff66036f89be1efec3919019f17868e,He hit me.
ea5a8cfcd20bb5a82ae1bb9eeea6f38a,I hit him with a stick.
535414198ed692e0a41f48029f6b0aaa,I him him in the house.
411fa765b0bcfee9ff1b99994434d03c,I hit him with a stick in the house.
2a83bd14d761c9b93a3f895d785c35d6,He gave the book.
a4ab5240a7aa85c6509b0580b5478deb,He gave me the book.
d200e271ed8cdb3dcdeff8acd288421d,He gave me the book to me for you.
b806a9908a1bb02cb2a430ce9fe34e68,I saw a him.
ba48418dd5cd833717702aa35556f476,I saw the dog.
ab565cdc35e0eeca241b63477b2c039d,I saw the tree.
4cc5088517b7992f7125983278c92952,A dog saw him.
60ea259bbc26c73d2543ed8ec673da2e,A dog saw the dog.
553066eaa4c1520c18249585262f5335,A dog saw the tree.
9d97980ad2a13116eab1f449d718f850,A tree saw him.
5625ff1aa1f7d4c80ed07d7ffdb67e9b,A tree saw the dog.
041ff2638020772486209832120acbce,A tree saw the tree.
7616ae782e8847939b9ea586ba04b286,I bit him.
4c3a27c265b1d9699e7eb22e3441a53a,I bit the dog.
44ea62f13061d460e8bcbbf2d2206311,I bit the tree.
ca25b08b74613dfbd26b4c0e541dc487,I bit the tree
e5b87826de7adabab414e895890dd4ff,A dog bit him.
d4779468bf7e0874ac29e56d73726762,A dog bit the dog.
e7fe89fcfa5e00b0eb6f7047dffecf34,A dog git the dog.
405c3aa5556e9b96e72c12285b93548f,A dog bit the tree.
187b33df1a2a8a1f5727e4785b0fa14f,Dogs bite human beings.
52c77ae8291b4a4a946cddb0f5ad6fe7,A man has been bitten by a dog.
63ce2929d13201c44fd238b2fc3204ba,this bow
7951f2c68ca3b34e8ab7e66fdfc82f90,this slingshot
049d9d8a678c21753ee605a9643bc295,this axe
3b04bdddaea6f100d43a46791e59c25f,this knife
b3b4c4e72c5bae92de83fa35e22ec2d7,this spade
62412eaded506f155622379f9789d08e,this needle
0f3c5efabeb09d7ec4c06d92f97aa0e5,this pestle
dff12d149227dc957a6e4be234259b0e,this loom
20cf03668622e64b154180b913ff6cbf,crossbar
76121602e26cc21b717c0e99b1477101,this crossbar
42d976594b6946f98d6105c3ccecb3b1,this wall
8a7d48a5287e6a5804322fa53de14354,this door
29eaa6e501e748923a90ea060fc7e5e2,this window
1f9d7aad7c4be349b87f5dfbcd8ca912,this spear
412c747d3193ad51d6cfd092e5883538,this boundary
f802ffef5516a39212a409d2b5bb6f41,road; path
82c45be681c8a1900ea7d4ecac7eaa20,this road; path
b2e3a0878336e7c54195aa8ea584bb9f,this ladder
12150792186aa5531e84e0a75ed24b46,this rope
3e971484166bbf82938841a4e11f0f00,blanket; cloth
639d01bf46a0ad9d264eeff636093cdc,this cloth; this blanket
4256c150955e9faa7cce3caeb76dd115,hat; headdress
d7fccecdb358d536084a3af6937ff5a2,this headdress
cc7d71371da1449e692bae410ead4aa7,this pot
9c44fc81ae1c3b4b362d5576bf6cda53,bowl
0a4e7455f00e33c4effeb99cb200f9e9,this bowl
f94e9059f3173312e016e9b1c5666313,these tongs
4b914e46c5da409f577e564a521e9f6d,this necklace
1a80e52cc7f8ba8b40302a6af7fc026b,this earring
1312b7fe5dd291bb964665435c21e6e1,this medicine
b55e27b70f3e9b55e4836bf389e4a950,this song
1ed804aef93ac96645f07860acc5bb52,this price
5f94b043765a1d72a47dee9e996d606e,this war
35e475f58c5b571b8ff79342cf53c3e7,this corner
46f94a17169a80215313b03e5f1eaffe,world; cosmos
e50374458552f13a2a766d275eb0df14,This lamp is very bright.
19b03cf19e82353f27f786bbed7c47ee,The wind is strong.
fd16be125c56b45116850514ebcc7406,hail; sleet
db74043e04134a225522c71c35a9dd95,ember; hot coal
7b8d2a3860859c46a5b9a43e70c80e50,"burn; on fire, be"
6e3cdf93bd9da59d908a5a70220c8979,the house is burning.
8713c7a4e91d1ef834aa9861d3a404e2,blow fire
272526fd791055c00d878deee00e86b7,burn off fields; slash and burn
47be04d72cffe9bced859e6978d7a283,The table is burnt.
1f0e752f243ff044766f800ba102e43b,extinguish; put out fire
5b5a1ac3a78adf4a7ed298f559a2f74d,pond; pool
d6be658b3dfcc717fea8e5a8c4089b2d,flow (v.)
2f04fac076e60a3c244673c9cc687e41,earth; ground; dry land (vs. water)
824ce151ee0ab16a92825244b3aec735,"pot, clay"
3054b9d688c3c2da25ca7a168faec333,dust; powder
69715d4d22f227e0832a9e2553e4f1b1,valley (river valley)
b540b468679002519dd3af944286b931,cave; hole (in rock)
4e54fba9fc8c738ce20601ebca363b13,I shot the deer.
c6f6abfc4d237e6409c5a9e769ad65cb,"(I am) happy (=fortunate, prosperous)."
472d7911375229e36079df5b3470f0b6,"When I shot the deer, I was happy."
9106595fd26824f4a5a23c35aeae75e7,The man that shot the deer
c35aa8d1ce2787471f5309f0e1096f01,My shooting of the deer was a mistake
ad88e651b4220b624211a20053c58e48,The man's shooting of the deer was a mistake
8e947d6bcc8dfa8b6d395b40401d00cf,I drink water
f23cf666c633d8e1529303a690a3e803,after I drink water
1f502b5574946c516dc9a3c6ffa7f6fa,after I shot the deer
6d36ccd5ab59895c466785d0858cc47f,I will go to church after eating.
341aade6433d6ced5ff2112bb28e5dbf,I have been to Imphal.
1d56cec552bf111de57687e4b5f8c795,nineteen
8f37d74c805ab0629565a749f4b14f78,second born
b57313702b5ee93e98f5f7eebdae020f,third born
512e77fff80ed589ad0345866beed115,fourth born
4a16dac1ca2bf338a2883a4ec6fcbee9,fifth born
ce541bb5908b70802e64c243e9365d12,sixth born
5098d245aa911c02a50e276087c0b4a9,seventh
a76a3a8b8cba2cbe41bd4310b12ad2db,eighth
ed971f9f1ea92b0116c4a4c38d9e522c,ninth
7c46821395a082f448582f7ec19a5be5,"grandfather, paternal (of ego)"
8fea15c809d2424c0a8a2df897a31511,"grandmother, paternal (of ego)"
06de9163a3cd2552a6efe535fce33529,"grandfather, maternal (of ego)"
195d678ab97941692b135b1a924b575f,"grandmother, maternal (of ego)"
b4236f04330dfd189883f13bced9f5a2,father (of ego)
97a1489062f2815317af02739d16f772,mother (of ego)
c66d99af799d292fc691fa1ad58a7f07,"uncle, elder paternal"
cfd02caa9a7b4b4755e750c6d30dad02,"aunt, wife of elder paternal uncle"
80276f3f88ecdd322c1780378fa611be,"aunt, elder paternal"
724f6eeb7ce5e9736705d0a8dc967ef8,"uncle, husband of elder paternal aunt"
6a7e27a4027f1e5345ebf41477e32165,"uncle, younger paternal"
26322bccd9a211ca9bce7fb596346c7e,"aunt, wife of younger paternal uncle"
150e25de34cb83fda285f5a11cfa5558,"aunt, younger paternal"
22fccbcd5f0be67e37443988c7410c49,"uncle, husband of younger paternal aunt"
8a049162ddc13215c2b8f64c882573bc,"uncle, maternal"
79ab7752fa548d829da854c00d10e49c,"aunt, wife of maternal uncle"
3bd056e4f4dc92e2478877df252d1d14,"aunt, maternal"
f49a1c8c84d87dd2fcc4b586bbb9a7ed,"uncle, husband of maternal aunt"
64264c5b1ebd3bcb51f63e5a90da774d,father-in-law (of ego)
d535f02f65e001c395f1633670a0b7f4,mother-in-law (of ego)
acedaa764fae7e1a1861eba2b528faab,"brother of male, elder"
429d9ab5c1c4e3694ec6a4c798594657,"sister of male, elder"
02b9fac86493b4ee717a72ffd05f6615,"brother of male, younger"
c4c8b9888c78e462f2da1c82b64f2726,"sister of male, younger"
e2688114f11708a945576f91c4ff882b,"brother of female, elder"
4d83e87d92aec9c6d544e154e37288f8,"sister of female, elder"
f04cd45d02d4395a0fe8a2dc8a4ec8cb,"brother of female, younger"
a69bc8857fbfc2fea7e44a74cd24bd09,"sister of female, younger"
45c2ba1df23195d53ba5bc4e78a9e54d,Ramayon is my son (firstborn).
be97040c62af8e82172a61380a2290a2,daughter-in-law (of ego)
1b0f01aad62061a560769a8bd69dba41,son-in-law (of ego)
cd069ba1181ebf2a7ac65c75ba9e0f38,brother-in-law (of ego)
5cb93b40d26ee11cb25e69ed1d7650e7,sister-in-law (of ego)
5bcc46e2c68a0fae892033446178bb6e,nephew (of ego)
cbe86131c05cbb2a39176ec6d84471dd,niece (of ego)
b41d440fc0004bb2e9355636c7336b29,grandchild (of ego); son's son
8c1e6bfc1f514c42f494432d9cd92be7,host (house owner)
f03a41539be5c02fe68b509ccfad7727,"person, old"
57319977e48e05b97c342a255f1cbdc6,"person, blind"
af840d591ed715a86d36d6b7f7b13743,"person, deaf"
f56d02148386519fc74b40f92265533f,nationality
837779c16843d5aa7a74c5f594f506b6,queen (no such office)
c50c86f3f31af7481c2deeeca313e3aa,practicioner of witchcraft
f35081d89d440b1e7f32f6245c503b03,creator of the universe
b4f43e972096acbaf960c4f6c4924a70,"devil, ghost, demon, evil spirit"
1eb96df27f527eb5c1d208312a0621c9,"soul, spirit (Meithei)"
314e8a7e3ec76090f9c513c3bd2642bb,surname; clan
f34ed42f385ca9d642b76d1b9ef29ddb,What is your clan?
d05e9edcbe4ef3363fa4722818330707,my (exclusive)
4a993d584005233de96e9e63ea0d591c,my village
dfb2296f428f105669396f5e4e5fddfc,1sg-refl
56156cf043ae8b95bd714710d529dd04,2sg-refl
f1d954849afcf63cf748f6132c852617,3sg-refl
6196811b7e91904047def9eb11896401,1sg-gen
28ec3888912d8eea33616f1ba620b8d2,2sg-gen
514a5d6a75f56db9453b77dd9609ae8f,3sg-gen
808127667a8b3c6a6fd3380d995f7b90,The tree fell (yesterday).
20fae4307a175ab06f6855448d4b878f,Trees fall (every day).
1249ed4b5b24f3ed461a0c2633f4f317,The tree will fall (tomorrow).
56fb7d26af4d4e02645e3db8d40c0929,The tree had fallen (an hour before).
32d5fe31bf682b52cef72ab89620e038,Now the tree has fallen.
0d354761c5831d4f7776d4f9fc3be9f1,The tree will have fallen.
ed52b59e509f995411490f6210a268f5,The tree will fall today or tomorrow.
a53090d0be63623bc79734259e2fab2f,The tree might fall today or tomorrow.
c9c6faa4e3fd6ff2d2922dfd81d8a1e1,I was here when the tree was falling.
1df36909377e397e5275801896a5c0b1,The tree is falling (now).
3f473fec9a1f97b368ff4254580751a6,The tree is about to fall.
9a9c3ba7ae287c93c17f24a68e5295a3,The tree is in the process of falling.
42c78ec65b4e498d9ee52f1e49cf614b,The tree has began falling.
adcaafa2b5ffc4574879b5ad7cb5607f,The tree has finished falling.
b16b9d38aae76e60abac98f517e4ba9c,Even trees fall.
59761c86ed2da5176cca533d24f557f9,The tree might fall.
65058b5413987408cd387392c95c64f2,The tree should fall.
348d63f6ecc00a72eba4ccfbae639532,The tree must fall.
13f81b251df24b2a279edc0380c28be6,"If the tree had fallen, I would have been killed."
f075b569df9dcfb8c53bd0033cf58af0,I want to fall.
a28d47ec6609105d0951d783b60de573,I want the tree to fall.
4928706c77295ee7645973ac1d6f0d52,I might fall.
4ace52e2b7c67577822061fc1535a919,"If I fall, I'll get back up."
df4413b7e8db640e65e2d90be57d6aec,bamboo rain cover
b45ade1db978907c3146a2d91d63273e,easy; cheap
130993e55e80520c2e681afcd5ec9e28,I pinched you.
4c7befbcbb7bfb55ef2de7604171e41d,I pinched myself.
1af05fd731052da589cf1771db550fc7,I pinched myself
b8c6935c74faf3d3648b154882348bdc,We pinched each other.
9ac4580b069b31af97723a28f2bb20ec,I made you pinch him.
f4eaf7c7c11b8eaf2d8a73943a7a7969,I made him eat.
be3b4910039b0c46113a6db4ffd14d7a,I made him play.
dba1be63a71e941fb50f0acfd7628c46,I made him drink/sleep.
0eb30e2ca528553afcab448ce234d3e3,I fed ten thousand people.
a286c8ad11be90c49b04cdabd1d86c5b,I made him run.
ea29bb5d87a8ba683ca00cdb0ca13770,I fed ten thousand.
4f91bff964ab4ae196c0de505708025c,I fed him rice.
346812d21b9753118620ce5c1828c52a,I made him bite.
0419db7582716080b76bd4a66b5f4987,I made him cry.
a5467866c403fe1181e0e3db05a7b85d,"exit, to"
5a0ef24486eb82870b1bc483adae0252,"exist, to"
356c2f4e75ebe922e1cfd9c41d5e3354,start; lead
d4d35660ca26b7866e72047badef0d3c,I am thinking of you.
c822c148e6cedcd8b621262e7afe658d,want; desire
e20dd9b43ecee1af9e4120c9f89bae40,climb; ascend
bb0eb4a97a7d6a21e9430a10353a7aff,hit (with stick)
67c81f43327c376932c89408af25a7d4,hit (with the fist)
94afa0651b297ef2871ffcb03b029be0,I will kill youǃ
63ef316a8d9808b5e637b294b2259e7e,I killed a deer.
a0034b164f5b5c0e39a3953a7ad7ab21,"cut (wood, vegetables)"
33fb8899cb147022440b7d9444438720,split; divide
482a57fe3fe39aa8936bc1895f583a8e,split (as with a candy bar)
53eadc4c365d8b03e1a75167f94a6b8d,"split (a watermelon, other round object); break (glass, egg)"
8cdce4d1990e05a73f327147866544bd,chop (at tree)
bd717712326f3312257320a365c70065,the balloon burst.
30644eec125ea702dc62bc59dad1645e,the glass broke.
5c123d7985bb959d800b903a6165f08d,Boil the mustard leaf.
ee00cebceca563c3a4a683f02feb0cbe,Do (I) need to fry it?
8e44f1babbdd8789a7b141921b701aa2,to dry
ffa9a52e5f8a843292d483683af3e904,drive; chase; catch
007be49ca414893b7b0bfa7ca55e5322,Let's go hunting.
c2763a1ff217a6ea10fc05c2fef45add,are you afraid?
5e8e4b5374ddad8c03703a68782c91aa,it's very sharp
32d6dddaca5ae84902d5bbe2050d87a4,extinguish; erase a chalkboard
493c6347ffaccf9fca31593b06b0dfe9,twist; squeeze
e386fa93ae5bb61c55f00b314be854ca,kick; knead with the feet
bfc85b4233bac2ecca03d946e0f4ac96,grind with pestle
f97126be53775c28f079633ba11257c6,pound rice
0171cb6640d6cf9a225b06b3df3016bc,back basket
0c9d8c98ab0691f2caa9cc651e5c5d11,sit (imperative)
9caecd342b3a257dadbe31d687da94c1,stand up (imperative)
0ab697277e2c367e48fd2864814e56a5,dig (imperative)
14665e6c706c1574afc48bd6dd1ca737,scoop out; dish out
f3dd10b86cb8aabce3560507126420f2,get somebody up
a0756e977c264e6f7dea943ac42731df,lift up; carry with hand
9ac608432753d0c14b7daef34c1a6390,carry on the head
19984a2bffa10eb6471f3fc0375333fa,"crow (v.); sound (v.i., as a musical intrument)"
8231d03077158c3632c120dd7fe721ee,Sister will be arriving today.
c256868ed23b9faba0a1400a25c3f4b0,don't touch
ad94a0f118a37481e59625677fa98dab,"wash (hands, vegetables, cars)"
b463e3576826817fda58f5765dc41de5,untie; loose
88935c4645b699e2f5164d8e6e8a166e,untie (imperative)
fb00c172db22eff90e8a4fa6f9c17ecf,scratch; scrape
910ab9b3c8628c96b8edc69da074557c,wait (imperative)
bb003dc01b11dbfc045647f3ca6a7160,roll (v.i.)
c1fa1d123ccd9339391d0c43c4f7e054,roll (v.t.)
bd1352d411b528c20925e9f1d1a25635,"well, be"
8a1cd64e1bb202969b101522e7894af8,very weak
3f891a2d819402c6c9eae8a74b7daf9b,bamboo spoon for curry
4fdb275a6f49aacd78ea5a332ee8587a,honest person
b8804515773dfb80787ee84a3477fc37,yellow (color of curry)
1965e2de4559210ed4330d300e1add3e,San Francisco is very far.
935c4e0a2ce233e8cc3fe60307518446,Open the door!
ef51d9ed8684e719a2fb81081e9305a1,close; shut
a5f68b7f6f32475e08e01a778aa028e3,Close the door!
098e25866af1b282d309b3312d6706a7,this house is very old.
555f46274d639d13b34dbd9c8eba9055,You are still very young.
25a020d43972f199d4c6d9203370baf3,Ramayon is older than David.
2a47047506ee1b6cb06d3363c1265e75,become old
06291a463e88ace11ef55849d027e166,old folks
f0fb40ae055c9144a12392c5dff33e76,late; slow
3d44e96078cb5bf018226d696c7620fc,early; fast
bc89902bb9f9e45cbc2dddb90ee98247,He came very early.
997c785694dbbaea203774983c9a88ed,He is an able man.
a78d54a046057fd486ac2e12c73023bd,this house is very clean
1e659cdf81dd50c36743a3d7fd8431bd,smart; wise; clever
b4a812f37da1aa73464e7ec236da09f8,Very stupid.
7a30c18ef4c6c928296c0cef5a8ed1b6,Very wise.
74d765db3292abfa9e85e8f2a6bb51ae,bad (morally)
221952768bc95116c196dafbb9938917,He is a very bad guy.
eabb6480c741da4c67db83ee8b536743,having commited a mistake
d1a3a37265d970079a761f29a2b7843a,tough; hard
6c50e50329f85d8d3010d24653479a45,"soft; mushy (of rice, crushed banana)"
85abb18e70a4d8ebe896fe8e45f9679f,cold; quiet
09d0cd41c183a77afdb11a5c9173e8de,today it was very cold
ad727a79d7b37fa1932bf082dfe27256,"cold, very; quiet, very"
ba1b3aceee4f551a929dfa4a9c97ac83,many; very
44363c607efae04ce69780c2efefc1a8,"resemble; like, be"
2b375c234b27b90df25d899c8da33bc5,we must finish all of these
09eac709f8cc27b1042e22210c984988,ill/hurt
f616455506bd683a00939544bd8f76fa,flesh/meat/animal
6ae01d34804437d6cc779cd09391fb3a,mother-in-law/paternal aunt
ecd2a6aa7f1ba0cb2685939e12c52ee5,son-in-law/daughter-in-law
6dbb4d4d575a7e339ccf99c894b94c74,fish/aquatic creature
3fdd28279f4f3ac08919c70f6633daf9,child/young/younger aunt
c1ebd96594c88966f05aac443782a417,laugh/mock
4803493a44cfcc66f71bf4e9aeb90f8c,be/exist/have
f5902558c5c92cf06c8c8ebb1c9f4b22,brother/sister (older)
a9e5b9de637e7eb584d0562236f3f43b,village/land
e3a595c25a81f2e15fe682fa77d648a3,curry/green vegetable
2065e4a39e24fd0d9b600a349c22a654,finger/toe
5e12e9da6125e9404d6f6da06bda64cf,sky/heaven/rain
1d42f12535ca5675c65fe792ddac6543,think/soul
95622f55d7e08616a25e54e56ca65b75,wood/tree
6276cbf7f3fc519333bb766d7596680b,enemy/war
a4c414231a430004ab6dc2dbd879ca41,fowl/chicken
242c22ccd6431888ffe6f19819d9cad0,hole/anus
79fc08c1052c00b0f887eb7d75d1084d,cry/weep
81eacd04d391fb5025aba92404e7a889,squeeze/extinguish
65224a37bb11e725ccb0d34c936504a6,eye/sun
557a20f082f7ba8381aefdc42278fa94,belly/stomach
b8809d980cb2f34e893897f8c2658e13,rub/brush
e7cc006cdd5e1e8b264dfee97e13b8ca,grind/pound/crush
269bc131bb72b4ef9012fc64f481cf2e,throat/larynx/voice
cf5982b3de4f685db4f239463e3c6e13,wind (n.)
28527a346c43448fd4bf552b8517c204,"wrong, be"
235424bcab2361eb249990f24ab92b13,small/few
8a2ac8cf8ea9d0cebe5f038092404fec,father/male
20d2451da180c41e143abae5a28c7bae,older relative
f36bf27629982f712b55958d64b6c229,large/big
9c8595305d1f6cc6890bb97fbeebbab0,raptor / falcom / hawk / kite
fd3f267b9800afb847933e30fb8e61e8,suck (as a leech)
59a7452a2d6784e892250e4ab5be26f9,dry (v.t.)
858a5ade617c217b5cf4581e07c6c6b0,like/want
81706b953dd18a5e9d8793997644c88c,3rd person
f686f6edbb0dce6ea5ea15d25ecbde05,1st person
d99dd301e1bffbf25926c03dd7893af0,man/human
20a9cba69ffeb88e5a3bad86163c22c5,trunk (of tree)?
e4f51d9f9c8e0757df939fa125c0c28b,roll (in a roll)
bca3f099afb1026787cd379283d78fc5,difficult/hard
93b024174d76dec52b04957bad428938,full/satiated
2309bd50432a5ecb3cb912dde57d9c71,numb/paralyzed
1212bc9a5124e384fe17ba22793e7160,shadow/spirit/soul
539ee31ed43fb5037ed828467f137a29,peel (v.)/strip (v.)
5b6fa4e87b1c6c8eeca34a5a8a8132fa,scar/wound
d55a1d2bfee186c276fba93d9bd2216a,child/diminutive
e17257d4cdef5a6509a485d9a045ad8c,mind/think
9a0f6553439a6b87784df95ec098d081,mute / dumb / stupid
d8824236e9c010319ca13d734b527e2c,right (correct) / good
2d5f6b548a6d059c431c86d41b84f74b,eat / drink
0a0f5db178446e8e0c552bc957accfd8,noun prefix
40604cbce1568e73f474395253fb9b22,fowl / chicken / quail
511b02cb94878933282f89a0893e0a79,go / directional particle / transitive motion
7601fc6cd74cb3d92bce9f9815e16849,lean back
79198913a495dade1a2aca609635fd18,elder brother
ed85b9bc659501adcc58e215292c8e16,bear (endure) / suffer
af6449aead61f636fdfc6a8cb1b6e78d,bag / sack
10c6aa3e3c2cc2dbc9fa37c5ee0dc23d,below / under
dceb6a78490bb88afd9cc3e8992ed295,finish / loose / relax
71b813b94b6260b852ab9bcbdb61ba6d,throat / gullet
3d209b61a35ee82a66b2af588c0ee19c,nauseated / vomit
c34794c65c6f393558e7dcb98c59bbb8,egg / sit on eggs
abfe5a97167c40fa63355b14dbf50f9a,crooked / bent / knee / angle / return / back
313ebb0b180024477a71729cbeb3ca18,mouthful
4c115e9bc8ea414796483579e46658f4,block / pillow
47391d9047d1d96b0f91815df7ebd206,hatch / cover
bd94f81bf8bb441e733f6aa26d6c3394,make noise / hum / chat / babble
0d35a6e542a3c437351cf9d79906dd40,fire / burn / kindle / roast
319f034ebe6e1e70d206efc3880b6ca8,swaggering / noisy
e5c5e6dae38b284e8cf0bd1fb0efac03,patch
e8541b64a29b0ebffa55ffca1033ce58,civet cat
c37d0f02bdf24970215f882a269d7d55,carry on back
4c3749e7a866b8b09f5004f4ac6e86f4,nearby place / vicinity
7c47ae047a81d3d91b6da5d557e8a7d8,shine / bright
d1aa79e0e0c593f08cdca679b0cda3d2,wave (in water)
0cdd3fbd991288f57c50b7f55f71b05a,filth / excrement
a2c384b0d15a01ee7312e9ef3f96b989,braid / plait / interweave
e2a7f45afc91b777750df309bb3fcde9,lazy / tired of
9ba66d9ef889844da24009c0aef880c8,fall over
a7cbc585223defda02b90fb1f342007f,bloom / flower
2567d9d83330085c2a5fe6259e9f975d,smell / odor
18e6ffaf0f4c3d3b6870d98a8ac7520d,wind around
68e0e8e2b9453e3293dbb7f21066d6a5,repeat / practice
df966285906b164c435b3e973712cdd7,bean / legume
957445cbe1126870312b10f89000fd78,break off a piece
5e96ebbad97123e4031c57e320195e93,insect / vermin / bug / snake
fc204ad4a409e3c11905cf6608acb37a,conceal / hide (v.) / bury
f4e17aaff17e2a8475c7673e76292838,pus / boil (n.)
1f5e8a3d9481ad3ed91f95518c75b7ea,straight(en)
8e9fbd31068b783f63284968d3dcc392,string / thread / cord
d54182f8a8541f573c57a59f3880a2fb,full / plenty
f8b94a3b49a3f67f325bbf70ef3ebcbd,full / fill
a18274128b1dcef2d63c8f800f5010bb,calf of leg
d58aa45881c9d3ecacdf43af86ecdf2a,leave / depart / separate
ce4d3a952bb0ce21918445936357fda1,spread wide
f0f007d7af005b518d2ae4f51fc2128b,convalesce
6c90e5ec37e26e889932c0e05628dde4,ring (for finger)
363b9aba4335c28b7d49d1b1e2150c29,fly (n.) / bee
421b26f7caf982eedf8135ca3398ac9b,cut apart / cut open
03a702bd44da660f1381c0a578fccf56,cut apart / cut into
96bc7c37d0e2e4d8665366db4bc7c197,effaced
d069d114ce2efd68a93aab1972797d8f,flaring
94779d4fb2cd9637c6cf24dda20920fb,wild yak / buffalo
dff0152dd477fc7e1f4ced7457a3a81d,piebald / speckled
7a92feef8f22b3a5f3ec587001e4bd65,thunder / dragon
dfc25b5c3df251b6b2840fdf3d5304c2,overflow / flood
e675b16fc233cd413d9046aa87ea8637,head / center
f16b8bb20f15bec1857e2431cdb37fd4,bud / open
1801d36967c27e30635f9b42fea62dff,stump / tree / root
52761a981a5ddc04f3ebda1e54c7a38a,rot / spotted / write
5da34919e4c6982a77baf0a7f2cc3b34,uncle / elder brother / senior male relative
997bb39a6da737d37214189ee3607a67,swell up / be swollen / stout / calf of leg
f14ea2b5758a9b82a431069526dea168,throw (away) / divorce (a spouse)
3202f25645fbb78072eba90c675fdc96,left side / lefthand
a43356d32320e0c782af30f893d98d9d,bee / bird
80a3f66ec675a7538577c7d25ae5d114,fly (v.) / run
584c3a65c2deebbf3e6dc76743366035,affix / sew / plait / braid
4d690adf085a663cce21be3901ad6741,vulva / vagina
1005fb98eef70e2922ca63b120f79b48,go / come
bdcb02a099ffc3f6210473f63d3234bf,put / place
8ad2c407ff23bfa342c13f051bf1ae86,stick (n.)
2ebbc7c47aa659dc1304ccfc3c91a6d3,fern / bracken
7602ae177c2ca9284ac759d2a91a4dc2,negative imperative
285aacac33855668152c3770c861b3b6,cockspur / hoof
e23d1ded5a5de9254d71300fb9b9eea9,mutually / reciprocal action
707a35e0d9c8d88bce58daae0bb6b83f,spread / extend / develop
68ea5b5f3db8b6019bc6d7396f70094c,crossbow
f3cdcc3ab5e8bb32a24bab07e41e998b,single / one / whole / only
1bb7930c1908cdbe4115daf6ae5354ed,speech / language
58fa4cf0e9b7c5935cdb683a5cac0672,think / feel an emotion
2f5b87c4bb7e2cafb15a147e93e8ce9d,peacock / partridge / pheasant
78f0194207355b1794e4f314fff10486,tense / tight
e4ff257239996df44282df2aadc7d08a,bind / fasten / tether
a852ec0a7cb4f63f1483b5ca90b675a0,risk / defy / hostile
703174e581507b26e7c601b276ff54e4,do / make
0118358b4b6b0bfb28867e0a938ed0f7,this / that
6ed5f549a2d25d175d7ec1abc850c211,zone / expanse of territory
d7b496299714c886d83b61c22d18c623,pound / crush
32ec1f94f36fb761a58176e59cfca666,lump / hunk / slab
c4d0b6f3ea5068bd9a820c0caf7b8eeb,one / only
b1c079e8094c535b3faa63b48c104095,scorpion / crab / shrimp
c203bbf6a84aad5643e2225738eb6211,top / summit
f6b4106b8e94631831ff421ec466a90e,settled / come to rest
035975e42c9616f71d16386502c09c92,settled / fix / establish
55a30a94a665bb000c2599ebdb694351,beat / strike
6504efc2ad6307ef7d9951dafdc1e0e6,whistle / trill
de43a8473d142bcd63113985aa599207,be related (as kin)
49b7dd8c8f3169b4928cba95ac056fc4,irrealis particle
56bed797d7bf36eeff87e170f0c00dab,burn / kindle
343a46c677375f238a7c1dfb2273f4ab,daytime / noon
c784e10f053a731440dd40530176a89b,sword / spear
b73af21b83d15f9ac2e25c77ea5121ee,post / column
805f667275aa565f68206ee8d4bce386,long / length
b301024cf0ed9e57b06cd8bac2dc902c,tie / knot / conclude / finish
1385d2f114d271679217dac969d6ba64,wrinkle / shrink
9044a7f0c536cbaf399024c519b294ca,hole / cave / pit / well (for water)
b543b8e33ada004e298fb9d25bfa8007,well (for water)
dfcedba8910d6664c96ea01e9a5aa21b,put together / be even with / come up to
12a2ad8ee4ea1901e616bc60e172dd55,hang from / cling to / creeper
47b0a7cc24b4fd2bf97945c1c1fa76c2,hand / arm
f2d8773065c522080f110c3f865258fc,straight / flat / full
ab06b872a357348d595cd5d295d305db,insect / bug
2dd78d0f7a4e05d1416ac064df50ac7d,sister (of a man)
b6ecfb7efc63e62e7d6502c9edd068f4,cattle / livestock / domestic animal
550b87afc5787f9b5941096bca795af1,talent / aptitude / temperamant
3b35db775b08fe645474042f5e519c13,ruler / lord / emperor
e0df4891634413d3e1eb47729bc96622,send on an errand / causative
7ed96a0c686cf0b106f8c9ea764acc5a,split / mince
13e5521cfdb96726ea036437d20e9e7d,exhaust / come to an end
e8509d01314279b8d0968cc5256ab0ca,plant (n.) / tree
f28f42d10fa84f47b9a810780f1740f2,relatives / ancestors
930af52c541c6ee7085b564a9300b308,wait / watch for
01ed69e0317c38e77ba17ecc62ed31e1,hawk / kite (bird of prey)
9b8c586be7eea10cc3c451dc4e6d3788,lofty / elevated
c52c96c573012e7088c02fe5a2830cdc,eat / food / feed
1bedaa8e5fd5661df46b7f2ba8fccfa7,blush / red
0c196b144292419cc5579754856d3a67,edge / side
8f626c3b999a0b2b5b4d60ebc8f65846,drip / drop (n.)
261d26a43c08ec23d7d567ad0e37e187,haze / fog
dd2833a2bbc99d55c7bf400aab2cd792,be there / have
6cfaab53bbd1ab86ae07d864636e11f9,quotative particle
d97dd0e7ab7dea51afcbc59aa1cb47fc,suck / kiss / breast / milk
477af93415361c635f915efc9841e39c,drop (n.)
b4c1da752eaf8288470ada1e6f164457,raw / green
2973573ae530f5282a8d66d6fe48b030,sweet / delicious
472959aee918ee1dc4623f0ca0ab7b4b,shut / close (v.) / close together
720cdaca981fb73a7dc0ce37f3a7533f,ride (an animal)
8b72c04cae0c4764c29165cdde7b3b08,belong / trust / depend / accept / take
1f21146410d232f2f19fff379240db34,pierce / plant (v.) / erect / thorn
4543f432635775b43a39fc5f9a42edab,tear / rip
2ddcd606d9d1a90e437baa57e947d8b2,hang down / sag
3e004cd9267e95374f0174fe87dd7a93,tooth / tusk
519476e27a69bb93d9ffb0703874c889,spin / card fibers
5a5bbe61843d746d820b8282e8ce3989,want / think / love
3b5e0f9f7b6905142547c6771d38f486,load / burden
3d1be9cc7ff96fd023a967ea17e7c7de,kidney / small of back / loins
5313b378fdabb0ab89608e3db2038ac8,put into mouth / seize with mouth / jaw / molar
534d3087fbe7b8688aa61f7d58338dec,ladder / ramp
095aadb4f58de8022f003529940db2c0,run / dance / kick
365fd205092a951a11cf37f69cb492d3,roast / toast / burn / be dry
4b1a8b0bcf6d5ec0e1bac830dce662db,hill / ridge / mountain
46b6cf4498d4f80b13254adbb2d5cd0b,leave / abandon
6600f05a425e91fbcecafe3c0b96ca4f,dance / sing / leap / stride
5ec47700d979359b09c96c84bbadbdd3,solid / frozen
2c3cd5af988b1853e321c25a76a36243,elder brother / senior male relative
2bb8a0bdb06ded99c0281861de7ed4a9,turn / corner
9e22f521c0afc5ca94c3e06284add722,between / have a space between / interval
1238fcf6e5125245d0c1b5473833904e,musk deer
cc370d26178bb4731960a1471d4571f1,hear / listen
e1f28af8c96ef7a1e4c8686ef73235eb,repair / mend
0a2b13a9908c412283f6431a908ed973,marrow / brain
810e9a1d167e36809c5b4b046f4e28bc,eagle / vulture / falcon / bird of prey
08bf275aeb36d26026b4e751994ec822,willow / poplar
ea7c08a5c6786b34f3fdd91fa74ab63a,cold / freeze
88f1dfc5b2bf3660d3e1a80c66e569cf,word / language / speech / sound
2738f2e3926431a0a6418df3291c7dc6,wide / apart
7581fcb1735c9672c222dd17484493e6,thunderbolt / lightning
7a7c916ad99af8cdf00d2022a9ca0671,set (of the sun)
0019f97d962cf845878b4ba0e48b6929,tube / flute
2b1d04668258d611bb3e8ba1679f7bb7,shine / flash
08652a56766bef165136bd416ee3e939,cross over
490d885ec29540cc9d109db89b74369c,stranger / guest / enemy
2bd23008d7ba9828ad3f0361e1d4b350,cord / tie / bind
1aedb8514ddc23a39f824e86f9b142ed,rough / coarse
e7f422492d7128c40a981853c784fb7b,provide (food)
c86b350b843d1e5d8d2fc8544d776613,measure / count
75abb67b45846994a1609615506bc4b9,strong / firm / tight / distended
0135eb69f2b60a31c7265ee009001c8f,insert / put into
c2586bab77dd7e61c1510fbae48a346f,scatter / sow (seeds) / disperse
6e20ed2c7178e355d40ed989bff5259a,catch / hold fast
a512ab4c934291544ff3c4e807ff2b1a,bug / ant / insect (lac) / cochineal
7e2691e1975b9a8eba4f9d856786a43f,ravine / gulf
991314a2c60e16851d60293acdec33a7,overbearing / exploitative
a6de5a844e0de1aa839d57f23b7c1b68,wash / clean
895a45205fff067be2ae47ce642703ad,crow (v.) / howl
39c3ebadab5008ed00fc767f16bbb8aa,contracted / stunted / dwarʴsh
ca707fe7cb650c16be3d4ab453b85417,birch
68b4ca6f91f4fc4afbf33e858fa3bdc6,taro / potato
8f421f7620faa986ca9bef4af3b77da5,friend / assist
66846dc8edcc101e0575d0107c7dff78,speak / word
c6b2e4219244254a2a394c8df5473a94,belly / stomach / intestines
7e034ca043f1216a8ed192a7aa28c08b,travel / go through
4a0af7e1b81707c2140e27c63c5f9e3f,fall (as leaves) / cause to fall
035ec0822c5ded0841fb6e6db6b03f07,prepare / practice / rehearse
4aed39c16b22003ab2216f58f8882c77,crooked / bent / knee / angle
d9c1c86ba95b1b32ad0b0f98a8674fc3,bulge / bend
99632d6e8a68227cb1231df1231c5011,die / kill
49043c3d490f4457fa6c197ab3c075fb,edge / shin
e8fa468e8d5dc4b479529b2c0e13609c,hollow / hole / empty
5717639def3daa5134628cdd207ced3f,net (casting)
3890f5ba6278aa75154854772e6ae9a6,wear / put on / clothe
c7a014f910881eb707dbb3bdb25ceb97,munch / bite down on
ffd5383d72285d5776e0be7fba9cf31e,filter / strain
464fa36aa432e686cddc43d4b9fe09bd,practice / train
4db3cc3e41fc089968a005ceab82529f,narrow / crowded
fd0ca69efd8be50fc2a45fccb10b76e3,run / ride / go by vehicle
f04af61b3f332afa0ceec786a42cd365,hero
63845537c07357942ed0278f306f999a,ride (horse)
d059ae55aea5f95340b9382e874ba92b,little bit
be767d37d8eed5ac405e617bb2615938,narrow / constricted
0dbde774ce8a0a9749dec7629d0273d7,tie / bind
57e387a9087ada6e76fa95d786b1807c,guard / tend grazing animals
5aded479e3d9206cc06441d6ffc5c577,slave / servant
14cecdd9d8f084f4aadcb3da030ed8f6,earth / ground / soil
173053c9bcfe59b35a7212667ea2ad32,gag / choke
c850c90cc5841f7ec14931d508be815b,cooked rice / food to eat with rice
20aaa73594340f1291031004019b4347,bite / snap at / mouthful
eec1879a50faa4a0d363d189c4808211,lie / deceive / dissemble
e952b986a5128c914bdd1c45471f5246,spoiled / wasted
f8045c93dc2727bed48d1aa7fe93fb29,god / soul / beautiful
cd08bfddb08e468368786583f0012908,rear (offspring) / raise (to maturity) / nourish
a5cdf833c2af1d82ef97fd7c671b7a36,heat up / burn
c8b15c14bc5536b4f360b227fe94b138,wet / dew
9b2474aa7fabb1f1082d1b9d842e60a0,light / brightness / shine
7440ddf8b369b95fe5121fe0209fa4c5,joint / wrist
5821dc3d038b449df10d5ada9a8eaab4,fire / shine
0d9b8ccdb20b43f458e1d261f9c8cadf,burn / shine
028789b9cc702b6fd9f0634e417db579,shine / bright / light
1035418ea19a2674725148479f23fa48,come / enter
b38a0f9760abd22276a012bebade70dd,encircle / fence
8aecece95aeaf8f4f4ff371726148bb6,shine / bright / yellow
6852dcbcf162831e473d2be2dfc24245,fire / burn / shine / white
e2e5c8f80678fe4fc82f51dbd49bf074,white / yellow / bright / shine
c9512a684911c81c90d8f4a9409bd346,flurried / dazed / foolish
4c3321b8892c8640def951e669b82dd8,hide (v.) / conceal / shun
eaf498f3a1581348b9dc0026a77214c0,mix / stir
a1df2f26ffef6487cb9e0828b61f54e5,swidden / field (mountain)
d88a7aa586a3fc895322506870e554e7,take / keep
3ee968f05dfda5365c44b496e0396503,curry / vegetable dish
7b85858fa410be5b56abc4b6a2d9300f,hear / listen / look / see
822e986b78759736cca43cb035079470,bitter / liver
812e8e7a72eaf247fee3307c754ecbf8,span / divaricate
d7f885e29d3a45ed3df31a72a92176bc,word / speech / language
2d6c76666c8d8ac2ef1ed664722866e9,which / like / deictic
fd699a3a2de45a38f629e880c7d7d2cd,grain of rice
e2f5ebd42b6a23d6ca3f2a1384d12fe6,back / loins
1c492ff82254ac6ce58d41937a1b6230,sow (seeds)
3467554024d803f81b212e5931f77974,open / opening / mouth / door
60aa5cc204de6b1b5792fa092bba6e31,heavens / sky / sun
2be5578b65cfd6578504032a9139182e,go / stride
f789658c0165b458bf8625781e5820db,expensive / at its peak
87e38bca0fddc6b54148bd0b0dff1a73,crawl  /  creep
bc23c7c556f42f705cee363a45e75051,fork / branch
daf29a98b1afc510687a79a5a7bd3e3d,between / interval
dee44b976d52600b811d7ac9a0546397,edge / bank / precipice / lip / mouth
b219a001ac767e1fdd56958ef92df713,father / grandfather
4fa0ae26d8e51495bebd902e597f64d7,hill / high ground
2e58827640d27a49e71fcb0eef39f0fe,spread / stretch out
f6d5da3ddf21191e971d3deed618cb62,leg / foot / stem / stalk
9894119e324cdaeae82b93a39640c65d,spider / spin
32439f8dd1f7737dd0ad41feec1c41bd,draw water / scoop water / concave
fb6c0c2bac29b422d658705e966800cd,lead (metal) / bronze
90c65cb821b7946aa480649e031eea4c,pull / drag / lead (v.)
3fb9c6abfb2b07e525a5e6c8e2eeb2ad,neck / neck-shaped
558cd3176b3f347f86972fb9e591d370,break off a piece / notch / chip
5111f40bdcce2a535b0691245db7d1d7,body / corpse
825f481b78abc95c9229acca1efeacdf,steal / thief
5e20a3466dba9298c4f926f78aa9634a,borrow / lend
0cc2692e55aafd676291d256e6269ade,bind / twist / roll / angle
1a3ba27446140c73b41052201565c13f,graze (forage)
f59d6d5933f3f55c14b716725298fc72,cook / boil (v.)
4a7a51fdc8a47596e21ad9fb3ef1ea64,dig out / weed (v.)
f494d521c55c096383c99282d507bedb,valley / river
9ab88f4f544d416b04874f1189ebe156,cover / wrap
31889f784311e8db0e895e272f3035e9,stream / river / valley
7b51a3869c2db72a0f664c384763abcc,dig out / scoop up
e9a2b4408c56e2319e93a9f61de2b91e,outer covering / bark (n.) / rind / skin
eeb4242fd826e720d1bfdb7d03dd4fbb,outer covering
db888e9f5aee4580e4b13fb552cef857,peel / husk
8aa0355161d5e221d52f3b24e0d3c589,hole / pit / valley / cave
e084154ff1e37722893a398eb7c7d9c4,bend / curved
17f618e53e781a91b6f3af5ba1e1cf34,scratch / rake (v.)
552029969e88c21e0f90e9ea2e22b816,fence / garden
46bddea2a9f3b0d24b408644d9586eb0,mosquito / ʴrefly
167540655e565811b48dfcbdc45307a1,shell / shield
c13274387320637069b394b44495d1f4,hungry / famine
b11f039873564f4130ae64fe0a9bc06e,scratch / scrape
4cc2ba84c042506bfe6163d7600a9bee,thread / string / plait
ebe5166c5f406732355fef6948f06545,gall / bile / sour
ff2c76d5f019312279a90c19d62aabf0,foot / footstool
22f753708027e7ebf2f3ab2b69aee835,moon / moonlight
276fc25b16ac285130b1a630e318b675,custom / prohibition
3b4b903d937dc69f728ca71507ffca51,threaten / terrify
49641295d914c33f2e1d1fef5cc16962,bowl / dish / cup
3c6abc719d31656ac2f234a7ff4d7bcc,thread / string
56c8ecf9b7075d74bf3c2d3051152910,fear / frighten
9ced3af81948421b6ec0de3076accb49,borrow / debt
af31b22f92aed970725a0356631f7326,shellfish
c2809c510f2e40d42c62599dbfcfa260,pen / corral
25f7ab0c83e4167a2114109021d3cf1a,rouse / awaken / disturb
3b7ff301c817188fa2f98b84bfd09953,born / give birth / alive / green
0a4c1a6898c7f05981991fd0e850569b,rustle
52e9031676e32c32b84dfb8d27607146,son-in-law / daughter-in-law
c4328e9c249cd10af5b22299e766b978,basket / pouch
1d02bb401fcf40b4c7212470f1696f7b,return / year
66f53ab4cd47bf9a95ab6076d883d623,wear on head
b5c30fbd640ef170a5f511069d007b9b,collide / butt against
ffa69c92d32d82ed7dd278cea7c95256,shear / strip / pare
1a25bdebd3e29da100f4bcfa7fabeb79,weep / wail
1789ecdf0cf726eff37c4ba7c58af96e,twenty / all
8f4ee1856d4d2dd1a8d376b016fa2dbf,instruct / explain / admonish
9a9fe5158688a7e959385dfa9f53ac51,arched / vaulted / convex / concave
4280bc92fe21ca9612c38d3e816ccc4e,tree / branch / stem
acec90f396f4c9d956d609cbd705d981,scrape / carve / scratch
b40f48c998b1c1d466d2b62e07783c34,bee (dammer)
d2e4839aa5d2f6adf434e26fc99e975f,rope / cord / navel
36acfac76a981eca888dff111f299009,snow / ice / cold
55e88b7268cc979c9dfad6f0f7bf55b1,object to
559f8d43b4ddefdce44a382bbe3167ac,intimate / friend
dd5c07036f2975ff4bce568b6511d3bc,single
22778f50aea79c61442c9e253e99ea6c,stick into / insert
14b0b05dbaf1e64f7b6c1bb5ef21ca50,red / blushing
6368b701f1c008ef9a96112076701ae4,lift up / raise
f69badb87e3ebda4cf48fb5c0229b4f8,time / occasion
5e287a40dad372a82eb8de4f7b87d53d,burn / scorch
49749c8945fe8c504fbde64b3f0ac9a1,sour / be acid
9120db133ae11aa44086f13b7d91539b,jackal / wolf / dhole / wild dog
68c386fba6fd559910d0df89e7d658a0,pay / give for
2fe56c445f2bf60b2db93e01fdc7f9dc,come / arrive
a2e24a01b703fe4b45530c874bcad64d,question particle
0fe341a8545a0e4de05c4002c39c26ab,leaf / tea
c3a8d80cf4cafd533c061499ebc32435,moon / month
22f0e03b24ff7ef37a4fde34da53b291,youth (youngster)
ca0794e93f821fa55418d3b6a2a553c9,womb / placenta
94b881a05a3e7881ed8f4a912595d56d,bark (as dog)
d93067b1685dcdba4f8b7e3bbc598036,lift / raise
50de768c4b79853aaac4ffdafc3ab9c3,river / valley
c2c1be8e88298035fdf619164b809c56,dry in sun
7649f4c3670ef144480b36037521de57,split apart / split open
c14e4031bb8dc478c6f61def11e8db07,leaf / paper
5faca33438c2a1f3e1c3d308ede52e8d,change / exchange / buy / barter
f29fb408dbb4d08ca5a78cf7e9180aa2,pass / exceed
20c15567ed0f85fcc221a2ee88366fb9,navel / middle / center
a31b3af193a9198e23adc7fc4e8ed94f,slice / pare off
0edc106f65757dfbdbb52a7ade0d57f2,thin / flat / flat object
f102fa9ed8ee6137d7beb6cd01336c6b,earth / ground / soil / mud / country
a3e1f882a47626b19f62c2515be36237,squirrel / weasel
bbae440e74c7d8ace72aedf6d1e844f7,grandchild / nephew
d8b1c41aee9e5f7fbdac779baf1180aa,bow / slingshot
6cc5b936840f81d86983bb488a4396de,armpit / tickle
1011f188f62751abc8d74a7f79d5f53e,penis / testicles
26be4eee623c63ba29c41351de6efba0,forest / field
dae2275e1161a5b32c025bd49e459c29,roll (n.) / curled object
5720d2155fc69eb8c4ede5bd8f522eec,scale (of fish or reptile)
a71d2e4c05ec5a4c95dcd3466f08befd,sink into / dive
8c4dc153a01d86fcb465c5e11fe2f36b,horse-leech
78a5cc24c4c2478c76b8d0afe772e231,loris
01afc4888638b21142ece4094cd715aa,custom / manner
56d331f5018e3f8c39a08a1b755f2c8c,warm / make warm
daa83471c7e5ac7842a3056af90c8f23,mind / heart / liver
610ae31a523f17b5a0247b849e7d6625,bore / pierce
f7db904ead8998fd1ddc56743df5c081,practice / learn
1ea16959a73d5a3bbdf53e7b732b711a,free / release / loose / relax
532fc46e05a996a6cbb05eabc546d5cd,divert / push aside
2a77a716e5530cdb27bc21b8d83de1bb,flow / stream / river
7482fa21c099e363134b4ee2275954e8,lick / tongue / eat (of animals) / feed (animals)
6ab0bd520ff1795794f30fcf7df61d4e,tongue / flame
040aea4c4d338bc96e0c6d2e122dfb34,glitter / flash / lightning
6f4671fd207de43fda353318b2a0080d,mother / feminine suffix
a8cd88c8f88e2d73bae7079864bc249d,exhausted / spent
dae8563ea2801b43b3fedae6ce281620,join / bring together
228d6a97a9838dc800e58b3c74ba7b11,negative
28b0b3051bd653a518d8227c9a387abe,rice / paddy
2c02209b5d43bfcfaaaa386d42b0a472,noun suffix
2f12ed30f30670f2a26d889423103108,wound / injured
1b63ff078dad5c577d665614e1a56bce,war / soldier
b458764a59fc73e5e630d75e69181eb9,soldier
e7750f3d7e5b885fd4aa7d0a9d3057f8,big / elder (brother or uncle)
4d02cca4837d9a3da26429d1f4762c72,black / ink / deep
87aeb1ed6824d1728786cab6aa0f1d73,good / well
3437d72db5b05772863fcf66eaa5bcef,mole (blemish) / wen
7bde2789548a92d28405a5da8b343dc9,eagle / hawk
60d1135aad44b2606347f2db2447ca24,sky / heavens
6ee3d2bff78cc5c543a5096822c3df69,sunlight
0864ff414a33886151fd7c3029f3e148,sky / heavens / clouds
03347b0eca1c7326c4331a375122aa76,female / girl
1c7c19094b4d691528cb2d887987213e,man / person
87e65058a2d1452aab61316373fb3a8e,catch / overtake
3b7ff59b8304bc78d8a0ebfc157fdf8f,ripe / sweet / delicious
f7d76b21ea20f20c4d3c18affa55848d,name (v.) / order / command
b0f669ad4c1b8a9bad91f1a20d1d73fd,blink / shut abruptly
56b3249d21482fb4e54a65f98558652e,extinguish / shut / blink
fbdffe6c2e1d273df47be9556490798e,name / order / command
4b8724130df8d8abb98e96398c630a67,woman / female relative
464fb4df052c18831925949181501ab1,work / move
00fd9aae5955a8a6ac5af1776f21ff33,beautiful / perfectly
04e71827de2f842260e30479ff61f6b6,bud / blossoming
c6d56eb86cf13fb4a78fe14b01358aa8,much / many
c773429b665c6b9b5946ac7dd610caca,cut / tear
50c0bf581f3e19396a6857a1f7a41f01,see / look toward
6d92aeeee5b2d93be81f3f824c6d2081,sound / noise
5f4e9d36e9de640ef738a9405626e088,grass / weeds
7b8dc4681d6eb0fb107c93d8faf16d8f,brood / incubate
fcf1ae29fa3dbd9246dbbcac980d7051,soot / acrid (smoke)
df12f9ecc47ed12d66aa521e4eb47ea6,cubit / armlength
29fc1e57a4ba15be6a319a98a2e71f30,detritus / dust
4d7a8a73f10e1718b957513e866518a9,hair (body) / fur / feather
47d0a609f223522d4f9067141c2be641,overcast / foggy / dark / sullen
74685053bd990604c7d478f81cf1a965,mouth / face / gills / beak
e8f1d2e95d58d7a9d2575821df93e8d2,curse / revile
1477b763f6b16474057af2eb8ffaf70b,cut / slice / castrate
1827b3cf0c85be834180a8851d96aed2,star / moon
e34bec68e1040039798ed387508a9573,fine / delicate
9bce856f753ad1d232cff2128a65eba5,spindle / twirl
bc00784248ce785143bd0c49160dc21e,vanish / get lost
a516bab1042756d47bf15a8f48b5f4c1,bamboo sprout
29bcb5aecd249c68ef136dd7d1e46ff9,good / permissible
0929a0fe06efe1623cb3b1fc4b241bbf,be / live / stay / rest / alight / perch
371dfd8f2e911e4d80c7647824683bef,ill / suffer / hurt / evil spirit
e54b875ddaeee22c13167945236bf014,2nd person pronoun
dba6becc58de8e03bbf764255f355493,ear / listen
5d8a0230feb53cf695e6cd124bc51110,be / live / stay / rest / perch
372c1322614063a02d651e5d8a0a20e7,ear / hear / listen
4697a8d622c3041617fd3219b3aa74da,side / rib
8dc38afc25a7c5b2d89e4b9592b76a09,ear (grain)
66b6894dd77eafcb34799305853b34a5,follow / repeat
34c474aff65010f8f6a6e088cd611158,heavy / thick (of liquids) / viscous
d383516b755f026af01a6ca00880d13b,languid / leisurely
90f200e9ccef787fc7cdbe709356fcb4,twist / knead
9dc6d3c3dc636db649ad10488aaa53cd,bamboo strip (for tying)
4b74188de71b557f9bb95e78b1cc9501,low / soft
4bf95273bb40fd2cf15b60eeb6acc1b9,lip / beak
2e809f33081281d6bdb8173af3f1e4eb,look / try to
e39a2350ca2043be6e86fe7b954d772e,get / have / obtain
a6d898edcca264030951101bd09db5db,awake(n) /  conscious
a2576ffe4c9bde3c6aabbcf6b83e40f1,heart / mind / brain
0e21d8a3a3f2301c1151c3990e3fa723,way / method / custom
bafcbddab8e3a31ae30b7cbc6c8e06f7,pinch / squeeze / press / oppress / sink into / submerge / enter
4e101f44ca448a2c0868d762546c4037,womb / mouth / vessel
c8b334287f5e6e9eeeb0d2dc98e8c0e2,tender / soft
38a132dcfaaf2447bef6cd012fb756a0,awn (of grain) / panicle
e0eabaab377d362c1d5e7deff6792f69,rub / wear down
48b72a11b4af1d70cbd5f5f4863cbd25,back / behind / after
f865dfdb63d560a3b6e31a8f352c1608,cohesive / elastic
3a85ee49c913faf1e83f4cbb8a622a9a,meat / flesh
ddb8d58202df5eb6dc6fe75bb1209774,pulverize / shatter / diminutive
d58781cb20850bd9e62ed3f4e71c7a41,hurt / oppress
a591960edf034f473b81fe2b73d13f8d,filth(y) / excrement
7cb2e04d376887e2aaf808d5b3de42e2,sleep / nod
a33faf5931dc9055aaf701571448d0ac,sad / ill / achy / tired
615b3257271b98f658a5ec33cc5f20b0,goose
bc99692c4ad1dad4aa842283ecbe7a96,1st person pronoun / self
20742c475f8385dde99689d8a3a3f195,plantain / banana
8148dc91dd33dd1a9f45b82fe052c003,possess / keep
7531b20642987b5523c7f7099fd7adec,roast / fry
94f92a895fdab108178d3c01837960ca,small / inferior / offspring
fb095a002e7966a798abf4632c9bd227,blue / green
db7bd963213f99a6e5511597489dae77,gentle / quiet
4d2ca45282f5b51ab0c833138e63176f,contradict / deny
cd8de9ec2b34afc349c583823c77f5e1,dark / faded / withered
467aa3c84ac469c43c6b51e01f630234,search for / seek
61c68076d072ee580588daac8f2553f9,trade / buy / sell
00695555ece0b4bcda62a8dc1838b1f9,flail / flap
d289ea5da0d622342770ea69d9ea5ebc,come / go
944d3e0521a1c215b77de5ed0426d7f6,encircled / ringed / striped
6d873d27576e9cec8517a40ad9d23bba,lame / limp / askew
0d2af87f9426ddb3461544af70cf1904,flat / thin
1561df339a18e45f891de964495e930b,rot / disintegrate
19cc18f4b408d07d388563dc41809e73,flat surface / plank
c5c511041606afe0ca821c60b93fafe3,white / silver / money
616b16de037015c69181fb07a96f2f18,bee / wasp
69cba1aa6269beb2b37cf690d5a7929f,hole / crack
dd0ab73fbad1ce3fcb6d13a778a6e4aa,cold / dry season
474e2f2ec725ca7c38267df1d617f555,loud / bright
9a9424f72b4ff867018b6ff9d51f5231,be / be able
12bf367ffea5d903156d249b275a244a,release / send forth
54a6a56798648a9951e7cf77e62da766,come out / emerge / bring out
a3137004a0b1f3d309370bce4fb515d2,soft / boiled
2ff50ca1366faaee264ec996422a1533,male / father / grandfather
580aa6c660f196e90460edce7280509e,pumpkin / gourd
a3f9024428f2ab000413403c8a23ca75,belly / cave
9feb089d4587623af4d68d32dae95ff2,wrap / cover / wear
041cb68bfd58fcf03e6293d61d60ded9,turn over / search for / seek
24bf52add4d6cb71f9ca2151830956dd,burn / raze
eae2be23bfadde2c68e8821707e72f83,man / father / husband / person
8252c7329d6639a09cb0c537862795ef,patch / sew
997d764b6df171ead7f70434ab197bde,palm / sole
5ed679e87697eef48fb0434b88ebd27f,hide (v.)
eef9ff94ec92ca008a02525e1eceaebb,snow / ice / frost / hail
a7cb7e1d80f08c3c9f74c5b1518208bc,swollen / plump
dce4c515d8e4cee0d1869c4710928601,swell up
f783a681f19f70c3d9156817ea5abc95,rub off / grind
a4c5762973db0f62614bd80471e27933,spin / spindle
f4419cf0fed5f7b7c59ba82d3c9f0fb3,husk / chaff
9ca30010058cd5b7765c5fc8b618857c,gray / pale
770cd5504b98fb3e6b5b3df667d56344,intestines / stomach
ffcb1c3d5a6ca8770dba9df0b0ef50aa,female (human or animal)
cfdce789bc9131a81e06f7d0431fbe2b,lay eggs / hatch / incubate
c0304687ea30769b496950e6ccca48d2,fold up / turn up
ac193c84823278c6cfd1f1a384fd2ba3,destroyed / ruined
79abc9d5212a055cbf4aeaec63d0cf31,clear away / disentangle
0863e371d7ef2a18ebff815835f1d57a,turn over
5b7876d3de43672865d406818a6c82f2,untie / loosen
93d76b28dc209e8d7e7e1f75b5dc8b80,sweep / broom
c8af9de4451cb51630dfc75ef955e913,fishbone / spine
0eb7c23de319909039a5b8dbcb340c99,buckwheat
9f511cd69c2f7fff4d071d847345ac8c,strength / win
01540e25b7da06c37277140fabe7abf7,humans (classifier)
5bce9643307817f4997a6f19b7415d3c,fontanelle
6891058b372d550a651c4f5951580b0e,get / obtain
998cd59431489d3200ee50c96858afaf,rock / stone
a1f9d9f9c5e724c3dfacc9f272539dd3,fowl / chicken
f8b73da7e503b23d7397f8c145cac797,"gather together, scoop together"
29bb6b4a56b06392373ff7327ca27bad,weave / drive / chase
b31e7701289c3f7fb85106aebb734ee9,equal / line up / connect in a row
7fa0b80afa6187029de98b18bb463b8b,enemy / fight / quarrel / strife / sword / war
8a99d28c3c43cafed58cdbac5f4e9201,indigo
420400231c19b2bcadf6286a1613a1a9,forest / jungle / field / country
f0602486630bb5b69b845d3991aad365,chest / breast
88633e94bc9269a2d3400c07fcedcbd8,high / long
933518e4dcb5ba3495b822e9f7f7dead,green vegetable / cabbage / mustard
b6092533c469d9b88509ffaa9ab20834,graze / almost hit / passing close
23acb4c2f9842005fb572266a137789b,bear fruit / rice
622eb4ce184db2bd9187e2529b199729,class / category
10d6417693504f0b7763730fd23d774c,withered / residue / corpse
8749fe1c0937968aaaa0da6d17028612,things / stuff (n.)
cf53f5403267471bbeb128a9f29b4c4b,pluralizer
5df311e03ae02d4d2e9f8e4fd340ff95,copula / nominalizer / subordinator
f17615df16fc0a303ee9e60e3c96fc2c,bold / heroic
a8d297636c595947e7d1deba297e9e1a,buy / barter
fb72fb947e61411242c61a55cfab78e6,cane / rattan / rope
432a714c13bcde63627f834c18856162,language / speech
3043980a0e798dbaa91899f4a6bb753f,skin / outer covering
631739bc2aace170b0f3af78f6769173,draw / write / count
20f4b6a30007de3ce6044f67842bc49e,write / count
8942af05cd5987f6c470db37ed94fd85,gleet / purulent discharge / rot
db7c79348f37845297b9e78f6be6388d,pheasant / partridge
54d237f18b08878960dc73603172a7a0,choose / be fastidious
1980d1dc44b63c4e2b6bfb32fc63c527,move / roll
bf41f0ec94730a42b6ec6225cc7145d7,cane / rattan
20e4728dcb4d65e7e8fe21fc4bc69c81,compassion / love
e719fbbe911b9c3b52efaa3570846d5c,sun / sunshine
8acf61ed5b976ec2f86c90199ab1d059,alive / green / raw / give birth / be born
715d2f17b6f37614128843cab7f7a576,shade / shadow
8d2061e560772998413be6b74dbad925,dirt / filth / ordure / stench
484109a3fce89cc4ac0090f6bc6f727b,copula / be / existence
9d5a511914fa72b006011be5e2ea7200,cat / wildcat
916e2e1eb19b39b28a13416974202bbc,nit
b23e785bf617d9f0d8f1a216bd5ccb9e,pine / fir
297aae72cc4d0d068f46a9158469e34d,crazy
5a98ea4f1e47de5e95cbbc5dca2b3a35,squirrel (flying)
c8335a38748145a889eaf965b1bbc75b,long for / pine for
913985c7b4d48baa60f7aa036ab1d881,dark / shade / dusk
e83ee33f330c27fa54562de1d50f101e,horn / corner
8d3e2194e4b95955ec5d5f2996af556f,snuff up / sip
d67b40c0868be584185a7da527c2b589,mischievous / rowdy / hooligan
e10c18ecfbff1e562a07a0f48ce31564,copula / be the case
23327e3d0dd65f66867019545ea95f8c,stiff / tough
09c43a8a4309dfe573b97022a6c51e11,slant / slope
28b1ab6343afc6d0fd2cdc6d445672f9,gold / yellow
dea9e4a71b17a2d9ec482ce802af8db4,yam / potato
2e25d856c0f706c4d8f5f383594dac6f,a full day / spend the night
90c1cc78aa55f64e5f343bda0b718069,grease / oil
91bd6841c44462131ace7161446778f4,inferior / fallen / worse
10ef9f4179add99a6a298c0fb184e6f5,vein / sinew
544610470dd31b492cea94126991c79d,earth / ground / soil / sand
cc9ee423fca8dc80706209141afdb6a6,inchoative particle
0dbdf31f7f8a01dbaceec451d94435be,clear / bright / pleasant
b8ee192293f0ab9610dd24c8d010c0c1,breath(e) / life
f52bfaf71865c9b36ddc58b3baf761c2,breath / voice
bcc0a798d69da1d152169547862c8379,soul / mind / heart / spirit / breath
7868743414e2172567f1cfe14146ff83,wedge
0e40a0e0df4708f5996e79845ceebabb,rub / stroke
cda6c375cb532d3e43e53147e72cb90e,new / fresh
e8be65262292ad504184e4837b7c573a,fat / grease / oil
89dad6284d045dbe9c2b1cb5d7500a37,fruit / rose / round object
3ad420a3be73853dfaf7e914ec27f217,testicles / virility
f8a769026f992788383d809d3d4a9882,pinch / twist
694d1cec737336e3877854ba6e6ba470,liver / bitter
cffacf95f55feef3aa7d690167dda8d1,body / owner / agentive nominalizer
b0b367335c56223e4e586c5e3ed1acc9,tree / wood
9300ffc8073246f7514ca2fa43b8e031,comb / rake (v.)
94fe7df1ccab0ed44af455dedaf87355,arise / awake(n)
4f0273b9895fe75003d72393ef724e12,breed / bring up
8ac26202858ab71b79e94b0a18d20062,sister / matrilineal lineage
2e1362294c9b5cf5404b8104ee886e25,aunt / elder sister
efa0cd9c7e14cfa09b038d46d7b7afbd,who / remote 3rd person pronoun
55f30274f14dcd24d2c95e5bb795a74f,smell / scent / fragrant
3814dd2b5958ad36ccf19128b2dec203,wipe / sweep
148f64df2cec459ee2e07c6ca90fb42b,onion / garlic
66f920452a09a94eb3bdb473f28fbb45,stick into
32a019ab26696dc59941af4a56c2bd8f,animal / body / flesh / meat
f2216ca42f1f7103d5f424e97ac9d5e6,easy / cheap
c1abe04bdea9a9ed68e5023cc67bc1e2,excrement / rust / blight
58c5684e25273aa5446a6ca664898ac9,rise / east
23a819db67f5ce056cdb0f45417cf12f,noisy / agitated
0d1b0228e03afa0660b83ac65728fce6,wash / bathe
b5b8545a2e2064e966c52d28cb41a153,dark-colored
f75a411e4143c152d4d763a20d85b2f8,flow / pour
8a7453014534c7d1aa13fba7bf7f02d3,flow / pour / scatter / spill / sow broadcast
cda294e54de1067ecfee0181d9d79954,rub / scrape / shave
aa727ab64bf7a37cab56daa98ccddccf,knife / axe / sword
bd15a7ff3e0ea43b31216a35ffed2f01,time / when
d1ac419ca6d941725c0461f8facaaa3f,arrow / bow
7cf414b56bc1b66fc0e7a2e7f2248c67,charcoal / dust / ashes
c8fb9989f48d0ef59fd9cb0fa98c9630,talk / speak
c0e6a817b6127b1058fab2c4d15dba22,straight / upright
8e8a7c0945c151dc231471f960a85138,scoop with both hands
ca9975b04f724696cc1520c9d2f6849f,fold / layer
0f4ca9534e7b91ac790bc3da9fdbbd33,pack into / put into
1dae93d5dfed6b3e3e3224a8cecb9218,capable / fit / beautiful
3714d111be9400e8e4495a3f60fbad36,hang / impale
9152eaf8e8aee4a6e6d9f62ddc271909,thick / solid / coarse
ca237481e01896896978b14e9c104275,retaliate / grudge (bear a)
c36116be43a2ebd7eb4aae7779a6c25b,belt / zone / waist
d4f06c1065aa424a7ba992022ace2ce7,sting / scold
d7618e2b75a22a8a9538058767b99544,give / causative
c225852e1b2a27af7e09f8f4c10c2242,awed / startled
b2235eee8a7b6bd769c36afa3d2a5597,propitiate / appease
2512b3ad6e3744e9c33aa2f5e646c529,vagina / vulva
980777deebd58911b65428ff63451ce9,nephew / descendant
e6d69c76fe9d37bdae4f925d737227bf,join / bring together / tie / knot
1dd76d5c6f0821cc5a6ca7ecfc061c64,cut by a blow
402118828a3a018ffde65359f3a626ad,peck / strike / hook onto
3172b974a7e771f4f1f85a0c78fbc9e5,cut / knock
e4c2b2371a0f8104ba62a4b8884f82b5,spit / spew
c2a8f87b6d942154c71df3ad0717740a,deep / thick
3c22d6573882d90a446703d8a70b2113,roll up / wrap
51d7126c0aa1b5f0ace3c341603dd26a,dull / buttock / heel / rounded part
f31866c6b405db267034b7f07415cb03,numb / befuddled
a2338587d83fbe8d48f0e268e3d07653,set (a trap) / cock (a weapon)
e194aa057a662ceddbbe63517e4da6d7,inside / middle
d2e6a81717cbfb85088744e61d0c2b53,tremble / shake / pulse
dd58991e221a5d06ee1cfa1930e9cb99,spit / spittle / saliva
e019facfa6bb3067843d63ec4cc87b83,come out / go out / emerge
88d0e938c8d67c25014f40f028266d2f,wet / soak
e5aad990e38a2f505f409599be0bffd5,flow / suppurate
433a46c0ae70f08758966c20afc7a1e3,water / egg / spit
2234bc125ff12f7dd1659ec61a550e5b,water / river
6928caf88f6fb4c49abf45197eb6fb75,very / real / certain
2ef0320a06ef3bf611cd23bc32b953b4,upper part / rise / raise
4eb321a03dabc29ab329140066cd297c,black / dark
531c092e92f606e66190486308781745,hot / hurt / pain / ill
5486aca0af3a27dce5fe1a63b427ef84,hot / ill
580e47b7678797bc73e45b628433df4f,child / son / relatives
4b6abf706ccd68941e250653eb50ceac,strong / firm
3c2cd0b3b62777210a9aea75590039fa,person / human being
bce378d353eb7e9a7f9a3e4b6076f7ee,bite down on
c7d33ff2c94b2ab3267605f06d87fd2a,rust / dross / stain / excrement
1a6753a3f459ecc7648aa1d34af47d00,scoop / dip out
663ee6606c46c10b623a3644f5fa0dfd,medicine / juice / paint
aa875aa8b9406bd80ba231714918d422,lung / exhale
ae33402953aa071721330f126b0aec5d,salt / yeast
2c8d3837e5f15b4414b03cc4c4fb8f73,burn / angry
db1ec05ee79c63c56aef25bd25d601c8,nail / claw
4c08e3cf1bab4fcf986bb39c024e2c01,deer (sambar) / antelope
d6cad589528313b516a97db9d6a7e0c5,fat / omentum
2b1b69050511480f6049ead6ef2bd5e9,thorn / pierce / plant (v.) / erect
e59b33f4c68cd3bf5243211303f1b3b4,stop up / plug up
becaa1a320361b4e077bdf91d11c55ad,rot / pus
1d3250eacca3e7a31a2c8dd7ff54a2b7,iron / iron instrument
abf27f51ad0dbd6f5b3cebc0b259b0cd,red / blood / gold
64d33dc2b97f4f703b57704622a09231,join / connect
f347afdbe68354444f48553ff53f0bab,break / cut
16d5534beccb4d1bb28ccaa0ff990eb1,count / number
6d294419295d02dec1fc93be174ae62d,wring / crumple
acd28216d2a0f563cdbe7bb19e8f8687,wring / squeeze
f37a3c0bc2f5996159a6e2439e0f93cd,boil (v.) / cook / bake
352be54f4e66a44d2fc1b235cf18170a,steep
3d25de41ee051e641c05380bd2058123,cut / chop
238218010ede707257dff17ac90dc67e,pluck
b2496a7c9ac646da2028b30c18679348,white / yellow
0fea63afa55c5f4704996433546e51d7,bite / chew
d70477c639da9a1d2ac7de29563a812a,bird / feather
723fb92bd46cded25acdf63694009aec,snow / frost / ice / hail
f3cb916e2763ac3a89d81ce3536c7ec0,round / circular / enclosure
0f2bfd7f4a6ed747729305f712879a6c,bear (n.)
a10758cfa7bc69b39de73b711c243bf9,hand / wrist
d8d68b45f42834097e6eede8aef8ff4b,load / burden / transport
d41fa74144d0e060207b9bde105af6ef,bee / honey
b108c570566449905d317f071680c027,clothe
c5a72ec28aeeaacc657169cc3a998d54,lead (v.) / tend / watch / guard
a2a0b39df14380e351dd19dbcd5d15e9,love / make love
f69f15b7a42b3c4927fa7141f8e5c9f7,whirl / brandish / wave (v.)
a5cc972a27472f9ecdfebec9d829b39f,count / read
c4f1d68320af687ddb0214bb9d5ff14a,tusk / fang / canine tooth
13e5aa471103b41f76f68c5373ea86ca,howl / grumble
a806f3b5301b313c32d5d5fd0b0bf896,tend grazing animals
62ff701dba8183ba373b10ca2d4a25b5,wear / clothe
a21c9a4b14cce06569828a29de10f74b,diminutive
29a2b57b66c7a091ab801f2d317e3619,righthand / right side
3abc01e7cc50332b60282f6f4dda5b00,armpit / tickle / cubit
b3eb6b2ca2edbf4e638696024972f73a,"chew (cud, betel)"
cb6585bfdf52f03b20b81b7cad1ada81,sheep / yak
072029faeaa5c5b5c513460ef517b01d,fan / paddle / wave (v.)
83b831e58d73eb8d9015389420c5cea5,other / outside
7423cf0a7b5646a3544dd27d78f08429,spread / extend / sail
5adf2717f2054084c10c09c491d7a4d9,mother / grandmother / maternal aunt
21450f149bf08cae544cb025726f6726,saliva / spittle
4e57b7878728b8c37a9a3e1299274bee,rat / rabbit / hare
d2269c5131d7316282bf3206383af6bb,leak / drip
a775cd320082003a7fe4ccfefea8275d,put to sleep
ca28fce138bd18141573d4be6e30edf6,sleep / put to sleep / conceal / hide (v.)
e82c1c56830b1c0d35368d27b81e6a48,poker / pudding stick / ladle
ec75d924d81535c6b10e9d3bd616bc6a,deer (sambar)
3ac79315f4ea9f0b883e5e9da84c27de,sell / buy
3863ddf19c8fd7fed2c64959b8d20064,3rd person pronoun
0d93efa20a88560f997c284d1b97996a,little / small / tiny
02facb072e3fb74a221b36db58b4493c,barley
c21ffb930f420e1769a5c24cdd462465,collect / gather
4e6f9f19f6df8d0cc318bc0fdda491bb,uncle / a superior
510198ad488567995d15c0b135948a6f,rot / decay / digest
a11f8a73fe7fc79ab4a8304a34d31c2a,mouse/bamboo rat/mole
9096b4e63e9c2c52537a56660a5acd8c,bean/pea/legume
e2c4137cb597bc6a4d72b03b81975c19,yam/fruit
5b17b4673e673d5e7a5168f820d961a3,calm/quiet/cool
ea43f52c9432de6f57010b0ff8b0daef,grandfather/uncle/father-in-law
55fa97a841780d41cbe87c345547f5a4,ladle out/scoop out/
34d6d0bd45161e669f6a4fb2c6cdc6ed,come out/exit/emerge
7294428a100a484fe50537c348fbd23a,termite/white ant
24a46514a813558e0d2e894df1f3efe3,back/behind
9bc930e949bdbb8c73ee77b5655b4d81,bag/basket
326b8e955697f9f08898b8a9e0835680,bite/chew/eat
2ff90f41d2bf10922bc80e693631aa56,bite/eat
206008b54f6135bdc8daa0d18d6f6ea2,flesh/meat/body
b9ef79d6f6e2cd581d8d200df86e8d10,animal/body/flesh
5e3a9f84e2cc978b944b44e99e540a00,leg/foot
7a85d8d1a0bdca28e7bec11321134901,chin/jaw
41d1c544642e16e41c3a4cbcc4c9cfe2,cloth/blanket
3387b1db562080e7a8cd8e1badd0cab6,crab/fish/aquatic creature
414eb81eed35b39a2a8b3582bbd9839f,breast/suck
7b3da89c413349a01eb1bc8511ec9b9c,wake/awaken
18c4b1d45b989d58c899f89222ecd31d,pregnant/conceive
72672db3a8af4231cb7e984f6c09af3c,insane
86183248497bab719ca2ab6b2828d07b,mad/insane
84c4509feb14dc3f84330f24b0ed189d,come/arrive
9a6aebec3ad51338c8ba2c890d8b138e,horn/antler
38489adccb4db9472163e45708b96ab9,mother-in-law/aunt
8e5196dc4f09540e4b1d2d0de809fb94,laugh/smile
2dffd7046b0a8d19041ec4f0b4a21d28,girl/maiden
56ad091c22ae1a35c67740a99143f563,female/mother/augmentative
fce63142cacdb8b04ce6685c5e5538c0,tej
d800404433e03ba6e8e2a42a26af4544,otter/fishing cat
561c4a43d480ea3cbbd95123823c7131,deer/sambar
b90e6f78a98041131e9dafa10125b951,monkey; langur
996f4e1fbc2ac60909181c74bb020d99,sit on eggs/incubate
901a3076c0550578922d549b72a5a9da,louse/flea
39f0fdf116738548679f89544d9c988a,left side
4310a33b75721b0d27c8a4d511ef9ad3,rope/string/thread (v.)/vine/sinew
da3faa798b6ad115c925a81462413957,cattle/buffalo
907d432e8b0891b2ab0bab2898f7feb1,fruit variety
ca425b88f047ce8ec45ee90e813ada91,pants
6bbedc46fea8270201aeb6605711072a,raining
5032f6da199f08b7dc4e70aa9f97c31f,routinely
3e5a1b3b990187c9fb8e8156ce25c243,socks
8c8196b6fce95d016ef8e3de52c75b3d,cloth / clothes
3e2a219d609103bc925f1ad0c333bdf5,"without legs, be"
874009492fa91f511e7e775ecfbc28d6,eel
86c94a4e7e4beb8cbcbe376a29a07bca,dog tooth
d662173b78c3241a3d9196024346c20e,"sister, older of male"
10036a8ea7ea04426bf1b52e9513442d,"brother, younger of female"
c494bf61047b1481f1815fbb42cf65d5,the baby spit up
b3f0205ba07b71312b71645be90a5d70,hide (oneself) (v.)
312762f8bb1f24bff6d1b39f1f67d102,stand (v.)
6b6215b666a1bdbcde833f75d8d1f1dc,crush paddy (v.)
f514a0a35da74a414ce30efd9d220f8b,the crowing of the hen
8d09f1705cc02f3c860866e848696f68,choose a nice girl
a149fc6d080138e4be76fa3776e89631,break out (v.)
4bfc4ca81e11acad1938383b98542d5c,not high
183720b95f57e4fafe42cd9456fa0394,not fine
4752c6d97db048f7010a44562198a4ed,Write a little
332a7bd170eb59803aa04f94e16b5eff,get higher and higher (v.)
41d28bc9e9648586695deb7516c1908f,get kiwer (v.)
305066e6a43b566ea19b09edc5c7be78,get lower (v.)
a088a15a91be4aaa5b3fa985c60af1a1,knead clay with feet
df54db474f714d42671ad29b01f0fffc,lightening
962936de065216ffc0e10a725fbde75d,methin
7e59cb5b2f52c763bc846471fe5942e4,badger
1afefda686a579b191eca44ceca03530,toucan
8d6aea04421721d15603d4078631d17b,caterpilar
a331733847822ca3eb04a398f842ab7b,mustache
ba7bb0cd26342d7ce4aadeb05f8796d3,fore-leg
864f9a4fbb8df49f1f59068a7f9a94d4,paddy
99464c1699fd5bc192b88a46fafcd329,bengan
130115dac42a2ad9d6d13ae8ae96d435,indian corn
b557297372de2aad5dd2860b43660218,capsicum
96ac0342a3ccf9553e3d4c9da9b821b0,pan
83e19d58f31727183e58c0028aa7c66d,beetel nut
0aead44523221b4e46a861de681fb42f,husk of rice
96549bd5c5be2166f1839ce25c9c29a9,cultivation
38619ff403bdbd72106cbc6a1fba2d24,shrab
fe7f977d422b43a08b1aa1891b8a2055,boiled meat
7f6db491b043d17e56df89b5dd74441d,roast meat
dd3d13e11583e3af945a78127545dfe2,"wax, bee"
587b75d2d15b22561a857a8dd955daec,panjee
a847719cd6df60496eb828c99921fc00,musket
797812a14de34d52c9b329ca8673bec1,he/she/it
00c66f1a036bd8f9cb709cb8d925d3d9,ye
94e95f6967f16ee8ba04c974ba766a95,thine
c0460b899e6ae73ad0b95a5305aef67d,his/hers/it's
afa0511c134699ac9d6ac98bbf956225,handsome
ff17bacf4c3020d5beea6d54dc5ac06a,dear
37b90b7e32ba137d26fd61f2ebaa8cae,wake
142583139f0a69b29160717f41b9e824,want (to)
6f6367d451aa380d8842523467d11a41,take away
2510c39011c5be704182423e3a695e91,h
affb31c677f89ae87ba0b2291168fa3f,I go
f04cbd622baf7b92f3c6e95c3fc25ae8,thou goest
282a002dd8c2cb4e4a722c302719e292,I went
950956776949d52d6741bba445ada352,I will go
05ba527223de46e0a855afd84e811916,I go not
8de632ffe0e0febacffe7ba1c5392920,I will not go
68dbc08900034f26c12e13cf7a78bdfa,I wish to go
935b616d1f2786566ec19e080ebfeced,I can go
5949e0e10f026fe4def5d06191ecf65a,I may go
abc118de71642e7ce4a63fbc20fa7f61,let us go
bfd3814af3a8d7f1158675afc7d93a07,go thou
b9ca27de75ce0f52a9c5bc573d67f5c2,do not go
c12c697b73f0e48ae2ac58abd2cd6fb8,give me
8097fbb3e44bf98e2ed278a291ca256d,come here
595e623a5d5e0a428adadc67f25b1028,be silent
88b2dd10cc3f0ff413c347f66728c0c4,how much?
b301e5fab5071ffbcfd89d3ab25665ef,how large?
7aeb80ed5a9996d7a7518902c7505a52,how high?
af3fae38324d8214cf1c3ae3ef7bf457,how deep?
02f507028bf8851657f4aecd6d796e66,how far?
8366d3144b7353a8b50271446a98049c,how was it?
35179a54ea587953021400eb0cd23201,how are you?
e0a38cd69d08a35b725c38a174b45f7a,thus
6cede1cfde12fc6d88ad1d8b6636a977,below
82479950de228963a5dedca292b730ec,earth (soil)
7ec561263191987b17f03480041315f8,fly (v)
2728da724abc123740388020819745b0,horn (anatomy)
778ecbf66a36dad4bbbc9d420f2ee060,know (something)
bc0d2f2f8c89fce473264076c5791d51,claw or nail
aad90b33ae8438487a335352816edf66,rain (precipitation)
37d3bea88e44a02b9157bf6d28f3db85,smoke (exhaust)
74186adf7f381c816fbb8dab121a6973,demon
33c5c97aff6c5183126ff3644b01179e,hog/pig
4ff9fc6e4e5d5f590c4f2134a8cc96d1,jack
273d4a98ea03d45c0fc4d9397a9ae257,pulse/beans
8cf7b8add2c207e8edf246685a28f7e2,gravy
4e70287a68188e720fec318864711cbb,eating vessel
2f9f9276bc452d5cc6f8974907de1b75,drinking vessel
abdc793c700a0f9110566c092398985f,ours
ce97a90ef59e9c768263754682f68bd6,theirs
1cce63c011885493eef1b89645e1eb4e,young (animal)
c33f6328470614a32832f365c44571c0,politeness; civility; decorum
aa26cc35e27af4d2d4ee6df6a57010d0,people of respectability
0aa7d1ae1f7427d1e19d27c5483c4eb1,gentleman
388e50b03bf2e4006fd5d55fd1bd5920,new fashion; new custom
260df692d632e6fbc956aa5ad1897cf9,different fashion
e62d3ec11c08673ebb1ec837f3bbdf82,churl; clown; uncivility
560e044ae78efe87569efe60e2181136,captivating manners
8e76dfeebd794aaf21b56bca15c12194,proselyte; convert
ed8928fd4f7bacbe468d4090d569fb75,civilize
9138c3b6965339b4d9940c6108b6224d,sister; cousin
cc03510dc27476f005a114d834fa5530,cotton or string
6a426ad55e8b5479bc487480254e0f8d,ago; lately; recently
3a3b414109ad07f36af36372c258a20d,adage; old story
2327346e833efcd6b2e7b3f0a4df8ebb,previous
b97fa4b966d0df27f85fb66e7a21e49c,some years ago
28ebfebceb4293e5f3380fbba16280b2,afore time; olden time
9ecc19bb81f717d78679c86b3ac6e0b0,mythology
5d1634d5d29bf74a00ab34c9a668e79e,former footing; ancient
9fee913b5b63af69327087938292ee51,legend; ancient story
280bdc33d18c526e7422ce1790a151ea,historian
a99bc48d606ea18748f34a53a312d06b,turn over new leaf; reform
07fd99956aa4b3d5a0100cd25726267c,brother-in-law; nephew
67b75c260fbcf830db2385e2921d25ec,good manners; courteous
96b7f0eca86bb23800796ec0a12b5f29,urbanity; good manners
775c7c2e5afd3ef7271831e29800ac7e,unbrotherly
ba043b239f210e2db67bd6940c4f9025,sister-in-law; sister
9c888916ced720cea42b1f4cfc0872db,underwrite; write below
425c5140201a202aadc0de351f22321d,subordinate
e9a489ddc738d34b85e2ae89ce4d3b03,under part
c0b3f488e5bd6389ed2005a1b7196f90,corner; work
186ac26b6d2b79c2f9e50f54c21d15f2,every nook and corner
fae6dbda4f86d161895dcf09fcca48dc,octagonal
dce17238d372ecdbcfba7de58f53e545,triangle; three-cornered
0e1e4ab56e4ba10136e15b30a9a683f7,quadrangle
87921ff734b56c70c02c906da335e1fd,square; oblong
31581d7759891fac04cb489daefa2fc6,pilaster; square pillar
ec0a5192b4e4f441b65371d7060705c0,on all sides
46abdbcd2ec4e09687a06f971256dbb9,empty; shell; hard rice
449fe8b48f3a2705e3f19165a6758434,mistress; madam; dame
d6c8deee26bf0a42f1ba2f210cf8c2c8,odds and ends
961f75260bbd8d52b97cc00d7dde73c9,tells tales
881be46b35fe08c6e53f463fe21be9a1,worm kingdom
acf94fcd5728d827a4aa9c315854973d,worm eaten
29fa4956b85485176c2ae34bfd2b416c,husband; spouse
f848f4270c560940845d35c07738ab89,consort; spouse
274f648e7b08c298aeb4363c3b8959ba,brother; younger brother
a5997c2c0e9618fbb3a39a5a9b381336,sister; sister-in-law
77a8d9f8b3dd37e7bde5a598bcca3bf3,dry species of paddy
b40bf784e8dd12416e5fe7eb9b7af812,tooth; teeth
885ad062e86c90daf3edd0ca510e0b95,charm; oval stone
e46956c5acb5126800e96baf75286115,clean the teeth
1b6975f6fd7b4cf03881d4a7d5615997,pick the teeth
192726f64fe3149d33f767c1ed6b079f,tooth brush
0abb3e211a8a3110bbeeb59eb38dd191,tooth pick
5a032d8c8b29125c4f920ac7ddbcdc0e,toothache
b1c316217352ac13e78304d61c8d2485,unfeathered; callow; toothless
535ccedda43d77277fb4e166a42d5409,unfledged
85fbf12bb299dec897dd45c6b8b512ef,getting teeth
18579fe1d642ae8cf5e0331006c9bd3a,chaff; husk
1989f6952eb561b5b666e3f47c188263,unhusked
055942678ce25d261b4e193f87111ca2,inner bark skin
70a6d3032bde8ba7bce813fe94230d06,name for women
bb889e0b52e707b609ff08286c53e66a,wonderment; anger
a8ec568be9a0ee8ab23ef660902debbc,to-day
51cf2ae1059344c9b1d8fe2b6abb699e,this day week
0302f15c8e993ada1119955b56b37d7e,to this day
9ca7f9a57fa26fad849b97a39a745be5,true; original; inimitable
01869fac2bc3363ca271010cfc14387c,spurious; counterfeit
ff9d1b8f0f201f6f546eff3bf7a67c80,member; part; morsel
73d5342eba070f636ac3246f319bf77f,section
8e5e4f4c8c8c1bc875dc2b1a3ffd4c71,two-thirds
a10f7ff835c89c0e4c732a3b06e2acf4,shell; buckle; machine
fcc62b55e7cfbd8c1050dcdbeb30f678,mechanism
04e110bd4b261366fdfe58c1c792c226,career; condition
78053d6157ce8956ea59084eb7ebefb3,sinew; tendon
fe53b1a1a5ffbde2ae5ba97573923263,lower animal kingdom
18e6e10628e5467c81dda609ad59b089,crumbs; fragments; scraps
456f7efd91c002b81dad9b33392e62ae,shatter; break in pieces
7d052a2578d4165e31de9d19e423bba9,sinister; bad sign
09eb2f8d1f7d34c62878b33c8ee899ff,one unit
addf338716d125cd038f68e0b341edfd,from one to another
dc2d4e7ae91ea486fe1aade8de457926,neuter
243064c2b6f818ddebf11cfdcb582706,plural; plurality
9b03655afdf30f8aed1ba7d036005297,take one for another
76ac0c99cde8f1cf0c12a6c33759c149,single; only one
a1eeb61ebe7c439b9ecb6310d8fb149a,personally; himself
41c4f572188bf5602f125b0265c0f321,private sentiment
c2b1989ef93dcaf1f92bbe387ade97a1,egotist; self-praise
a0decbd84d044a92047ba1fcf6711785,on the morrow; to-morrow
9628d2ba10f0311741984152b02d1d0b,sawdust; mellow
ee4514512bf528baa8bd13880148a63e,conclusion; tail
e150616b3c0801e894e0cc6274f84a3e,endless
c2a30f18e99e43e56ea25247d35758d3,rim; brim
034261fb568b61d00652b9241e3f570c,snout; source; mouth
475e5c3c23afe24bd229f82dfe744e73,bruise; wound
5c5a19004b1080479ea233fa43d1820a,bowels; entrails
f87076e25d8bf2ad1d87b13676538c28,tone; tune; strain
851f5ac9941d720844d143ed9cfcf60a,prefix
41ce67e48b6db79c0d1ffe4dbf414060,measurement; width of finger
949e591e14c7961f319b3b040454445a,astern; posterior; behind
f0fd5e2711f8d3a2bc8ebb080f8cead5,scull
1784ba21361e3437dc762bc5bd2eb162,rear; bottom; rump
6bf60bbecdcdabc7a36e9ff651dc78ee,landlady; heiress
8370d18d98e38598b17914126d959309,commander; proprietor; God
8f3d9570529d9ef85e4d0ee9310e9722,rule; govern; sway
577da7fee6e9ff57afc5f23882acdf54,fidelity
4cd35af808af99cc917e0c59a1a65229,preside; presidency
06144a5c559a3abcb993cd2fadc73e05,lordship
2fb05f6d6714a491dcfa6e62d5237ecc,take pattern by
67dfdf5ec20c4f6f87f8b60ff344e924,trustee
8e1d48db60f51e56d74a7d63dfdfeef6,meet superior's wishes
c051136af74d599c22e0e7590f9d371b,steward; officer
0bd37f2b563d10eae0e474e1249fcf5d,vice-president
a3dd7dbb2d9f73df065ac50266bcf8ad,transfuse
a5c7fabb33e969a478922716be689a68,underived
742f32c65ffd18b766fa307f8de2d47d,factor
f3fbf4dadbd6487d9c7b13d6767c8606,shake off bondage
a76f3a82a90ce7c808890cee81eda4a9,lower side of hill path
907858700443422b56b808e4641ec559,dwarf; pigmy
2b283680b83429adca723d13c4699d8e,embroider; fringe
1982665a24b130f4236f2d80b04c9cf3,tone; sound; voice
e1cf347d1c47db5cae485f594443c7bc,noises preventing hearing
bc2d9185b78b27a4c8864fff9ed80762,syllable
f7e980a7a706440d271be6defd78a011,sounding
a0b1f1e0f702f5874183598a374e8adf,tuneful
c098a4d9bb9516a951b7b510a76418b4,tenor
8fcfbe317b6757ff96c24de4aa04178a,rhyme; rhythm
5a6d670e15e778ec4b4e12fa8d92d063,dissonance; discord
15e95cb1264e3dfced379f625e5773d3,modulate
c8abc384eb3489f5d46e993829d57d00,chime; unison
e47169b0b2be87b8bdf3219a1d590d28,musical instrument
b9d314234237a33b6c212d4c9d58b567,vocal
0c515b42b7e90595ed0cc808843efeaa,core of fruit; boundary
1f68c13fd5cae10975006ef28eb75d4e,dust and dirt
e8966bdc069adbcfcb915919f5c01031,space; orifice; cavity
351bd79c764012a44c969957228f2132,holes of every sort
112e08777f6fc64d3aad129fa5ea0026,opening; hole
0c6c2e93985f3f7b6613a83ad45b6ad7,rind; bark; skin
956b0df6df12abf873cc8f1cce670812,strip; peel off
af58cfc071f3ac68187686ead49080f8,head; tree trunk
216a4ca44125205d0f425a25d427091f,circle; dot; full stop
676ab26f8f37a4642dc4732b15f8d871,head; upper part
36549dd9f261f028fe305ccc2e6c9558,forepart; head
38da310b7f32e8d0b06fc8848d63aec7,from head to foot
b9d81d2e41daa87c1fca3c4a58f7874d,dam; female
35be10c27af10feaddfcdbf4c4f03a01,feminine
f95d464996a64b549954d16622a5d2ce,personable; shapely
664d242a7528bf4230386c9ac1a437f8,him
18b55145506dff6f111be36299b880de,cleave to man
604dfda1f7d7cab88babaa0447e67a88,help him in need
4cb6c106c809c71abd1940e7dbc26133,himself
ebf090fbb4e185964bbe68a9a0ded520,woe to him
8beb2acbe6061353f5249051e31e1bc3,dislocate
0c691e0d23149ca88c00a54295e276a5,in his stead
f9814b92186b6f4659397d87012d26fa,penetration; penetrate
029f3cdc8e35b052c7ab7c9f07df0d7e,inside; interior; into
2bb93041da876c5dd175c67789322230,parenthesis
0ada4193611988c7b593699bde6ea7e1,midst
f7d885b2d7a5a695bb6764fd7d6a61ad,centre; innermost
0e69caad257047efa9beffda68898047,picture; idol
834feae744c43369c32b2cdbf2ada1e6,sketch
a22850a88aa1c174d03058f4ffa01226,portray
28f8679fed2638ae32414e38d4587565,reprint; take photo
1c8c4126b7decfa8790d6f0f9285d5ff,likeness
8785cc6dd087d344ddae6140a763442c,apparition; spectre; spirit
9bc9f72707c9284c1bf8112c1a0ad001,declivity; side of mountain
6d87fa76ccae216ab73165f3553a49e6,whine; fret
29ec407e7a83df2d6d47988bd9b11fb3,steep bank
c5b1f587e9b6a4ba65ef6f7aad4267b7,precipice; cliff
968edbd8c908d052b235ad739e4e359b,scum
019b1c64927cae1e494a3bc67814a224,froth; foam
39953904159cc5e00b3105f0247429b6,worth; value; cost
2063c1608d6e0baf80249c42e2be5804,value
aab592bf37cf5b5d2bfce622085bf317,set a price; rate
ebc9b71d7dab9dee95a0d969da5f0914,cheap; low price
077374025c4bc021a64b201d00b83cc4,dun; dunning
a26a9b99a7a0277953df4c198c4ed14a,high price; valuable; dear
a39053311115573e99f78d35263c7464,repay cost
7441531284e2b38bdc1a66af18e204b4,defray; pay
4f893ee24950069dd823e083338a456d,subscribe
9367a975f19a06750b67f719f4f08ceb,subscriber
174cdf7aa7971330bfb14741fb561a61,decide price
df6f85687a0d5820baa1a069a04eff2d,refund
2e5fa11ce98b1056daa45dc55c8d880b,overcharge
d23a74f176f4ede0caaf8b439c582086,gratuitous; unbought
162d1fe59cf71046c90e1bee6c320617,free school
0ec6340325336cb5d99f39fcca52b1a9,unpaid
9f78a3598231e7633a7d9532866d3218,inestimable; priceless
f83c2a85d972a89238f31296c63f0dbc,payment
67893db4fbb6f4870994aac6d5d76b66,change of money
bad45338e3bd232c770c7602d6305bcf,simper
b29b5306f5faa72b39fc7e443d92590e,undervalue; lower price
5c65589abbd78a6b800bad0ef541adff,raise the price
d0d1f27aa9a0fea4bca5544b8ae7870c,piece of fish or meat
2ac45426fe30662e1aeccb55d1a177e6,sometime
99d816e57a0d0814d45cea1a35ef57f0,usually; occasionally
a3a00594338b00683aa44ba6ded670f0,inner wood
afe201d57df49ee7043241cdf49f6bcc,self; alone
eb5a0790f447524ed19725b6d50ab3cc,alone; exclusively
bd88d684ed5bf6c66e8c5ae8ecd870df,recluse
dd93c6336f82a73eb2e6f1b59c82246d,consonant
0be5a6c82893ecaa8bb29bd36831e457,personal
3a361d3a1358768a02b9b03c643a1869,Sir; Lord
b37c4f69b473169cdd23dcf85365a887,inner meaning; cause
9a3e191125226d2d1420d41b79cc44df,flaw; fault; crack
1a39d771e203946f39eabf12c61b012d,coccyx
4ba6c698355711c27783e54060a72fa5,change name
16ca3f954284b9026aaaf252378f8458,in the name of
ea337610eccfbcba28779e345fe9a9fe,enrol; roll
4e216e01b46560f9bb431a6f6526cafe,noble; famous; notorious
8599709f689a196aa67a6373979c1eb9,name sake
9de4a97425678c5b1288aa70c1669a64,register
ca805c7db65e2592263bf668ece0ccc1,raise reputation
1598503661af53333d62734cd1e8124a,muzzle
0cc550bbb05416a9fd3322e5e93dd09b,husband's sister
f60c4d399dd660cfd5b9da2e90d3bbda,puberty; breast
23f924c6f737dd4dcebfb6280bba4476,udder
33dc172c1bc3dc407460c45c7cecb9e1,herself; himself
b3ef0bfcf3a5a36c12904f1c381fff26,take shame to self
16173cffda9b25129992baae4c05b484,be selfish
c86aac7edd0f05fc551491d8ccc6a12d,young; children
d7bd762286fa47e33fc89857aba1c9fe,propagate; propagation
2309fecc8d68acd624f2234ef9c21284,sonship
21e2336b6aa76e7929b4b78bbe9c98bf,progeny; offspring
78bb6350aca1ac5a77dc3fafe6fa8a45,leaf; two-anna piece
cd0a12ab7fa35a0cfc7954d49c4c239d,interstice; moderate
cd13f4b9b661f8552f72716acc2c0553,intermediate; between
4752d9c2cf7d8a31f06e2f497a371ee5,intervene
6a453975a9c3343b53af9d61d897a044,winged; have wings
8621ffdbc5698829397d97767ac13db3,dragon
1c093fe7e99df2cdf3b536982d0ff25c,antlers; horn
191486bc9a2139dafb5a99f877dcaed1,horned; have horns
cb4baca82728a0f80f7e2249c966907d,have to do with
21d7e38261b4d6778d2cccbb43b27077,sobriety; sober; temperate
d83736073c7b867fa2b1c011378ac8d0,irregular; irregularity
e816ec9ebfa34f71aef2cf6512351e87,large back muscles
b984b499194357178c61944ed66ce604,spur
94c00c15a03c769816ac8417b6222968,pertain
8309e56dd82bd518b5758602885c084d,spine at neck
0cf1127034f2058605d3abe19e107ead,anniversary; crisis
9921a544de9e1637e4eb97ab372f0ab1,marrow; pulp; spinal cord
ad2bc5a1db1c8e91eff3739ec31f19c0,hump on neck
e0d8f66b9113d5593897c12fdce57f2e,thin surface
0f460878ab2549097523024229b869b5,two of a kind
868cda3be74cca7e454b2ec148bceddb,one of two
9000a450ed977c54cfe713521140c956,relish; flavour
28c47c669e94d266efb881216ed0cd1b,last night
676a566ff12b8dcf952fe69a77d883f7,foundation; root
daa306d3f3ccb80a5cd6ae805f9bb811,in substance
5912acb765ad120149ac18f4a2ec1079,take root
e6973ae01efa8932ed778579c92f92f9,sphere; orb; globe
fc0eafe42f66c45d146640edf9704bed,flower; blossom
5eea17bf436b60c14391460051467cb1,hemisphere; semi-circle
ad359a12909fbb46336748708fcb9e3a,thorax; chest
71344346391cedffcaaa24613b411299,infant; baby
15fe02ff8ac1e401f0cc4f296144badb,corpse; carcass
be8259dca5b7ffd53d60be1fb33a760b,aunt; mother-in-law
edab649646a4c3ebd9770bdfc29534b5,neither
34d66cbc4bd94e48f6207b8c55e312e0,possessing intelligence
5a89740eef6393cd76dd315a74c56615,absolute; independent
3ef9354025de8b1784ad73fe91e9a43d,wilful
901f678390c3822dd852d326c90d7023,prerogative
be96387374985bbfb4723aa688db1ccc,unbridled; despotic
a52350d96e92721fcd1222bc85edc079,inner part under bark
fe05c01b417ad68bd56706dfb4e626e8,subsequent; ultimate
b574e1854e86dfc0586d7dcef8cfd6f4,at last; in the end
1eb41d51cac1d4b09a0351e03500697f,prescience; prophet
fa1c731ead93e333a9180e16f968c01e,sequence
da907a1b8f74e6922d93b025eecfb852,future
046bb5d1297d04b09c4c703628910b18,predict; prediction
3daf8260f5eda7317e514862f5ad11de,foresee
30c35fa46f298803596d9abe12a69843,ligament
d74dc5d2242b651adf1a1063fa555c5b,dainty
0a1a3ea6ec46f5f3e97a42cc26d910d5,bribe; fee
6a7a4dfa28f1feb61e0ce41a82d7e81b,bulb; dross; spleen
dfc466c4d2131bb6f68b0f0418797ea3,stomach; maw
003f53160982b3d377b1a054b3638c49,youngest
3d31c7c13e80da35919095e58e13b6f3,place; spot; end
0530d49d473bc59520988b28feea6fba,beginning; foundation
7ddf32e17a6ac5ce04a8ecbf782ca509,random
32f0fef0d325137464db99513594782a,precipitately
43b311fe6df80d370f20026a429e64af,every where
a4cbe63862d7176ef4fed52bf08190e3,thither; where
2e4aba9119c0e60a624ae596071ca142,ubiquity; omnipresent
916a43142e8db811d76675eeedc5ae4a,elsewhere
a2bef703c3a3bedba509353d308acdfc,take up room
41b89d10619cdd3e30fb6c401c17c7d9,beacon
fc7696ea1bb702bb4246390ed70ef23c,stead
937317fda21d902c58f01535d02982c7,waistcoat; vest
1b6c6e187aec4c799da1c282d336da79,parricide
22127af239723324a682c6ec2d24c0cd,masculine; paternal
7e8556004356f333b239b5cfa4ff3c92,grandfather; patrimony
2d1d6e90c80d3a0dab55018cc507f040,progenitor; ancestor; lineage
5db931c142ccdc3101bc8c7fb8f3c34b,heritage
1842dd94d9504ebeddc1edd15812210a,flower; bone between joints
849d53ab93bc68ce6625996e54210d6c,serjeant
4530c6fad9483c83f53d97e77626c344,florist
a850ab3d98cac041af2556567b9fa539,garland; wreath
406332c061f2523a622e5cd8dd1c1033,cauliflower
324aeae7597cb3a74563107c29a24861,vase
62cdcb4ee51190a2c26ba20b242ecaed,nosegay
5abf0899416345d4586c7e6cd2eb7568,honey of flower
5e7bffa808b34e1aa91437648b0f0518,sense; trick; wisdom
cf6f9500b63ba6603dcd6c4d83518d34,judicious; rational
1de3fd3eb129d460de4609db1c60cfbc,scientific; science
ff9192047b6d5b17fef8bfda21a69b61,sapient; talent; wisdom
26f6bd393df766642c4e6215573c6059,wit
ecda81a38c3ec08f1855aff95843e01e,persons of good sense
d8bd9cb3e27c834e930096b2977c25af,unphilosophical
7eb2454d76de4ade425d155416d313dd,senseless; unwise
0b9ff33718e4f52cda98a6daa6f85025,take surreptitiously
2c9afefc7811b8b2ec94b962d3ecb7af,outwit
e40d5cbee6f222a7473a89e64db21fc5,supplant
2b55aeada25b2b5b96574e3fa45188a5,sensible
4050b64e0375e0ab881313b4059e6344,acumen
9d74a4e4f5c96ad153833a2100f078a6,suggestion; suggest
ef742f71213003028958455ec829fa8d,sagacious
7e32456b36377029467e8b1af651f905,sagacity; quickness
a4867fa90e1dbca05b4e62994b0c1202,master of science
20a531368c2282bb0d88382ab0b8488e,intellectual
a5c23ac6135cac1cab39a05210e669ea,her; his; its
78288a19f116205a1f14c8071865ae10,pertain to
abd2cbdc0e88039113751e0286474550,private property
e92314f869e981ab024dfc20551bc5d4,in his presence
d5c3ad4bd374a945c3a52388fe4ee0ce,to his face
86551cc52ac13de1e2dfb7999cba6b99,opinionative
0ff00ec3e0475644a1e78e529a30a69e,self-interest
cf63096414f3cb0478fce24bdc31c1c1,patriotism; patriot
081e66b78c31f5f2c8d63a3bcbef70ce,his own interest
db7b8f07d2ae9070688ffd7aba01c88e,depute; delegate
1761fb36005bdb8a8b0055e242c8aee1,king; raja; monarch
f5454346c8f751e4bb7a7c5c22250e10,accession; reign
fdce28425d65c97b467d753f5bdf62d5,sire; majesty
799f22d6604aea82717cfd1ce11161cf,levee; darbar
efd5edb7a7c1258184409cb6bc34318b,rebellion
0a82eed72ce32f04548b2262575872be,privy counsellor
4808e19e05fe5a55cb79fbac0376fbfa,regicide
db160b6710475646be9feeca9da0d657,allegiance
d00c0c331c7caa6c7eb13bbd07eadaa4,coronation
14acb10c792d6e7a1ea2b0e0b567c69b,rebel
1a4b20eddc8791015b5a02ae3b8e65a6,ambassador
8e734fa6c5d7a56abc381e15d78c716b,sceptre
560ed9a327f69b5adba7863b5e0f280d,royally; royal manner
35a3158a7f596f0b5e2c45c708b6b839,envoy; messenger
51f70f7a69136ac60d52f1ae37b7de31,Princess; princesses
af9fb43d4dd1ae406e31ed75e48e9a0e,council member; minister
59d9dce689c7314c3828b7f1130546bf,dethrone
2077e4a6bafa9b4e7b55e1fff16818af,prince
e670054c69d33111b89efd892778b007,monarchy; reign
01ce7799f218bc9cc37d4d71e507e320,imperial; regal; royal
3e98ecfa6a4c765c5522f897a4a8de23,ministry
667940ea3df6617168cef1233b76dc29,palace
c5a4c775096f5db52273cd2e6e31db87,imperial rule
6150d6d7ed21927b174cd0a07bcef6c2,Viceroy; Governor
be32618f7b374ba8fba0077571e5cbea,princely
aad57e7ff0e682e1c989ca0931fbdf6b,coronet; crown; diadem
7f0a34aea15c2aefff3a1a2ef97dbe63,exchequer; treasury
ed91fd289b89e9172698a933ea245b43,loyal; loyalty
65a2a89023643fe808cd5fb449685e0b,kingdom; realm
ba2206ec01d2309988d42f55c7272f58,reign
1d0904bd7f03eb9690f0afe0e649e79b,charter; code; law
253d405ed295f2c55d6f3ddf455f31e4,throne
83ba786c6d53294cd6d37a6a670f211c,chamberlain; courtier
ad2b2a393cc67dab10615c435ef81800,influential families
10a11e8807de8c1ed13c9a928433b0a9,exterior; border; brink
484a64861d090356ab3b9dc7946ee0ef,edge; marginal; verge
7cfcbd1c1575dd7eae454f18b9267188,outer
d358f4dd1c6cd3d749f4171ab6451578,superscribe; superscription
960b4d675f575d87a77258b84e91cb01,groundless; limitless
854466ca7ad271b1d8cd9cc89ed4b613,side; outward
75af9f68a0fbbdb648ee56ef8ca817ca,sideway
64a7eee7e2ac128fc705455e4bd8830e,class; kind; sort
bc3f7fdd88f425eaafe5ba77e3f5dca2,various; miscellaneous
d7d06acfeca7faadf3431a0a79632327,inner blade
f2aee6c3b0779a2edd8d8aae3e3f1b54,feature; countenance; shape
95cd3696849b63693f9d686b4c44c661,pattern; sample
dd903620ea17a416e3f2e19297c20299,shapely
0f6b4a43321740cb0f83564b19cbae2b,bonny; pretty; beautiful
c195f144a8d768f2bb87f155ed2117a4,blend
38ab64cefd90dbba5c438224721c8169,possessing form
963977e66ffe6455c43311eb9ae9b496,miniature
3b5f73df1833641001a9b3070fb5b488,undisguised
4f7138e73388b7fd15e806c9caa455da,unshapely
3931804a9b1578229463a618b6090296,shapeless
e922898342e5f93212d28406d9e7f706,chaos
38a1a95baba7329f56e767578ab9c19a,unformed
7adf41a68d348c81fc3f2813d19c198e,transfigure; transform
d9327771be75408094952f5b683a756b,discolour
d6c805cc2d5b335c765a15f3522218e5,deform; destroy
41095b49ee1b99ed64d30872bb43a908,deface; disfigure
e60ab792551a08c64443d5ec855b3377,multifarious; variety
dcdd1274f35ac5a8573e07b0582ad92c,badge
7d12d0e03f7f382c0e024d584be3a959,specimen; sample
1a18f19535b3b1edd5de7f535141f476,outline
fd386d820189a069a27851021f3237e8,sister of a brother
aa19a552dbb52c44d068785523cf5c53,below; beneath; bottom
8068d4dbe44410e637728b104b468a24,down; below; beneath
a59f3dc80af0dbe85ac2fded57f2e1f9,fathomless
d59622ed2a4ec6802a9fa58224359a49,bottomless
99567970045f5288365cbf5a15364b7d,bagpipe
76178e1b6c22fd418bee668c9e434fa8,Bungalow
a56dcb8443c25f8e14b47b8ff1748331,Bengali
7cc3cb9a285399e6c405348555c1855b,bucket; pail
4affbb2720c66477de3127f856cac8b4,Bible; scriptures
b02117a211179bc74a61e68f31eb143f,evangelical
1d3bfa0469afded4e9653d256aa89473,scriptural
dc09cda5f4beb4b1274439e691f6ae78,Pentateuch
2df4637ae3a009fae31130466dbae011,evangelize
01be22cfbaa4b785db865fe0c7a9f18b,passage of scripture
ae54d900df97988381474ba1b35652bb,psalm
66302eef175ae89c3832cb496e04eab7,pertaining to scriptures
171a3777e4a629321611d4beb3321263,unorthodox
7c597376a05768bb79dc136dac94b6ab,evangelist
5b12aa291f4f91debb7cc95e01a3eea5,shilling
32d589fbf093825c9d80bcf5ce458399,gulf; bay
3eadfbda269df48c429aea9773a1933f,ugly looking
cc405fce250c747195b2fa560f781d36,hate the sight of
7763bc4660a7f95c8e6c1e7c6c284e19,spatter
a05baddf186929e3374fc103b0e0f3db,rebound; recoil
e1fdceab7032cecbf57b0248e8a2ee05,work together amicably
d08ee598b6ff47fddb64eeb9c294ea46,cheat; hoodwink; trick
ba29778598aeb9af11ae08a934301c82,highway; main road
5a021a3da7aa80215f4fb6c1fbb9fd3e,highway robbery
f1b2348dfad959be12f87f0342cba9fe,white fish
458372327c674a3095aedc4d52009c7a,totally; fully
0bebec0adf9c128c7618a0ebeb55cf4d,doe; fawn
fc2b4b017fd5eced831b96f0a82ef2ce,hay; long grass
4ca407f36c29ac96e7ae2fb9845bcdab,creeper for tying
2e4ff812d28b8639a7739da32cf37406,mitten
b0366b2d9ab3ce264b3e7189611cb741,tree for fuel
e9316d6ffddbf06b1a615c07bd41b88f,dirge
c5ea482bd16089d6ac422ed66e1a7de0,mourning; wailing
a09de5095e5dc9aa31ffea33a0f31f7a,lamentable
2a41c977b0130bace90d4e2b2a822d4d,weeping; crying
c755223fe8bbc718aeb26944dcd94082,plaintive
db900da9f25a40ddb9cc724ccc0b2c80,distress
2c52b97324d9b3a7fd824d69b692437d,senate; civil court
e6e1dedb5ac34d9a1f733e09cb415116,civil law
33c36ee6dde5eaeeeaf2329e3e41c995,window; skylight
2a35d1a29a4b2aeb08ad0a15e20a921c,casement
e9b0f59cfbadfedcc5e5ec22099c0538,blanch
187e1a5a9f6dab5128971952f54c7119,ungraceful; graceful
b41bf90809e73a7d37dcb8e88b673502,brothers and sisters
895fd2bf124a2edbdd5b07d72b0597d5,whitish
308a3e7a5e67d32ed510a3789c3dfa9b,light-coloured
88c5be89d87f7caeafb0790c5ec4161e,pale colour
18447835972112dff20bdca9604a7e57,bead; necklace
91bae37130d5a0ab44b735b0d06cc73d,count beads
ee0732f06d571622b67dd1c50d267a55,broach; trinket; locket
0eae4410950a3b526fba28fa909b62a6,brick; impetigo; yaws
2ae28e1fbcc422a4ff8354b061d93473,leak badly
1f09290a5569e083f75693a594433d55,cross two pieces
cb3b7cce1fda55a743abe5f54d5614e1,tile; shingle
ccec995f98075dcdb4ad9cdf655d6bed,tiled house
8938d833719c88237e93faff05805053,brick building
f0b5546af4b84d8280652aa090dbd20d,make trellis
f8dadafa0318af7ed44da9ac7a84f28f,kill insects
421853fcc31a2d94637b795bd48833fb,brick kiln
1dbf91d8ff7e4a4144e4030f871af2d7,brickbat
58df3301857634f6d6615af6f81a526a,bricklayer
aae8e1901d6b6160341c6c7970ff34b5,tea dealer
9a34c96fa2a56af4f4c74814d63f84aa,ant; emmet
4706401663db60959ea3113a7f8d14b7,impoverish
5ee4e2886b9324df837a795722bd26c2,wretchedly; poverty
da0f30652e8e7de86c4823d5737f61fd,edible root
b64a4dc6a9c8acfb83dafe4e62f427f7,cornelian beads
ec6f3b11f8d903c968ab254357fc70f8,topic; affair; subject
f66c41bd65bad9ab777dbcee5f3f29e1,muscle; cockle
53bcbaa72eace3e703c24ac80c1d562a,lampblack; soot
f59e1bade51e9f0cb2f75f78ed50c966,black currant-like fruit
dd22fd78292bba3cd3376cf4c2aa57eb,be helpless
d0c92d656b9e3325da0b070c9c3c5773,numb; torpid
b0bad331a927e97f816dddc7667f013e,seized with cramp
3194095424c10ef526f694932ccc42d2,starlight; moonlight
392a3dd4022b792ba2968c7bb1a41ced,paddy species
bb332be0adfca45f3b88b24f1bc92a07,murmur; grumble
2348a6cb5800e7eb51da2e4fa75f5fb6,platform; stage
01ea3cca6f471c85bd6e7bef123fc0f3,rostrum
5bda66b29961e3bf8cff3e578313e98f,calender
6fc3dd8b861177a6c136567c1924c53f,buckler; shield
50e3d018b1af3ee71e1cbfbc749d0783,desultory
c4ecf5fde2d0e8108b27e301b0c5562c,symbol; simile; metaphor
2d845ead725a12c3d91bca7b8c3e4221,metaphorical
3cd3ab1ee1fa64dc7a81c9d99daee206,parable; parabolical
3043eb44cd7485f7eaabdc125e5d7331,address; interview
8800e1c9b3e22c44ba59a34db3fe4841,introduction
af85345362dae4c0d9b9a35980ae02cc,allegory; discourse; lecture
e112bb243d61b58715d955697749bd4e,preach; discourse
243d64bd6e676d22f827c0d16ef3ba49,introduce in discourse
98d68c651c16642ab5c1347b068c9bff,subject of discourse
7891df785dcc54bccbbc6f51be0b7d7b,orator; preacher
66d1d408245e7353eff68b3597437bca,liken
a74d7642cb90a2102cf2d3a41ac681d5,typical; parabolical
f721cd3ca32237112da7b4d1b6e3f173,unexampled
b864a603816d16721c09dd73c2a6e0c7,sententious
fdedc0f48ebfe12c3717dcea673799cf,make known by example
aa22d350943c950b0ebdc842052b3a37,precept
7123a699d77db6479a1d8ece2c4f1c16,instance
1a79a4d60de6718e8e5b326e338ae533,example
fd27050410af504e54be3f3d412919f1,sentimental
1c6c7ff775735a08459941f9da7ea433,proverb
168e13f1e73f5355c04d133613c29a3e,speaker; talker
b2e8b7ddbbc0016793ad9c92b784cc29,saying
fdf189fc17bcb599a2427382e9dde8e5,chit chat; gossip
eed88dd8ae7cfba074da4dcf28aba6cc,trial; debate; discussion
0ca629563f92403a1d6907344028358d,chancellor; magistrate
f330f56112dd2edc134fb1fb1efd7bab,magisterial
fa885df67dc9b4dda8715a4f736d6e78,adjudge
d835f5b5e3023ecdbd8e1df176aa4765,barrister; lawyer
5e3f93956d15bed678cee66ff0a609fb,judicial
9d4693dbff6bf410611c91efa70a45d8,tribunal; court
21d6f40cfb511982e4424e0e250a9557,session
0c0f7464c6ba4063e913855a1d4041df,jurisdiction
5444d358a85aaa9ff8583a38236e40c4,acquit; release
afbc639fb56636f6505cd3fa9dd2b5b2,conversation; talk; discourse
d48c976d246db2c179251201da86c300,conversation turned upon
c72917177444a8a631e99f015ef714e5,whisperings; insinuations
6ecfe25b92c849d720a66029ad969f28,interpose
4fd9bb55c6d2ecc854d32389c2c979aa,telltale
c9cdd7d20f5c86dfdb65a41b3e52ddb6,tea canister
cd186811d8d34b9d5f3d0087c5637989,shell; conch shell
217c00a85fa32dcddc639276f44e2e7a,tea ready for drinking
b66d82f6a6fb925051b3ad4ca52392e9,shed tears; weep; cry
bbdc060e7d848582d0c01485ca1abeb6,weak tea
1759dea603a6106802a4e79cfd4821e6,sumptuous; strong
7b8521364a04943cb6f3ed68d20fe3fc,brethren
b561889c65717a6f57259c1e8a9d72f3,native court
fc08bb9e590df0cfe3acf0ec54da6f11,that; at; whichever
cdceb06168598250b7d52ad97889b2ad,most likely
ac2e5ffdc1dc113160bae9dfe1e02475,akin
af2f73a588dcc5696e37514328f2ae76,barber
587c4389fe553c55405b37dfabdc1ce0,whereat; therefore
94a3bedac1cda20efbf86469540a67ba,what then
3efb8f8d2de0936bb436aff53dafeb78,what else
b9356b88d884d6ff0343d0629318a0a8,dust; powder; grit
5d35c01378b41389b6b6e6a09bbf781f,panic struck
cd9332e8c4f0ae18a32cab4faf55cd71,release; freedom; liberty
8dd60366c67c0c7d5164f6f0833f2e18,enfranchise; pardon
3851a45568900a6c323796b4d010de20,pardonable
b73fb499538e5a111d1460fa689ee660,light green
c44c431c51ce954f7b08aa3ae56bd352,resign; rid; dispense
313a4df3e47939ec7b21f6f4e2d774a1,pull down; demolish
f9a41fdb70a442ab0887ecadefd7a635,like; such
ab03037bb85120071cbb24492a773043,at such a time
a480de07a3e677b66c702d5d9c8b7648,such an one
d45e6e29df4f8c3bdded050bbee6083e,present; gift
16ace7baebe78556a73df6200205ec3c,point; take aim
3626e84dda5c12f5515365863d52b742,evade; get on one side
fe8cfa546a4693f324e1de175abd0696,straddle
2641773a943720695ec80b738dcbb55b,board; plank
69768fb940260e74429cf5a57247795f,shutter
0d72a616c8c8451e3d3bcf35b721cef6,grave; tomb; sepulchre
a274892a7ee7be9c6c627363f020183d,resurrection
3e6362e850f807c54cecbea67f72b606,sepulchre; grave-yard
1de344de52e979485a7f022cb4ced73c,Naga feast
a2607359a91abe4dd6399ebb59dd9ad7,tomb stone
16046bf483d8daf19ffcac59e3373c57,epitaph
dd3daf295cdd1fd5e7c8bcd4186f2047,bird for journeys
036c1c994913dc7d6417fe38954d1d0d,listen to chiklen
de4aae7efd90209d84e690ae679d7dd3,cuckoo-like bird
037730d5e1bf8cbe59bee6378d8a0afa,nine days
cb4f34c830c34fe5d56af2a4b2576664,as well as; also
6a90e3e4f31e48c7f5fb0c012ba08f05,selfsame; exactly
51a87bb061febf6417e077d3836d9bcf,there; therein; thither
3a9422e8a6f356f2e1f8db339d58d8f6,over and above
25d5684fe829cfd44b0d5e44dd73f169,therewith; along with
780f7b0f52d613efc5678a6a616eb4c7,in other words
a25dc94dc1daa12ce72f8d1169b0571a,unless; otherwise
b409729abaf630d35aa15ff0efb40aa8,do not do that
06951a076c8f062e7009da6709f26c39,not at all
2737fe8dce5cd7d2842da846c89e16b7,unlikely
199ce41b82d3aefee0c12367b404779e,not so
a3be74318b3c086eb967d9a25153e791,purely; merely; simply
f655de89e4bab512d791f7a442e933cd,it is; that's it
86214f5d0e639c03885485086635825d,evermore; constantly
a76551efa32d74369b9c926507ba84f9,scramble
a2098b8121e592ae79a9dd81bd9f0548,virtuously
f114f0d7bb3595051008487bfb6f7f8a,girdle; girth
720d19127c7939dcfc5cb8b592f90c5c,peaceable; peaceably
3b3d12400226da6524e7c9685053d85f,still; tranquil; peace
4dc8517dba6a7298bd2bbfff0f5b81a8,teak wood
dfb55031417e64e7dd358e9d70cb7641,molasses
d9973e0a167310da17e41cc2ad6131f5,confection; sweets
fcf48005b9120ba5707589ef7845d427,sugar candy
dc27b18be248cb028bc08a470c785a4e,blackguard
9528afd93bf9e1627bb9dc68be776679,cousins
ff2d924114999a9a0cf186485dfc4d09,brothers; sisters; father and son
b0a10c6c8635ac0dfc7692585048a006,perjure; perjury
9654d7331c5b0415d24f578b796bf7a1,whoever; pheasant bird
8f646ce47db06a39c466287c8f7b7183,those with them
2a7c8736d87871a0db7ec1bb759adb33,satan; devil
43c81fe44e6be5b319427b3a597ae3c3,satanic
9f0ecb49d62f04f91bf08c0cab1081e5,replenished
c380f48518cb9174ad97778b31e42bff,flying squirrel
6b582f733026a964a2d7751b881b51f3,soft; yielding
3637a8f00a24f6a46a7d6fa6fe8d2e18,advisable
f740a96734244f9f0dc61ae7f3c961cc,remittance
7904263fde23e1baa582d8d64ab33518,account; bill
1ceaf802952c963351ca83b4889efc8f,recapture
f8036f19f2e5102f1c9cc5f72fed3a79,rock salt
0ca964bb74251fce6bb741c97e1cb4b8,of course
9083e7f9da17221003a8e901255ecb9f,so long
f467d6a633756249c727674c59bfee3c,so long as
eb8b79721ab1ef03ad3c621a152248d3,yield on pressure
4d26c7ba38cfdd0546a52e121ee3fa72,urine; fæces
b25f89248de5a0eed6eadacb0e057c56,sharp; rotten
6333ffe7c97257f3ac22dde86e6432fa,eight days
0b457c2fe87fffd2d9a556cbf613a11f,toward; there
869d7b08ed596dbaadf3e827ce9dbd88,compass
e7edbcf881f87686529073eaa5c6a82a,just so
c6c711c55f7e9ce43dfa6e073acbb832,supposing that
7dc82bcd2b458b0a9fca5528c6672d60,no doubt
71dba6c0bc9be92989aca0bbe37df350,like that?
006240b87b099d05b2ecce53af117662,though; however
acceae55b8caf53492ba722354d92af6,indeed
a3dca260af375a6d1e1eaf870f955ae4,possibly
2f25409fe57c3dea842828b952101a4d,likely
30d590d30385941410767381e8dc53be,possibility; likely
0c6c81ef87ad86425af6b2ced1dc1fb5,in case; lest
7290d6b1f1458098d2f225877e609ba6,probability
8bd5b67121d84eecff7a0f2130509521,amen
31f9716f06d2c296fa45aa36786a8c95,duration; time; when
c37757475d97b8191d91c8d2c73a6522,that very time
0797c1bdbe46de165803973d4daa43c0,likewise; so
a70de2b1c19610ee12fe168c1d61609c,show; mention
23ddd5761ae80ec3573259b5b7ea49f9,same thing
0b00a3582c71b08f8b7ed4b34dfb8eff,tantamount
625bbf2d6cff3d4f710a8e562d21bd15,thereof
6fc727b38f6ae41ea2b84e7726d1f2d5,whereof; from
f33eeff972fe74e7a4d4584d64deb32b,half as much more
6ceea121cfaa308bcf0ea24a51628bef,accordingly
6958d6d4062b04ed1ffd718f5315876b,interim
1173df90e4e39a829508387f4e8584f0,thereafter; afterwards
ccc639105b6ff4e8fbead0c5f8be99f5,thence; therefrom
b223211aa656082f5a8b399ac74dde13,on purpose
bc5aec6356087cd672d3bb6e0dba76dc,therefore; for that reason
fbff0f40bc7e3f6712e09527f1b43770,that is; as
b6d01e9522092dd104603f6b61567059,so much
b44b85437c7220f0041b0498b57bbe53,sepulture; grave; bury
8e49679279e6ea20d76a77aaf8b10cd5,burial ground
5ca65bd86031048be913ae35095899c4,prop; stay
53b2a33ab901efc1324930e9e3a96833,neglect
849a4019e6aca703f05d16b34fa8ff34,crack; grating
149f4692c3c9fcff1eda569ad781c763,watchman; caretaker
832476b86d5470376785dddd2695f301,bungler; incompetent
f3f8b26ceaeb43fe3dd97aebcfd4f7eb,curious; inquisitive
73bdfea082576d5cfea84b62832a832d,piece of cloth
c2ca149fed267f60fc6de367fe16ac0f,selvage
2e63529bea09fa20ac6a2b48c91329f5,bag; rag bag
ca55e4b839f4416ea32314236e4f85c3,rag; lamp wick
84069d48d3251f3e615363a201b68e0e,pelting rain
974a54eb3d217bd95e13d5fb701f6cba,hurtful
a9ef996fd501683a4dd366547ca3bd06,torment; torture
43692995c30bdb83648d44438a5bbcdb,cause pain
ef122d5e55b0f5c0d3eaf4b475490455,rheumatical pains; cramp
c51c28bd09f9b93deb60454286faeff8,worse pain
1ff2d608006e65d9556a4aad4bd1e8a2,tormentor
76cfce23bb598678ba94e33a742278fc,lining; undercloth
58d1cff72e10faad5db9d1800b760228,torment; excruciating pain
e355a8a13f47fb506b3e70d568026d0c,very painful
9059ca6ca798f62d4d1fe7584242a994,excruciating; agonising
31f8b81d2825cfe21389309a4d3ddc07,worst pain
dffcebc21f308de7c74c4cf733832810,aggravate pain
11690b09f16021ff06a6857d784a1870,rack
e9a883a25914bbcde5a37e1c215cd9fd,dig out
63212a14eea26772b55677e16cdf3086,heighten
d569c9ff1a0616596edf0c7e3218e19c,tower; ascend
64cff2cbfd78031f9eee98ae31235ba1,uppermost; topmost
5bbf2d6725b29ad8ddb7c3ab47c50930,marked
a5b5afcb9331b4f93d3d1965df078461,suppose; reason
94e7e210543475d2dc1ee610e7b4af1d,estimate
0866817f75f3b8f5d65a55daa36e6e7d,spotted; speckled
fc562b8e4a51c9a9e1e5164326c3c53a,spotless
917a2eb0362395bbe99052ecdbc433d6,tawdriness
e3c22685d2acac9d3eaa2b3e47431965,paddy bin; rice bin
712684c1aaa8ae97122b643c80004863,dip; duck
61808a3ffdc93c756c2fd4121e8bcb01,craving for food
c7da43583edcff29abbd54e04f2cbdbf,Manipuri bird
f357d6e7b9fd1a0df96d1a5e66b2286c,deep forest
6b78d12a4ac38a7441d5a4b4b56f8c85,December feast
6544199e9a5dc2d246e2d2ffcf693153,superadd; accumulate
86ff42e3149b9cf69b589939897e2aad,decay; gradual death
a9378f27a8edc2b249e2019dcdcc339d,profusion
cecb403650e7bcadce21e4df8de97710,preponderate; predominance
44a5bcfa5abf9b6a7e45ddc6c505eac4,redundant; excessive
b61a6f0edeabe24c0a7d589470f10d64,afford; exceed
f324726bd9256a0df34a9bf2555d23a7,vastly; more than
86f7747ae1cfabe681d2655ff761cc3d,exceed; add more
d2aa9c57836ae5bad2ebeb1ef62cf4ec,transcendent
ab2a50acdfab154e98095606469cca5b,twice as much
d25b6cafe2c8802dfd9dc266b76ec6d0,excessively
c0efeecd2db2f6fb4fe8c0e3bb898ae8,superfluous
b2e28d22bbe1b4dd54155f1b936bb71f,exceed; too much
1b633fd0b5063b0849404fa2aac028d6,rough manner; careless worker
abf3e93c415a6596483db2c0e48be671,litter; palanquin
b6cb21dc9f1dc1e27781610da9cde771,spy glass; field glass
7e6f5991aa9842ded09e9b132a76f48f,post; mail
03d476861afd384510f2cb80ccfa8511,postman
000c98dce4d5f26a144586c34eafe666,postmaster
2f72633f7d8ed0997f4473284de776f9,garret
74e36eb6860708e2508bba606761dbfc,gallery; upper floor
0cf7fae69745cae54cac393c2f5abe6a,grape juice
85c22ebc745b3db2d4e04f00f42ec603,grape vine
f14c82d4899a74f96af3cb0569da84ec,vineyard
77b8784905f492d38a8c8812d11d2332,shopkeeper
3378293586e770fd914ddc345b8660e2,shop articles
434387bb032b4fe6284379740ca0761c,by; from; with
8493a3cab7e7730bce5f442d7b30604c,till; until
9e8e37aeb4449d579e9a58ce02e9f2fd,bicycle
aa3c2a148a169254eadf0f87f708202b,mad dog
246b2dd56164e25c82ee79e7bd631090,ceiling
56936621adc762d7e1fb92865babf0a9,leave one state; marry
cb547231cc5b0d9a6919f2edff84a265,cover; shroud; cloak
316928e0d260556eaccb6627f2ed657b,bitch
9aaa115a1dd0217c2cdb9d71e5ba127b,hydrophobia
09e668953e9da98c7754445509a00b9e,puppy; whelp
d83444ae09cbe433927d420121548444,bad smell
4d376fd58ef1b0cb5b528a50476d8bd4,wood pigeon
4b32ab8448fc94dc296178e92c990788,Indian corn
3fd37a8afa3c71ded6495bac1070e57b,edible fruit; bitter
9a5ccbcff79de7a1a8b6b377f68ae480,glutinous paddy
61f13ac041345a746674899a08daed99,abscess; ulcer
c91ae6246d1b87958eb745c9f5a58192,infected ulcer
f05d06b2bbdea739ba1222e327d05903,bamboo spear
ee0058d0cf3a6fbb6e7bd73e71fcfef8,carriage; car; cart
087d1f7d58b3d26e11a5539ef99b68a7,coachhire
81866e395d7919e6843965f4e20c4d28,coachman; waggoner
f669e395e156b4a7d9df62034b8a7133,caravan
1ed3e1d4119c2dfec4f70e14d4bffb10,ghee; clarified butter
372d30dd2849813ef674855253900679,warehouse
2a0e7a32ddf39af05b4573bd6780c843,rose water
35ec526e55c3f6e4fcc681a665d66b78,rosy
64c9be20d90e80dca86ca0f956dc86d8,remnant
8d571437bef778b567bdeb865ed171bf,set aside; reserve
dc66b8bf72021c7c6bd7106da212d92a,oval
ab70053d48f0f974efb23a4688e18120,keep together
9b78f7af1c9bb5c2805f577d8fc29f81,receptacle
9c01febebc31dae6dfcf86129d2ac82d,whore; prostitute
6835cbaaa28e261d2e6f653d0b3762f8,whoredom; fornication
dcc3f44c3d3cf89aa235b4ea88c99454,whore-monger
35658d2aa37b8b993eab234dd77ee0e8,full up
70af04dc95d9da09b0a499541ccb64ed,mislay
3513bf8fe595c018be09f5fd048ca814,tidy
ab69830e2646cfb40bd7df6c33d3089e,tidy; orderly
dda8b540fde691f96d6a8ab56199d4a2,excommunication
933f455e53f32ef3311b5deba584c9b6,emaciated; wane
bbf07956016c0e73d2239d755bfedadb,wan; pale; pallid
ecb37415cfe64d7b674f7cc4eb1c8686,stupendous; vast
64f612769da5580212302d19bff3a371,calf sound
bfaf32777c294048ac264d46860faf83,stately walk
388f6c1f292bfe96d38e2735451e6eb0,hostage; mortgage
db1ee753957c75a52ea6f84d12c7e724,mattress; covering
4f6fd6731950d33689d3e89b9e9d2547,earthen ware
9371bdcfd91f1da2db03465490aad8d5,adder
70b317adcbd8e1cd0f26007b65d8cfc2,shallots
e8158d76f29335231f7cc5e99bde5f51,edible weed
349a5305e6ab3064cba710c96db3389f,split; elision
5bbd973ad08789fd312bd931b5bb0aa2,bran; husk
8f804ec07c1f943ef9230929314bd063,orchids
bb0e26c7b06992fd1fe8214f485286a5,caw
37edfdf017f8eddaefb4c66afccb16cc,mud fish
714d112b92da860d26d4a90eca10d40e,condense
3795b48454869bc0b23c99c0de968606,call elders
814ccccf71dbed7df857da64c25f1c81,parliament; council
c3803e801f024403680ac085c940ac95,petition; appeal
a92c46a01b3f6bfeda1d943009aceaa4,petitioner
704bf6309fb742319b6efcbb197bbe26,seasoning; spice
f1561c3385470f0e0fc45ca6be5cf1de,new food
caa72b9bd266976f01fb3dbc7df0e0d7,reimburse
a552fcd6ef990e9db493169bd432ef54,sesamum
a1a0ec5c4e5ef55be8afb694afaa108d,white sesamum
f3c365787e42860e58099e818894c8e5,vegetable refuse
7a532a6d26f03fcf54499631b08ddeeb,edible vegetables; meat
43039929066421c0306dd4297559bf4a,Naga; hill tribes
6a689956bacd452e61f68cd2493bd762,tree with flowers
ff9db69265a62942738bedec7eb0a262,give cheerfully
c9ae9b3336add2ea040e0c55a0c2cf37,singing bird
641497f83a37e13476ca9fdd2d163773,start; begin
727a181a78a6a5fb370f2cbd7f3e79ad,began
06b68b03935f575c8109bbb585349013,primary; preface
2a635475a93a80c82d7121558f6d0d78,small bird
c21cd030901fcd09ef8d7a211dd7b496,firewood tree
90fa7bf78f15c79104fc8e41fe9382ef,all races
53ad53384a7a90b64d3d0b37568eda8a,contradiction
6e171b89400f343e81de40b65e837d41,hen's nest
8e96fa5ebe3db2c9733bb572af32e507,roost
a58daebd35e0e907e45caa2fe5cb0dd8,mutiny; dissension
d8f1a9cde571a72fb643c2d222bb1bc4,chicken; pullet
11520c1cb17b34927f60957971d058de,egg white
b960310a2a7ced5f151a1967667c298c,boil eggs
2ef71551b44d2386a35552d423bea777,custard
a6787599a7771600b66150301ccc6575,egg yolk
bddffaaf6ac6759937248e7ffaf271f7,leaf for wounds
5b13426fbe49e18e8c2bbd82a2181cac,battlement
5812b56e737d13129bdbc27e9e285e4c,chicken; hen
93b1453c8ec5a548389c935052536ccb,orchid
e4d3f219ab0196e7d6da859ba329dffb,reed for lice
b41dc67737615b8a0aabd0a2232308ee,equivocate
e65b24533c15b5beabd27b86775e4c33,motor car
a93b5f76441e74460134ed72aab5fe08,pulse; lentil
0c83161c517e0b8d2d5a1df712639256,tooth ache
435dc9e3d1b9f1516f56574220e5f56b,enquire; investigate
1314301738a531605655c9b51fbc45f8,selection; choose
50fffd295bd67ddf5684ee6c4990a627,toothless
695630cfc5eb92580fb3e76a0c790e63,unlink
1515a6c4bf0b6438c0cbd5d6e5a51027,small biting flies
1e37365b1a70fa1556a4526c6a3d6015,accountable
4245bf56d28f22197a4b30b46c809626,statement
5564a94c4c7e9940970b0755ad426cf0,give full particulars
25ec46613b6e24d143fe759681133fcc,send news
2c840f359426ad963797d3e816bf02fb,speak uncertainly
ae0ff19b865c21c6030bca0519e2161c,speak hastily
018a87c7d69bc7cda718c8d1716344c4,blurt out; divulge
bbc6aca7529aed74e0fce3db28fbb33c,corroborate
7c71b285c59b2d7369859630166ae3d5,tell; inform
6e1f1e811e0a1211cfaa5180b88f5446,dictator; advisor
f1e53941a53fe7e8e39aa331b14c4612,announced
f27c8f3dc6a106a1372f470a1380934d,aforesaid statement
b8630d46039b0c53a9d69648b812c1f9,impute; admonition
2a40298a556c281d3ff2432884b566a1,indictment
d10e274a3165eff360e952f1b160b5d7,evasion; subterfuge
9e992b355046ea4a704591e272765875,break word; embarrass
a73f16909f084bef67d6de0739c749a3,appease; mollify
aa5bee903ce7d873fdb162b587cfb17f,belie; misrepresent
ba1b6cf960ba70b5a23e2216a0e596cd,make excuse
9d940229b35a6fc7502461e3cab7242a,fit subject
d03adda1e52c0086fe981c2a97ec91fb,confess; propose; state
da4e56f8926687054d9492795f725a49,confessedly
cf9c87951ed7fbae0476c2fd0ef70a23,speak falteringly
5688b75eb1001cf8a7d59d69595b1c78,upbraid
0a8e20bab84a26caa92155fbc3a93ac0,speak mind
62ae3a510e2aca0ab13ef05371dbfef1,teach; convince
1e94457dea22db1a955e6c50725eda4c,give particulars
f764db67838fe97efa92c23b600f9f26,overrate
b3fc2bc12b0514e0c617a30c2115a908,reprehend; admonish
c015c99241a664c5e23b18d30db99e93,wayward; unmanageable
693946b72e9bb07307c4e21fb0df536b,take to task; nag
46aa5cd19f9737e45d0ce2d5f30acd02,mediate; intercede
faefbd7393f87defc840a310699a2a48,mediator; advocate
62608e08adc29a8d6dbc9754e659f125,client
2414c252176310b2c04547257948c7b7,interrupt
2c7aea4237e25b4f8ee3b0bf77d6fed0,verbose
d7ac99e9dad53b1661fd5075729ecef9,pliable; yielding
bcfa155a26a044b88bc2ae4443606b63,reprehend; censure
f557af0ee91e68ac3add10e6ed4ae646,spell
6f8b976bc9f8680837482860e1157c8e,overture
f8fe7f6fb1c504b49017605bc51133cc,forget to mention
9ef3393d58cf0447710dbd2f46699ba4,unsubstantiated claim
988531cc13d548e14c7021d122b4913e,confuse
f126cae16aef2734513128d6f15cb3d8,blurt out
c3b3d01ad90fffeb3bc6197b00d751ce,importune; reiterate
3230dce3608eaa8ef960cddcbec47ed2,recapitulate; repeat
247a5c4266f1b192d08dbf4db5b02d24,fastidious
eb2ea0340d099754b7682bf37614c458,valuation; price
80b8ac72aa5cd6abd92bb3d36d3c81ae,relay statement
3f48bc2885004ce5d9ee65a55dc3ab1a,jabber
3a043495e39b5bf6407ccac6539e281e,slip of tongue
281ea8beb34d7ab9e67d5f63911d5a1b,incontrovertible
dcaf30684097f5cb9d573534d0ff56ad,garrulous
477aa6f8d6f788560595b8034ba9c13e,confess
ae9fe7232c0a8a955934755ee97394a9,confession
1b73f167ae31a52b163322f05a5b4487,confess together
7e7c38e78130c99ea0509baf74095f89,confess repeatedly
cb6700d2f8e3ba85b3e078ff4ad6cbf0,babble; chatter
f66431c87ffb688abc727f5e0b3fd74c,succinctly
924162e43896ebd2bdb23093eda218e5,shame; embarrass
caa47a770f9a050844f2ae67dc71da54,speak on behalf
037399b04c9b761e58db6855183887ee,spokesperson
d7074dd9832242f70e9d79b7bfa978ba,final statement
416b2ed20155a7ad6ff572d07b6ae106,speak convincingly
c8c13d6be447650d8619e2000e386d24,confess freely
2d02063955f27383ac29386076261754,repay debt
e9abe58e25d2c8364b870a1f65a13b9d,blaspheme
b16d20fff69f9a551b901d1e05df96b5,fluently
c208ce11ee0ee233fcf4291071fd3167,tell truth
63973cd3ad7ccf2c8d5dce94b215f683,expression
c53df31e20ec8b1f3656fd090f271c0f,significant
f3ac2e39ca965ffd999454ed29dd215b,fluency
1b5c906d1d8524945e6bcb43b910790e,leave legacy
9d870f785e22db1e4d2df2989b7aca02,quandary
5dac72454be1132266a2ed515f3d3779,refuse to obey
4a2c14cc46fa50b75d6ca2995a1c5493,useless talk
0b572630bc51fc082b03a546a75a46de,speak winningly
467f6c65ba0c941773e65ef73199c361,wrong statement
b21db008b17af5852bc7a7a926b15da0,bountiful; amiable
4594fdda3578184d414caa33a4154052,bad-tempered
ffbb3e5dfd8a535e08b3f7f653a8bc27,amicably
d7ae2c0368f25391cf951809035172ba,dazzle; sparkle
04b20ff35cd968880bb29e5df0b7a76c,gad fly; horse fly
4cf35f419a4b54ead34cf3965c390c60,sago palm root
ead963841500db832f1d9eaf8c67523a,axe handle
dc971a8c8b0aeebf6622d2a78392cbb0,armlets
c073eb8adc63f1ae1eea32257603a0a4,solder
55cf43ee2ee5584892ea6cfd2fb72a84,cast armlets
8727920077943a3af1ff377e46437c42,unfold
f66acd5ae8870f4fabbd64cdc8ff887f,solder; lead
c9dc1fdc1b5b466fe83b1a8c0edda473,tinsmith
ca0b3374721d34a743155f27b303ecdc,hair-cleaning tree
323e689c59c69d1c0b59297efd4149df,chisel
1703863d9ca5491158492bfaec908f06,decant; pour
21bfb4c83f8b92ae4ce3fe37182c0fc4,effusion
b3ceb1b4ff402617c92fd4372a588f0c,redeem; exchange
3255fb6dccaaa08681924690a57f86eb,put in repeatedly
16a2bde8b42f627cc1751d987eaa9d87,lurk
02f7039d66bccfcab0643b47b2eb3f8f,knock over
e8abc0e25c257b7b01dceb3163db3ec2,jolt
62b7fa1abf1fe7cd8a07361c571ef4c1,mango tope
528ddd2d1bf2bf44ee9ec9b3c305102e,tilt; knock over
832bdc956088f87a20932fc090853d05,hobble
ec17a74b8ee271c3c6e7236c949a378e,pluck; pull off
191d846c7ba6adfa84a1158e403355d3,dominate
44156ff37d4ffe48c73a2e6e6c2ac473,unawares; immediate
51d40273b4f04a3376aa5b2d5281fb76,burst into crying
185b634d26ab7e0349f6b27648e42ede,hastily; speedily
40ce76c4a21e5750a8462dd72265f851,prompt payment
d5fe158ae21209e17d0e6bae19f31c66,bustle about
d3b76defa470659bd429c1e97d23d0ce,this; it
4690f4fe7d3b28b98aa0d1616dbacccd,hence; hereby
c45b3f166a228efb25dfdaa92cf6d751,thus far
d241574c45520f0a5fa0f435022f6c36,thus; such
a60298f4749a227cfb94e7fa262ae666,to wit
87bd76a8d3065df558a90957a490845a,except; moreover
d78cbfc1015fe616a1264c0c1f5fe3f0,herein; here
20e2177eab5474acb94e759fc91c9164,go straight
75977a1059bbedc2ff3a95169b0085c4,varnish; polish
0acb802d2248bf8484142f6392cae08b,undazzled; unpolished
d73ec31f2b72c0da0db6e6c3b9f09889,this person
75c6f03161d020201000414cd1501f9f,diamond
91226aa2dd1fac432e79ca0a9c9e8ee0,towards; this way
8545fbf44df241fa0adb1113e5c976b4,hither and thither
ee62a5365b533f032871e1fbcc697cab,is it like that
d64a8ed32d57551e91c84bb8704f5dd4,did you
0341816026b19818f570e5b3dbef62f4,now; at present
1fdda0c4dd095895a4247f77a583466c,so; in this manner
b03c738e31b488cda35171778bf5b88c,as written
751733e4b96ee589da7c83e58ce7509f,came to pass
f13974a96948f1ccadf554c98a035bad,hence
0e9ca93ee5aa141dd5a3b380dc47ecc4,among these
86101d67fc94a86d69004a0f6882924a,henceforth
1bdc36c0ddc1207893f03b8cf1926324,hereby
f9d233bd91202c5f8eb6e17215e77303,consequently
e1bff05e37cd630f29ee4930a8ef8506,swine; hog; pig
821f97f4b76255142753a7b160e77afd,revoke; recall
d4192d77ea0e14c40efe4dc9f08fdfb8,denomination
89cab114aff61e28530067c8c876103a,send for
5bdf4367087977a32481e9d11c6efcba,cite; calling
5daefd2c27a11e62db8a14b7111e3092,fence; palisade
c7f0cb580e97281c35ea676eab392f97,pigsty
d8ab4d7c4a110642959966355b7fba50,wharfage
d199e71250a2af87fa7c2128fcd93a5a,paddy variety
3a977af110b71c3b82ab5f121828b104,rheumatic remedy
615b0bc514c925ea3444c5fb3e69ad62,bristle
ca2613c72cae2ffd700f8e98f0f5263d,pork; brawn
b8ca177f5d6b252b87d004bb656282c8,bacon; ham
74a5dd4dcf98ad8736286cc0b601efb6,pig's blood
e54f0f6c95f9f9bd43ea0e266b0ef4ca,take off
a1b8df531ad4fd532cfad6707d712b1c,pig's fat
ece8e3803fb3b8e5e081f3c90abea858,acorn
662980d771f777b130dc77875ee53c55,make fast
49ed63c459427ba6194500b0c180094a,outlaw; proscribe
640c80b9dc8c48502873f1a46389de5e,wood trap
3be22b2bd894924da0c0ee7b9e48cce7,absent minded
4c70e574b11221935834d65f9d3b9ebd,disappoint
c27f12c76f4b1f394d89eae9ac7f3a5c,parade
0271d226f941c9de9faee3caaeceb98d,abandon; discard
e90c666685f70542252a75dd5d327701,toss; fling
c3456cfb8cd87971de29fce793403ae8,kill by stoning
cdcbb261bf3ef1aff02b1c545745a5cc,irradiate; illumine
fc08187feb2ebb1e317527feaa5bc39e,disorderly
8c8fa00e9cc080fe7d8a08974c7c5299,hurl
ac7b0c0111fb0cae60b1a551776059ce,rain shower
c7a9366856ad389376418a7ff792b465,disordered
068c5b760d7a143fa7a167a3932e6135,symphony; harmony
00f6a7388ea29ee3674eaeec4070c177,showery weather
8aaab33740413527c3d6f2be39c6ed2c,opportunity
0eef0133ed121d0696f9200287989269,call all day
522449f750ab661f9ecddbc7ad9d10e3,strive; try
ce7b55297be4e48bceb413aeb4b9f67f,ashes; cinders
a0e389e0481767f97b64d291cea75bc6,fender
e6e138820f4dd9a7318d235f45510a93,burn to ashes
ca50000a180a293de0b27acb67a695cb,grey
9d9a2c5c82df819f95a2968f8eed88e8,striving
48ab8c84a70177de010a19cc50f4c05a,row upstream
b53d0a1ce1a029d05a1add1390e7756b,row downstream
f2e43cffed52e6e075852ba29e9fddba,amnesty; salvation
cfc32fcfa5b783e6ce45d72447801e94,saviour; deliverer
5a228f05d9e056f1991c54251d6bf27f,ferry boat
7243f8be75253afbadf7477867021f8b,delay
607b26aa7f559ded98a26f0f2e55c49d,venial; excusable
ecf4c535265a47c7c5efd959949c4ad5,groan; moan
e9f9d1616153fe7340bded31b2f956f7,relapse
55dca40feff44ca5b75e688c63f2e18c,sedate; composure
95cc6b4ac5abdeadc74b73a8ba7200d9,club
0dc921445e68f0b862ccf6061b1217b7,no dissent
f263d1b8473aed8e39339b0e2465295a,tie round neck
30b8e57689d8dd9988df2d5d6a3bb611,collar; necklace
dbec5acd2e25dee71a6d53737d38adb0,redden
6ac17b0c2dbe6ea9d317bccf3e230ae1,light brown
45d8998621e5ba858d03afd32078a6b0,vermilion; scarlet
0768bb55fb2f37d9dd79a55bde255c28,chestnut colour
8357998ba00bdfe3e5b0c4e50987f66f,bay colour; reddish
8e0343bfe5f2954c763a1e16ad740cf3,flaming red; scarlet
e1f160a20c936db5c3aa4cf644735aaf,do quickly
bd8a880bd92254974e46375fed38ca24,trap kill
c1f0e0599f6a172455da11e8f1a35ee2,sudden; promptly
2392f6d3d7bb3934dcb38833336f5d6d,instantaneous
b4b5a44cb55ea8d3a170064bf2a31764,sudden death
83a1391c7ad03f32aaa9ad70d81f66ec,sultry
fd8f05918783a04fd6ed267b84a952bc,perspire; sweat
cbb859fedf3cf3245f8f7ac76c5c8ab4,grave digger
6f46338a096443f3250b56d58d4c0c48,hooluk monkey
1439dc7b2b06b6a0a55673a0d1e8d901,parrot; parakeet
0765b23a9c1503247f5ee5b2cea4734a,kith and kin
180a531d0512d929b627108ecea52b78,fratricide
ddc0e1fbf20667aa996aaf0c5e1b3593,nephew; younger brother
3a5b769dc76fc70d675150cec4c4fac5,fraternal
b3da3f7e29c3ba96262f98bd44c7c93b,younger sister
f658769749e0a9e6a006aaaa52a4b1c0,my will
7c967db22db76642ed43d60cc4aa9f49,I myself
90c1ed5cf32df9fa442abb0f7f6b9399,unable
f701f495e45d089aa41983aaa1e7e653,I think
f6726ed7cfa8a02e11580fe764d4cc7d,appears to me
1a0cc7af2b15b9df4f84ae7b2ba1947b,would die
d0346184935312ac8d540627ccef02a1,take upon myself
4cec8f2262d8fe9cbe3f2006980f2d0a,son; niece; nephew
deb6f7c55e3c06082be8003ea1ec0c8c,daughter; niece; nephew
f656561695f091d0110132eb445dc5a6,methinks
5d75e8cfdce258148ec35f7ffe1d2a4d,own choice
9fbed419bb375b46d41af7ab5923b386,rampant; verdant
3bc2810e33d2c5176e69611b15d8c6e8,home-made
523cb1f1cd9671835df8041c998f8c65,local; our village
b774b1d22f18f15e8cfcd5772af89e37,village custom
e5ef3bda7cb8ac94c92bcb8f987eae05,countryman; villager
4bad873d70355334e1aee9079bb546c9,neighbourhood
3aa0f8d2ed4d66f0f44a08593af7dc39,ourselves
0b3b97fa66886c5688ee4ae80ec0c3c2,us
f1ecf96ada1334b9e113ef1714987189,hopes blasted
3f7a0ebe719aa40ba5bf5ba42a52d988,our; ours
fa55105f56fdd3781663e2a1be64e91c,on our side
514b41c2b02ef928b74bfa5d8f49c556,my; mine
30fe61944e1cdd4b81145d87ae2de708,alas
24cf79457d4fbafedaddb64ce6d7a091,almighty
df273cc94f7e2e5f7fd62d302330494f,may I go
ee46fb88147bb39cc8af87e00d5805d4,endure; withstand; patient
831996cebc6c9bf7687e922c3437be69,passive
6cfc9cd4fcc3805ab12d4c25e168da3d,in all patience
ed0cd31ba03f9dc7b078180880938bc8,tolerate; suffer; allow
5ff57a8a65ef788b48c26ad3196e35a6,long suffering; patience
91cb9b48f9c99d1051ae88594aa7775f,sufferable
79b6f7b5c160ed36310e762c690b2339,to grind
0505c8383fd19e8fd720a777738a57a1,jew
0b50fd7af50cf96790053188e9420f71,that is so
cd419eaeeb1b1e72a982b42a32de402b,sensation; feeling
ef508dae3d1c1291b6ed965b3d401839,desires; wants
f011fbc015b63ff4e8b1d2f31d6adbde,cramp
4e62779935821a9438920113d8ed9084,cackle
f64fac6852939231ee1d765aefe6ba36,plight; luck; fortune
40af42dc9fe23f6d2254ede2f2eef79c,unfortunate
d8d9ee2a7eb52566174f7b4631e68844,well-being; welfare; fortunate
85c79f3ad07bd99188c14cd63df9ee1e,fortunately
dc8ab72fb343caa7ad8f54cf7e160ffd,unfortunately
b89749505e144b564adfe3ea8fc394aa,raspberry
d75fc2c24fb3a17f4814c4060f4a0713,mirror; glass
9fcd74e3797682afb60a9bb343a226f9,pane of glass
fdcc49b993825dccc85d3b5a8223c8e8,thorn; prickle
34b76e7dde9e7e4b9a124d9a80f56fae,thorny
eb5c6138b4b5713deab289f205370966,bramble; brier; hawthorn
fb5e6978b1be5a4c7e92ee79f8d26ff2,although; but; still
cd2765a7218b6ebd857e6e8458bc8c13,pomegranate
e0851d616635cd080682df9543dfdc7b,trite; stale; old
c09a4400c3ac086004613ee13460d78f,common; simple; old
705ec6b2d45356204af04b1dcd189b67,definite; certain; actual
4faaea051c11db398d9aec7fd3d54c28,plainly; certainly; surely
a2f15bcf6fd5326c8d2c8960de1406c7,to be sure
78f1705e169281e8276663564b82e8c6,positive; unquestionable
bd2251bf09bc0968240a531ca25065bc,assuredly; decidedly
ba0b4411a5b8e22caedcbfa565c7c4fd,bemoan; cry; lament
90bf9c4750a021ef64a359b21046eb85,weeper
16c07a4f1d48175a2fbf725c0b35c3f4,white; hoar
2778eb440458219f896901f1a4dd73df,white beans
c1cb7c53bfd3fca053494967faf61d3f,whiteness
13800140767e5eb05d656ec66cb5eedb,cut off; separate; sever
63ff36be3fb6cafaa1e672952078a4fc,poverty; indigence; penury
44eb74015ef46ce14374b97dfee327bc,needy; indigent; poor
21c0ffe4e9f12a3424e15277b7c40562,beggary
26e3bf857f34b3cc6aead485936df7d9,poor people
3f826716e9a0f32c7fc118a24ae631b1,moon; month
88f300bfc3ae4e78bdd961dc7c5ea363,famished; starved
daef53d1a826ae84666a3c3b43fb2fb1,almanack; calendar
708638881f3bac9d9c8c742c79502811,monthly
4aeebd4aa1cedd190731299c3810a5db,quarterly
8e4b8ddfa77a3ee13264d11693f14fc1,one month
66e21934efe5e8b1e1639cef90398f79,on the 1st instant
8986cf111a6b8fc98dbf05ad4ab45c83,untimely
1d9c9838afe3b7bfa7c5377b81d26e3f,luminary
52d8ff47e9081860ed7db5ba826a8ff2,lunar
a736848d70d5e7bc86f64e804e175c85,which; that
ea0aaa8b4128cc6ec2466b54e55e1763,nip; pinch
c462bef7c5f686e1b7a91c6b3c96629f,clip; shear
653e0ed7cd3912fcda85a42a6a107243,aborigines
3741740c86462769bc586eb368c3799e,respective
58cef7da2e91639af281b0a178b14e2c,whatever; every
4a9e1505d153b5f84f1fc299d784d508,offer help; volunteer
ed7ff5a51faa4645712068aaace4926b,giddy; fearful
eeb95c7af133e995389576c1db369185,trust; faith
e0d30cef5c6139275b58b525001b413c,certificate
04fa4ec66095ad73de1762380d7685f1,panic-struck
47d530de18cd5f68d7ad8230a53ad297,torpid; numb
d773599f3267284ba63921979999445e,maul
35b04c7ab4c50ba6ab77692ad7abd6b7,oblation; offering; gift
ed59b5db0052f0f5306ed4b41d82de12,hand up
e6e33e9146e4ff1489a4471f53ae4a5e,something; any
3c3746716d911772aab50bedbb3cbd20,whoever; any one
9171fb9fc1eab2d3a8fee3aea5ab96ec,swerve; shun
02c86cc535151887678873a6d0a3c347,whence
bf53fff95fc0321318b4012c7d5ab412,black beans
304feef4a9402e9b4228cb88bae9fa7d,wherever
164165848f39b8b13625610bcd281874,virtue; virtuous
37e50746b5dc36039cbdde4a656afc87,deceive; defraud; cheat
8515c15cf5fd4edf131814796b46320a,knave; cheat; swindler
66a283426cf358d7f34dfecc5716a47e,untruth; deceit
237a473a1b80646f8458861516c20479,which; who
8ac24d7715f696804e0f880f54ee86e3,whom
1123c0b8b999c5c5c26f6caaf90ef780,whose
33c5a7de5c73e2a25a55009a06e23aff,put to bed
220c0905d10e91f301b5175da3595718,send things
a81da12b5fce19bb5ec33a93788f6926,enact
313f9206653e172c7717bb7333a0df26,whereabouts
616f24e360eaa4af8c8cdf4c58bf82a4,take outside
0de96921e7c143c57d250536c04be8c9,creditor
b78802ed40a13b18c227b8c107e85d84,enlighten
0e9a9a8b1cba6908a8b4d4abb1f3f355,monitor; teacher
3904502b09e966fa2faeeb65826e0f81,on what day
8cb49eea03d35a8e8615e857e2bc7d6a,specify; mention; indicate
d7c68a880928cb4fec22be8a0c24ef2d,from whence
741a02b899bf107859f2a08d68d0a773,indicate; point out
4e3e434bd9397fb13ae329f20dc7c9e0,inter; bury
127c5096b5477bc95cae3e9dd775bb1b,send to a place
b89c547e667895cfa201ca70337e2781,costume; clothes
07dd7aedef82d43f0847fdc4c9003fea,swathe; cover up
61b3a8faa9c1091806675c230a9abe64,train
ab9189ed60fa3261cdeb427f30c38f9b,needle-work
1ed30ea5a58abe625de6d70236ed6749,washerman; dhobi
56aad38e956218f5cd12094436b56214,dress; clothe
71088aae09e3fda54ff5f478e6e17cdc,undress; strip
db21ae7d732e6c559bb86aeb1b352289,mercer
335ba3a3b2fb96f4d364f48a72436535,without clothes
9ab8174a9aac41bf5491d922ff54d2d4,undisguised person
9ccee4a1fcbeb21bf0fc04bed31a142f,fuller
667da1fab040821fef38fb90b850c71a,naked; nakedness
e1c8ac3399a2883e0155182f72205fcd,wardrobe
ad82e95a9c7482cf33cfe59a30ea4060,camp
1a3fe86e2b841d86ab8aaecd2e581a0c,pitch a tent
941d0974643b28c5fb7c08c4fe7c353e,tent pole
ecaefd17572adba458247e997275b5d8,bombast
cdd71b3f00936cf0e9fbcdef034d6d2a,smart; sore; painful
283819ef1fc4fe7f9d79daf89cb5eb38,sorely; painfully
bdf9fce69f0dfb0966860f0b57ce5757,time of suffering
cf96aa9b3e47212d99816b53b3695d47,anodyne
9439c86d638b64c2ee51f36aa57cf0dd,elevate; lofty; high
5b9a26b18b13d27ca51db95261d3e858,mark; spot
1fc2245403c68adce7aace2092ea1279,much; plenty
4a32de1d58d823e60cc069b4ca14f3c9,abnormal number
20aa756589591e9f712f6cc75bb77c9c,great deal; majority
dd6ee5233f52fca143e272d910d0dd8f,mainly
6f82b7849f362c4ff753d3b69f6e2544,abound
35129a9245fd8dacde0daf975d61d700,unwell; ill; sick
7ffc3f8159329a48f2737d2f02a561e3,patient; invalid
36ece791cbbe28d24ac0829b58ccdc13,medicinal
a2122c5139dca3a94b7df9229c972c94,physic; medicine
bf4e28785ab0560951dd0766f8059c4a,pharmacy
fba46cebbcb57a09c7367354ad514ac9,lotion
4743156e04ea637dcd3664aa1a85b71f,regimen
d1f5aca189320e15df6ad94415749045,surgery; dispensary
78aea77488e3b5bdd540e149799073a2,store; sum; pile
122cdf873b36f001124f41767c71bce4,meeting; rendezvous
b95c40be519d8d8b6fd74c2ab06393c7,member of assembly
a22ad48298bd8d62e29df5b7bfd65183,put; keep; set
937450992b3bdbc843a79cbe74d05273,kill by throwing
d80e1f06f376af5dc083cb505f9d41a4,expel; expunge; separate
54c9133ddcab96eb5d7e8fa5d015a8f6,prodigious; huge; large
867b00757d7abda9d615a1a9b7074370,spread; pawn; pledge
857359ca1435fed33e7a0d42652db6b7,give up; refuse
c0c9d43626285c083fdc3413aa5cf082,seeth; boil; cook
c09d2644aa265a0b675c380b14fe0922,gorgeous
902481048305e8dcbb37e263979f664c,munificent; charitable
eeb5777ea0f6ee22e8bc44303799ba9f,chestnut
d0fd04e83a0063345dbfdb5769b6e853,bountiful
5bf65a5c7cb578fff231877f9af513f6,restrain
6cecde522b1c63c057ebc10be482e5d8,give up; reject; apostate
168662b6893970c7b44dadb91be4bbee,backslider; apostate; renegade
774c92264f5bf9acb537bd07c0697c6d,fine weather; sunshine
3ffb80f99ce648cd7769a71e0107b2cd,shine; bright
03631fd14fee5cedd93050cc4f872673,word; statement; say
57c26e520599c7febe7cf9c225036477,blinded by sun
4d423d57ec0e71198c53b4e7c7222a79,teller; spokesman
a9a26da895d57140f68ce5bd02cc4041,ductile
febdd09e1ddddffa118350ee55408e63,take advice
4247e0ea0112becaf6cf349d7cc77e99,stretch; spread out
abd7d30e03447ba03561fbe55329299a,veil; curtain
6e91735f437ce5d25a62f82c102b2ed2,buzzing flies; bees
7739830a4af0995173cda82e67bd3955,reap; mow; saw
b353146fdf99cddaf834354d69de0f74,brazier
cad737c227d8153fe00e90b83b6bc2cb,whimper
e2d45d57c7e2941b65c6ccd64af4223e,driver
c0bbc7ca358982a2f26e8007ad582550,bark for killing fish
03d5cfc23f7f3c8372392e702c3f465c,shine; light; radiance
4683f0733da36bc59ab222a7cd836b5e,cast; throw; toss
995550a50fa39076d41811df359f73cc,forsake
50351d03e2fd1d203c2f1f9101e35c08,relinquish; renounce
5f5dad0532c7f869a7aeb9c09913368c,just try
983f157d9e9078f062bce61d8591e30e,defence; forgiveness; salvation
6bd353d331dfcb3b2079560eef3579f7,steersman; rower
a23f4afd1312e110f222a6f041ef7a79,preserver; deliverer; saviour
69bf641721cb2f0f62aca1508d3e7cfc,bul-rush
6264a080a74d1486b359458675c53bfb,carmine; crimson; scarlet
0a960b4e79577a5586419548570c1ab2,boil without salt
a3dc09665265846864684cba78c62b22,reek
feb1d90bdbd2486a618a8320ef556d9c,break; transgress
02a13d725157a08db3864a8b9f4dfe0c,wreck
6af6b55a495fcb89e1042dfdad2853d7,one-third
b13b6d7d11988dc2a554083f55ad3396,depredation
6a74b8d1ac28b5a085d8e70ce3508e8b,sundry
5f2eecdc224735d429264cea0ee2587a,allow leave
ee8ded5830ddcda8287bd8d9a02d79e5,vacation
79d8e340812f9db0bbfa508beb319dea,holiday
c629298d660e3377ad1346fbdd477dc5,leave day; holiday
dab40204e0fe38666b6c20261e8c1ccb,dissolve; violate
760b230e49343989c71e511ce33d0f1a,violable
3338b93611000c12bea41bcd7e9ad8c1,retail
16d1ad9919790ffc1ed4bde98b8f1db9,namely; that is to say
ab266ad5c3a4a7bbcedebb44451e4a97,wet land paddy
f28c19a05c8651bfbfa1de45e623f1dd,bombast; swellings
3662e7e31734e0f0066c3b7c0474f225,cut off; chip off
e94bddd4efeaa3c06533afe23c10c758,cut with sawing
7794ff18efb3951b763772f22d445903,loud call
6ea0b670b8d8b5cd64d5c331c2125913,call out to frighten
f0c068f4b15dcbf86b8cabc2a13f1987,wish for; desire; want
9ead030f63dc6c19cf20574c7467b550,veil; ward
030d798f350102e3f7ab04197e97c9bd,cheer
cc0d6e21c738e49ee3a1c3a9498a27cf,steam; fume; gas
32a44c5c02252785cc88654aa968bc3a,rupture; break; crack
68b25090c3a778316855fed074ed76f5,knock; cluck; tap
975dd42918232c1987e1fd4f27f51c1b,health; healthy
45ac816cb848b5f1ed60e718964ffa3a,dry; thin; lean
a6caec68da0de01267cb9a3540543136,warp
5c4e1aee3538fd6cca25e36c7381a6e7,ransack; search for
706a364206fb8d24f8b92bdcac40aa8c,gargle
c72e8ce88183ec3c3296d278b90436d7,pat; tap; strike; slap
b2bd2d889b2a28c06f0a482cd15852b6,inscribe; writing
a5ad18ae974d6f9e0ce201166c4b3b89,lie; story-teller; liar
7cb704fcc86bc5bb13c8c5f7e2dee680,soliloquy; mumble; mutter
6fb7cc338daaa1e427f50697e28e6476,handle lightly
8ece1342828686976b954a0632818893,urge; embolden; encourage
9ceda2b41b841ce80ccf92cd9010b30b,tug; twitch; knock
ab9b1eb20f34709ad28d199bfa90918f,repound rice
6ba1369a4135a18da4e20946e655f4a8,burnish; scrub; rub
2e0615abf0be79d684d4733f6066c96b,snuff; smell; sniff
c5e9e09e6366ebe277a3adff86185fe3,enjoin; commission; command
6767f5cda48efdfadbb9f7bfbad56ebb,settlement
00f62ace9987f57ae74b7f617311bc7d,complain; report; solicit
0be64212c85a85ba371d6992185656b0,complainant; plaintiff
1f4101bb6db90c550888d28ffcd88431,complaint
5317c95f55ea07b2be7015ee7fae2db2,sever; chop
9f8cc00aa1701e6f57c13d06f04bda7d,straight thrust
28c82a5f19d751f5cedb1a093f87c71e,stroke; kick
bddefe85cc590247317a7adf052c68c6,knock on ground; thump
70dc03d0b92d6e584e7185a4766bd7fb,jirk; tug; twitch
418950764a69e766c29ecd9079eed55c,vibrate; shiver; tremble
34627551a910eb97fcac17836a2618b0,thirdly
b86994d511e2e32a72f4117055ad48dc,tuck
b7cd7f065c0583043886cea14972eada,stretch; ring; tiptoe
e655ff1798ad77daa072486cb3dd34bd,prosperity; prosperous
fdefdaa266db97f16c818532d058a1e6,hurry; speed; quickness
67e6ee06c57a04f74923c6d3dfe951c0,chuckle
6c645dfdd18a07503372f07000e10ff9,get together; gather
231d4a3409ae873b3521471f263af931,pile; shore
5e45d41167e4c2ddf23aa94f7a1a4872,climb; ascend; present
06b10be047fb6cd3c3dfc57927ed7363,transit; cross; pass
535776a5a7d077649d2207d4f6431f73,over-baked; crust; scab
f408317e9fbb972fa4e317635d91fe34,rainless; no rain
7969725eae4820959a56b01abd26f0b9,tie up; string together
f2f990f68492c267bd285d13e3e829b6,meaning
f36d42a66b135e4b246fc302a16379d3,construe; translate
657052515ad5912f8eebf6171d9d227c,without meaning
6743ea7759c298346fc2a6f711ec2d1b,synonym; synonymous
69033f19d53294c467d0fb7d3a4ad868,exposition
235b42d79f1b3c23f94ccb498cf52007,expositor
61979344b10aa88f68bcf83c7e019cb2,annotation
409f4c76a4e92ecb16cea04bf4a96ab0,untie; unbind; slacken
ec517ac9461ffa2c59ace86852ff78b0,restrict; close up
0d823158bddc581bbd6e4b673feba8bd,secondhand clothing
d73aa0db6202708ddc3771171acb641e,stop; prevent
5d4891b4d06a2dd38366891d12b4dfe2,grieve; suffer; dejected
ab511d4e113201f15d116a1bef03634f,tiresome
4caec07dbe4035972375d1facaae5409,stricken with grief
6f4e12a78e7af7151891fa68338d771e,affliction; disaster; tragedy
d3d11713b2d42961dd916b2d4ce33e72,suffering
1cfa09f569e6e46fdb55f050c29e151c,unwearied
ea247333e5561ff9b32e4893dc780180,involved in difficulties
79ef715a00fc4e23d05a713f8be10198,grief; misery
2add506adc4b4148c4f1a708fe4517d5,suffer grief
56d6e45f3014355a31f96800cc5f6d7f,sufferer
8d0fd63d7b01b64ca203d900ca48a38e,toilsome
7f748273e597b673699833fb56ed2b26,grievance; tale of sorrow
9daff1ffa5027bd906b1566a79a11889,snappish
ed496f7ca9ee57c2a3328ddfb1199246,munch
8c8f6cba813807686d267ff090335438,second rate
24b1df77ade95dbf656f654f352daf27,quake; vibrate; shiver
4b4fe3444eec708f106f4b3513da9f1c,shoot; grow
12d47b531a5a143d634d41047612c115,strife; squabble; quarrel
67c01918a17ba6c4bf3880097e099edd,sulkily; angrily
2fd6f93db3d89d56ed4b1baaae197766,untroubled
b3d9f948c25f13e79b70077f03a01794,sharpen; whet
203e6bc35253cc09fccaf35b615e705e,previously; prime; primary
5bf51b84b8d486a921272f9cdd0a58e2,brandish; restless
599a2295d5382473f5bd9443dda7c4ca,pound on floor
dd06f7cec2db43b1b95ee0a6424d02da,stir up
d623cf3f896f4181e54329ea0d1b7526,repel
31ba4c9ed71b525d2e6b6133e1c020cf,malaria; fever; ague
8d67e45433fcb01b551d0193ad5abcef,pay respect; venerate
8ed16bea00d3fb2b6a6e8c9d70d3630f,reverence
b588cf6d08857ebca43e8d05e693e73b,modesty; respect
8b9ad8ddea7ca6cd7bd970cdf61d9607,unbecoming; shameless
fcb0ef848fbac5970fb1ee0f59bc3a18,ungenteel; base; ashamed
1aa8a349000e74771b730b2ca87c626a,regard
aa0b366b6db5b1410a6fae8c1acf9710,indecently
028475556a08a467ac4b6fe9290808b1,harrow; make level
3daddecb6d122baa0159d79c520570e5,rinse out pots and pans
44a6368aad942042cea6efd56b589336,remove from one place
b1eb73a987afa63a6325d709a2445f3e,swimming of head; giddy
54a18c0e195591983a5b05de3ea8a67f,make a sign; beckon
c02e6b64483c6cff35f59d5c0a88468d,swing; wave; twirl
00df53ca2ddc4b5a1cc9bceeb339c3eb,restraint; stoppage; hindrance
f7a4c07625d14104c3e82ff6097097b2,obstructer
72409c7dd87b7ee9ea0abb0c3ad2b456,tolerance; sufferance; suffer
11156388f6f176d907a681d3496c13b2,unresisting
b2acb871069f71835dc3d42e2b7b3a30,sound; roar; voice
08702c8a7a4b33ed63735d35f0ad7e80,sewing; stitch
fa543cadcfcd909df31a770bf9484579,deprive; take
0b2918bce3f3f42f801f8f064afd9e08,fast; fasting
8f453a7968b37356f102c7da51a37489,starve to death
b8a21bfd6e7a83af1fd80fca00dff018,bring up to village
3c74402f2153d43ae4e20515986d35fd,ended; finished
e7da73e8537275ef2cb9dcc8ff1f375c,somewhere; wherever
e16d4d14ad828522c5341b01ec2cef15,evil spirits
892793788215937bd57611af42b64996,idolize
b42a339407758851a701b8ede1c3b6df,tree with white leaf
c8f1446834e9089510ac9b06334b1412,stagmoss
2e5b0783bdfcde231cde3a01cbdc457f,idolator; idolatry
b4c99a8d85d6e408caf7d9a66923dd7e,work with thumping sound
009e1647e33482b22b03be861da097c9,advantage; utility; useful
2fe7fe07de570783bbe026f3e2922d29,of use
abce559210520a84363debf70b713f36,answering the purpose
a9e4a3b5caf9c4d06dc6d8a6a58de962,serviceable; requisite; needful
365dcb95738cf43604336a964d1bc77b,wither; wasted
77e3960b0d2ba284cbc30dbbe523981b,bend; crooked
01b20641feedc065872a2adb4ff2b105,weaken; dry up
f510cb57ad9a56af743d328483a77b73,concaved
9de9e2d45ab6bcf148df62fcb2d72eb2,wane; weaken
730635cd6cb3b10deabcf7f123d32b14,swill; parched with thirst
c9341c652d0c1b1e8af230c7e9d9ea05,alight; perch on; fall off
683f9e32a19203434c6be37261ad8a84,facility; superficial; easy
d8aa4059e36166c543532730b045e636,sound; search
d6bb54d312d97f0c6e6a03973159ff57,superficial; easily
cac5bdba949edf53e76d9e10deeed26e,wield easily
098484a901924fb76d2481d55181da1c,palpable
788d98d45e9f52d8d8c92cd690fb4396,residence; tarry; abide
81b41b2fa6b4b1ffe296b87219257b5c,fat; stout
d20476af7962ce873075ade842f61fbe,sturdy; vigorous; vigour
058523035177dd004d31d8be251a7f3d,strongly
6b614a737ba77132c33e33f75bdfafe8,exert; exertion; feat
74940f588b3a6d67e6401869d35cb213,squeamish
3f71916d46f94f5ee51bcee817ad8fae,sop
101e979aef5e683e22bac86d7236ab8e,insane; frantic; mad; crazy
0fdc0df1881f35e29f5b75a1075bfe5e,read; peruse; perusal
4c029b1461d0a7f156512857a72c75f8,maniac; madman
aa158e784b9e02972750ee9e698b7298,prepare ribbons for baskets
385015365145d91ed2490730a7da5d21,charm; find out a sign
f7a3878c8f23f11a9008b9ff28b5cad8,mad house; asylum
44b1d53b31a993d4444564e4845a0a2d,aide-de-camp
81ab7729dbe89bf4b7abedc31fbd2963,give full amount
afb9e200304f98f9d0590efb011bc64e,ransack; rummage
28fe8d252962859ce41ef1fd46ed4cf9,look about and around
c1d6441a7bb17822edc88528b224ef83,weaving wood; press threads
69c9270cf77838caf14230ca052546c6,wipe; immolate; sweep; sacrifice
bfece6c97a288321fae7073a0731b55e,present a sacrifice
12aaccfb93095ed192e46dc9537320e7,hope; thought; intention; idea
0441eed5a7728533a95874fcf6e31738,suppose; consider; think; imagine
64cf379822378c014fe925d0f4d1875e,speak one's mind
eeed93f0d64f12e27ec8d6df952906ca,master of one's passions
31168275dcaac634489082b54c4c66d0,convert
8fdb60801e9d39a5286aa01dd1f4f4f3,woof
c1867b18a0fd8806dab3b66bc155fbd4,birth; nativity; beget
cfe73545919f604bea7147873e237879,from birth
b83c55987bcc16d9cf42087647203785,native country
c4b533028334a6994325fdffe3dfbaec,trip up; undermine
d9b7daf7cb66e4f10fc2d5975a014659,damp cloth
76b244723149cac44fda43766341f182,subterfuge; extenuate; palliate
b08cee1494a7dd0faa910031681e925f,disbelieve; deceive
a6de8a87474b56cfd7cf2018aac52e85,good; nice; well
917323de2a0ffbdf7371b2ec14f43689,catch; review; look for
ebc0ae3dd9c15ea30340b57ab8f998e7,ungenteel; discourteous
ff5cef1ef897374cfd086e7a75aa3d1f,nicely
44abe9632996a6be378a2f8c04817e6b,examination; examine
6cf77b21eb1a1ed5b71d222df6e77f5d,exhort
4f724a2f796d7e9ae703ef2cf13c7c3a,specious; plausible
118a5cb849a27825413e0c702309ec23,genteel; gentry
c2093641edb3780ff9c7af25ea159f6e,genteel people
eb0ba77b353a07e0d6356676263728c8,genteel conduct
c243be71fa8cda1e9ccf07339113ec11,break up; dismantle
26555ed07b3b2b7e6c08634234aed62d,kill with palm of hand
bad5083a615b428c6ce2d61956c16068,rinse; scour; cleanse; wash
47320819ab8ba3b0ad70d025494f72b0,overweight; make even; divorce
2f7339fcf5d74d1dffe92507f72da40b,filter; strain
ac08bcaf90c2efea4b6610a0100f8e8b,origin; cause
d5d3db1765287eef77d7927cc956f50a,title
49698bb32127e5a5d99fbadb9d7b578e,reveal; disclose; expose
ff0359266587deb2b1e81570ad412d83,openly
f0e56cbddb5f0d446b095f52d63c87af,carry; convey; sustain
2d9a7b38a049d4693d2008e4594357ee,hills and mountains
407e3b6b8b88aaf095f15efeb865efd6,horizon
c6cdd87873767f502e9fe2f6ff347f01,mountainous
c37d145bda1c9ca996d05d85f6616698,burden; load
1d4d137e055a72b20f558fa74a37cbc7,asleep; sleep; slumber
29af0fb65fb9f8e84fdba71852ae67ea,inscription; note
799855594adc0f2bd7302c69d3234b5a,schedule
35d84122945e1103d342a30e8abf66fc,no rest or sleep
762bf9a0fc087fbb4ba021a3cee6edaf,transcribe
8e2738fb0f2a76bc10f5d3fd0003a0bd,chapter; paragraph; verse
db671b3fade6078ef739026e047d3636,scribble; scrawl
e4df2675c0a824e85f7ec00f579ad809,note book
8fb92e021b0bd2f3a5c48c59aa996385,nib
cc1681e61a641db82e00cdadd74596e3,parchment
23aebcf37d7305dad43cd8668283e142,thimble
1ae9277af571bea5965d51da670f7a91,write with good nib
08310da80957228443ef64ee6ad8e9b9,valiant; brave; courageous
020be165a3e587d7c83cb489c3ec9923,epic
3f248cdd7f7b877bbc6e3b7c07931e61,abnormally clean person
c84c15a4c43c4764166284f1c6ef73ac,write with difficulty
c0aef1cfc0bde5b4a506ae8a859dc776,nib scratching; write everything
d96663aa8c4767819065d8512c8f93b8,blister; ferment
0c2f0a3bfded987aee9f1ae859d6010d,allude; allusion; adventurous
ed0b9b4aea8b97eb7ff26ae407d0f4a5,beg; solicit; solicitation
32160046a9c72711746c3b750e02e5cf,bailiff
6a5fc85fd0a891d814f2bb4f626cc77e,unedible fruit
4a55e87dd23e286d2e8711f8227308e4,fill; full
c580bedfe772e417eeb708f4e487cb6e,hatch; civet cat
fb676d9925d4f2ce3509cb2e61aa18d4,days before new moon
db48f69d1b9fd5bab023c8d878d53629,silent; silence
2bcb2667bd0df79109dd5b529cfdc406,quietly; silently
f9d7678380ddeb05f029f66eebb26de7,keep silence; sit still
ac58118b9fe3080fa1b5a5bfd82a3ffd,silently; softly
cf12fdf7daf00a4c9397b9d1670e644c,complicated; severe; serious
6b3ba925ea46d0cfc82b4a84444cc2b2,abstruse; hard; difficult
c57343ecf612d266925b25ee995f67d4,enshrine
ebd3e097113faefd1925035941e048f0,put on
3d6e42e3d28f98c1e38c354aa6a614ff,constitute; construct; do; make
8ade16302310abce011e9f68d7481a04,be hot; pungent; heat
8da93470b02cafabbcf6a506849e63a2,maker; performer; operator
aab07286ea1c3bae4209ae13b0ffa86a,trait; usage; way; conduct
b7afc9f25b79df3de63e749f5f82d518,make; trial; test
abe8d54ad44ae1a4476c22fc97bdae26,panegyric; panegyrist
5c290469aecfa782c914823e2e5ccb32,vicious
f90c073e914d8bc9f35a8bdb6565aebf,put into; pour into
070a0111210ce6e9f9275f8e88c6eec3,prolix; prolixity; tallness
9a1cee31ad5f568e336ed7feacefce91,tall; long
45b68e8db69eb0e36dd23e520b3cebc7,occupation; work; deed
ce26f18c7327e4b89ada610dee8c99af,old man; aged
b482e3b253b0bf6963a18b5ec534b661,old men and women
7a49a863680b0191271b691bc6945032,chillies
b3f952d5d9adea6f63bee9d4c6fceeaa,pepper
5d92f8562dc6d24244f0418fe1ab3d3e,pungency
6954716755d50b0b61af8c73d1f88096,strait; short; brief
e620373db38dd6addbdcb221ad28f1f5,narrowly; in short
f4070465be8e026dc9987f1d069b9dbf,tabular; summary
e0e0bba1fe9be30e3d0355eb5857819e,abbreviation; abridgment; brevity
bc31fc693c24f4aa0bf13dcf0fbfb1e8,compendium
a80da1282f2c775bbc5f2c92c836968b,summary
6fe900a6785d091e0da5e659f6cb6f13,awhile
6b4c6002e7d7718e626dca345e54a2b6,slight information
4d3b2b4b063b4e4ae9cc04579c253c99,nap
ee5215c55dc2525dc1cafed8cbea7a62,watch a moment
54efbf6f980abe8db9072235546ba0b5,eat; eater
540d9230fd801523e3bcf95243c3c00a,inclination; bending; strap
6067891eadc43d2cf1d6520dabe67a26,subsistence; support; food
9002eff2b9f04a05f3037ebd4a32fe6b,purvey; buy food
81e17b6a94d01b526055dd74e4e72d0d,without food
2d7fede046a89a0c09bf13c7c6cc31d9,tavern; inn; restaurant
c126699ca66e77a87d7f87652c668bca,petticoat; waist; skirt
de3b8eac40dea15ae4f62e554c5a133f,choke; climb; swell; stifle
e2ccc1eb2ede315734c2752fac675771,pamper
e408073a485e34b407b1bb3b5f43b6a3,raiment; drapery; apparel; clothing
87670542f8e25c1ddd2ad73a292e87b2,menstruation; menses
19307b08f06f2cc9dcbfefef9013e8aa,smite; thrash; beat; strike
dfad46f75bbcccd0fc9c5b285eba22df,have enough; sufficient
90a3a4306600eb4a2fea51ec3f265e93,hearing; thickness; listen
62b30a03af949d73bd81eab00adf2119,thick; crab louse
c7a3b18af28d2b964c247e94a9cd5d37,hearer
2a45a91d039693c9fb96a16030a13c5e,enumerate
30bccac5b82aba1f2bda7c9c56d1031c,notch; waist
518808f5143b3b6e4c9d6d06aa65651b,enrich; wealthy
ac0d44dbbcbbd1244e9005b5baebdd75,nobleman; richman; rich; affluent
cf46bc9ebe7be50d11c9607988e9351e,the rich; people of fortune
b39d00d045566d701677e8870d82d185,forbid; prohibit; taboo
f77445d647e1ae6280d66c2ca744fe48,cut wood
3d051e3c4a89d114cbee296963ec0cc4,tidings; news
399d2e49a11f6dcfe8b84602ca684c07,gnaw; chew; masticate
7da452c657f3154626c34cafe14bb9bd,plum; damson
1ba62d6022f09b214691dbd117cb9e90,good and bad
8bbca528c8ac6dc99de382a70fde4453,criticise
7e85bcb66fb9a809d5ab4f62a8b8bea8,critical
6c5eadbfcc70ec0703db9452d7c493ba,fare bad or ill
3baa10217a4d10296978ab8a3ccb8b3e,trundle
091ca05fd1d391ca5bdd405510e9287e,sweetness; sweet
81ac6ee6b7a65333f04dfadc3e9adc19,destruction; loss; ruin; perish
8f40efe98e30b8fdd6caab33c7dcd0ad,loser; destroyer
c626adeef06c637f0cfc113b0276775f,eternity; eternal
fceda874f9f4b167fe735ff082e93e8d,repay; restitution; substitution
285a80e743f2233c64daee288717fa19,indemnity; proctor; officer; steward
f5d1e93268cc3d68903beb5827c6b53e,spar; spur; thump
e8b95ca63a9b9d2dda5861946bfebb20,small bird; sparrow
dbe778bcd20d0d9b1bba135d2a4c350e,send from place
9c459dfd701e6d8216ee41c6b085c27f,turn; wring; splice; wind
793f21ef9e270c7a7a390130e4d1605c,grudge; grudgingly; illiberal
4e82e7a17d174f5185d901f6d3fcb9cf,despatch; send
fa6beceae52e3f9cbfd521485016b2e2,rafters
13621569c04c27dde4aa00c3ef3ddbac,tunnel
469d7052052926b240f2e635ff46d518,issue; produce; occasion; occur
f51cb06e5eb39aaf752f075058dfdcbd,go to all places; into village
fd89784e59c72499525556f80289b2c7,production
f9d8fba7046233752e473a7a13ee6b4a,ensue
2ce20861cdd6ea57fa2695ceb2e17ba4,transplant
f9fbbb4b22943bc6ebfaadf22a843e01,small birds in August
80de939d0923941568c0e6946d1237c0,shoot; anthill
0deb3121d704479e433e2efe9cb48e83,forfeit
81701efca9590cc9403b40a41898b4d8,condemn; punish; penalty
8531d1d7236a7f921ceb5cb7df654888,judgment; verdict; sentence
e5fb0d182d82c9ffc305a901aa72ca2d,penal
5ec94b2594e85d54f48ab150381b2b8e,reprieve
e04ba32c56abe8716dfa1048d25c597e,not possible
591e814ce18a98f96276c96bd851d5ed,putrid; mortified; putrefy
95509648f0e2761d1e2816f005d228a2,kill in hole
1927383211e244144812d8a1f034f89a,thunderstruck; startled; aghast
e189f0011f00a1addd2b00c6fad045ae,interjection
a9110cd72cb332344e46c710cf40eced,owe; borrow
4c7ac9a824b1c239a2bcd25ec4238058,debtor
796d2c8db1f52833deb4665faf518f07,solvency
fe2d75dd110ef0a5241a678a83bb30d4,indebted
48fbbe740271ebf27e58f46b96dbcde9,barren woman; orphan girl
e430dfaf6180c7f3723771a2ef1507ba,wipe out
4a289da3858bc1a61e7ef085e96d19a1,brush; duster
4a1a67869b90e7c7bb53091375ecb921,emery cloth
29e62e65f8bbc70ec5525c49fd9edee8,bleak; cold; frigid
eef438f7e448aa48c1f8db568d27b591,temperature
b6a657fe9f0e8ae3a4377666fee0c870,thermometer
2abf7d900c9dfe00c8a7a583d0727f38,climate; weather
5ff11b287fd31b3bbca94f02b7e12647,keen-scented
1b6d784d7353d58013acaaeadffa0563,lay hold; handle; hold
a403f79916fa151cdcc745626e69fed2,holder
cb9c809a2e89305af286e8834ecbd82f,benediction; blessing; commend
e75d1e38e82d89d355a215989c7b85c7,woo; entice; tempt
0cdb9243289bee057f0f206803e14c7c,thorn; spines; prickles
670269238e2bf9cf4a770a743b7d8223,tempter
aa8c4a6d5fea8b129fee095912ceb577,expostulate
06b15d3af713e318d123274a98d70bc9,sip
2f18040cc1d3a0732a3af984fd815d72,under influence; listen to temptation
155ab04009c1e65ccce1cb85dfd3d4f0,make amends
a8ec3882e38260d1ca0f31839c52b0db,cut down with axe
bac035d1c26114427b72e81bfbbe1068,late; remainder; remains
d5d279da232034d7025275614bac8075,learn; take measure
d78b6f30225cdc811adfe8d4e7c9fd34,hack
a53fd896826e4dd81c4390c05d163924,hack into pieces
845c5c73f0ed1cd33befc290a5feec50,abate; alight; fall; descend
6fdc4e98c854900b744dcee045725bf6,go to village north
6390c8afade3995bac004219a3adaf7d,terse; neat; clean
ff3f6a193d65709c4db6487202608586,far; distant
df5bb0abe1c87f3b2bf26c662ed75cc8,estrange; put away
1ffa0d66df7d5611cce8a28ba282164b,other; beside; wrap
aa4cc04592855c490bd883908ab75e79,embezzle
29585c700c8d0be16c6b0a24d8c9d0bc,refer
d5631ce68cf61dd4cb5cf6c73e2734d3,monopolize; monopoly
b8af13ea9c8fe890c9979a1fa8dbde22,reference
cde1cdf7d0d56035e3f24164cd59f4b5,unattended
38384c1b7c5597415dcb80f12b44bb9d,officiate
3e3b3c43a2513f809772497580230807,petty; vulgar; small
f79d3ff447fe2b5cec086b35523e0c6d,little; partly
73974fbdde322f631ef69f0f1988334e,diminutive; several; small
3476a843ce458bf61565ba6db91c2e59,just a little; in part
521e2949f3b2a1ca1bfc1076a9275dfa,smatterer
5b8a71274bb372d289f9457aadc01a03,paucity
8143d0511e3472852a9f025e6aa0766c,littleness
d190af906fa4f8d695b414ef953dc0a9,hunger; hungry
44d5e5382f6aac2e662210dadf0cc2b7,poor and hungry people
fb42909e7299c4d432aa3377acfca3e7,kill by kicking
2fc7fb639eb043cdb6ba249e44f8b391,observer; witness
f00e8513bbbe29899d233890dd1df069,pure; lucid; parity
8712e24382e5c54d024e948614638976,clean; limpid; chaste; neat
99665201de0ee012a6c7a4daa86a51ff,clearness; clean
2f76283a74f17b05fa60b0eb652aef3e,laugh after tickled
7b625e057ac3bf4f71e922ec1d6e923e,semblance; similarity; resemble
182bc58ac12ec7714abebf711aad9e33,what about it?
edd21fe31ecb032b11ce1ae1a3f32b46,hasten; rapidity; speed; swift
5bd43e5a612bb6157e63d48173e5fa76,with speed
671b229988e56d0e14c182d509e71a02,how?
2748cac6603e0ddfb26d2404d4044d4f,lead; guide
81940bcb5d7813789dbe20c6ba306780,guide; leader
af6c9b4ffbd23035d4670a094d7cdacd,hang up; hang round waist
03814a17c19236ae24e726d97ed6cab7,by what means?
769ecee826beac9e50e038e6874de18b,sort; kind
6502d79197b2896747708250bc68cada,small bamboo species
2357cb3dab9174ccf5be3248ca978407,wisdom; wise; sensible; conscious
eda064ae29b44e945de5f697fd0c813d,sense; intelligence; genius; skill
ca70b8bec3fa4b2d26a34d8e3993b04b,intelligent; clever; learned; acute
56a66bd4aecf01149594d884c7111fc7,persons of talent
a931202e701677274311a3d8f28f74de,masterly; cleverly; knowingly
6954a34affbdebede2ca517a2385e4ab,dexterous
cfaf278e8f522c72644cee2a753d2845,quack
781a230020f8bf9b616608856f66d08f,tuition
3f9cd3c7b11eb1bae99dddb3d05da3c5,professor
ece223131b50dc5f1c465d326a02e244,rudiment
ef7bfbd6edae9bfffb0126127d8a8501,pickle; souse
e11c1e356a36155ea70bd94f81a9066f,death; decease; deathly
f702f41212857897343f294227c7f32b,relic; the dead
ec18aded60a5feefa1bdd2df45e3bf9c,biographer
44cc6fb4b0fb30a2ae1e8f1b9a35921d,winding sheet; pall; shroud
f92be1f6cd9fa7cea987e9d5680546ff,embalm
82a0336334a8bed6540d1f4bf89f34e0,burning ghat
4de2bb54cf7904af010c13ec0f45d5ca,uninterested witness
cdcd267dd9829fbb9070142d231d16b0,immortal
4e8b80152579d06090f46142cb22487d,secure a true witness
b231c792c0a980167c840235ac8bfdfd,take poison
b246a0c7f6e0399ec66e8cd9ac59c443,virulent
210b1a40cf66ae46559225adc041de7d,venomous
863cb36cac299bfa286f33fad3d362f8,quiver; tremble; shudder
d1e9a4c7192129f480eaef4406acd088,trembling; tremor
dca8048973cb90a5d5ed9dea9c011fe1,antidote
f555acf5d10a43d9867b2c5228937e50,obsequies
c518790e0463f2b7db28d50df8dd6c4e,jog
4d3196a756c310d6fe18e886a0290fc0,go off; depart; go away; grow
def1a76b49624fb35de4754afc8b4636,depth; profound; momentous
9010f5324a95075ef15d7428d9d13c1a,deeply
3638e370cdfce7dca70e03e87530de70,plumb
de740b1e535485c6014425dda033a420,keeps a thing secret
66f1f45439ed1cb1deb38ec293647bb3,triple
f25822049f1c512511787c564e51e26b,triumvirate
01be236535c4b5b17396c4f333a60838,three fingers breadth
50df2bdff9f379333f4068a3f648edb2,thrice
770c03236ed3362c57bd2b4124714118,after three days
f32ab67a534e15f0949b5ea663dd5d95,tertian; every third day
43014b2004ad066eb8d8f897349fccce,Ukhrul section
279e2634beeb87cc45a0cdbe0bf1a200,sour; sourness; tartness
0e5c5afd062e9d9a490e7806716525a7,kill by pressure
bd999e21a72938d309b330d13ad0def9,mangle
2f34ff4217aa0be19a91a24b4dddbd40,thrust; pierce
2c308cebf509cd27afe35ee987083f38,rider
f675253c0cdd2b3cb70ecd7d51052600,take hold; seize; snatch
db08f15bb3fb7112f0ecda8361e9fc3a,be filled with
5ab7071e4d47415a1c8d89ebd9da033f,brackish; saltish
8687a601939243ba04c3594367b91182,how much; how many
c8c3e953d6aa6c62c72656c4cd54bf0a,how many times
ac5d6e6eae528ab07a37e5ff928d5db4,yard; piazza; compound
0893dad2ba62a0a9c3ef7ec8f86be080,mustard plant
01107324b9e775665384503e76978f3a,mustard seed
83773d104486f27d5af671f205f62968,compounds; open spaces
da560be79a979ba5180b40f0e61e54f5,out of doors; outside
8d18d0f8f8c34ffbe21a7e4848e25e55,walk outside
1fc4bf644f3796f626621cee72318cfe,get outside
47bfa9371d1c52f71d14d832ba2b4415,superficial
9a019ed22635f33ffa65ae8b60f0b14d,wicket
a2cc570e68c52a987a331eb8d0bac92e,spout; pour out
361c86b4d8bb6e8c827e0f9cc7268eb2,agile; nimble; brisk; active
3a22f7028e550c0c90e4455be795cc8e,cotton thread
add78f3201aec645e2994f95c957796c,twist thread; pack thread
6188b6933121ed5fa53995bdc472bf69,spin thread; spin cotton
5021319e8257efc0c1069966ec2b912a,spinner
43ddd1796117b1e1b3ac57e1a33a4622,skein
42541fe17c2a0831953b7c16ceab1acc,thread a needle
ce0eac42fa03e3aec67b8f11857c8380,keen; sharp
683076db2b58cbba66b287ccd2f1a97d,consist of; include; engage
d0b1eeb6975406181859ace793010834,go to villages east and west
6fe7c7e37779c587cfce190e5123f348,cost price
781d0635c391380bfda6b6665b125710,sap; resin
9f5497a2bc5524f5f02c41cd2d272178,trip; gait; pass; go
4194f230a97d8bdfa0de0bbd2c62541f,wood worm; maggot
f0f85453e6f37d109e9d0ce870c02f11,take a bad turn
b3502ef06b6d062240f56b79c1073f55,sickness; sickly
4ea60ac06cd24831478155f93871961b,sickening
c75a324c9796c1d55f51b1046a6c58f0,cause sickness
32cd8a556af1e066f7681ebf7ae73ea2,pestilence; epidemic; plague
db76fd968c15be7704b75ce9b663b01e,well; in health
d9f6e36eb6a2c0b69cd1e4c79cd46481,symptom
d384bb61abd47a6c8ccaf4b6ab1acc6b,stricken with incurable disease
120a033048dd482fa7a4c1d12c754fdd,javelin; lance; pike; spear
6550cf50a6105cccb39effd314bdac7a,spearman
aa740e63f583b7463cd7e3738117f183,dirk; small sword
25e2f8266c79b530b92b95315d0e5f15,dead who go to Kazeiram
0c11aa9d6fac545f9912cfbb5c5b7c39,next world; world of the dead
9a14553d3cf2e7561069bbb5dc5cac24,sunshine; fair weather
898b3e7b4aa03f785e63a1dab08d7841,want of rain; drought
1e2150418ce89124706e128e0b72a969,daybreak
cba424d11b909de9734b26dd0a51d493,heavy rain
71bb89f03177e8be9812d5c171ac29c9,vacuity; space; sky
3a03c5c7eadf1ec07aad0f2597d38a1a,heaven; paradise
5e69e9d7d235e95428ef65fbeaf36510,celestial; ethereal; heavenly
f9e1a56fc2e061553a0afbbc7d21cbc8,warning from heaven
d201a0c863df227b96cfc50a974f4b27,aggregate; collect; total
a6ccd830c9fa138cbafecbab6cdc2b08,with one consent
d88f2e88f976d6caa22536363c34f2d4,weir; water structure
908880209a64ea539ae8dc5fdb7e0a91,stock
37c45477df33a6176e9a664e8594f38e,crag
3f431adb6056ee068aebb7a403ea3782,stingy; sottish; covet
e10517bec7d218ea7368d18ee2b5ccef,goose; gander; swan
adbc04827c022de3697cb117dd72a1e3,step in
c9a84050dceff886377087a65938f93d,mole species
52be380cb4ade86b9a783952858db65a,beyond; other side of
61e7413cddb5db4ca95f0fbb8ce4e332,ball; football
eb8451579e3b83a99b350d0870502013,bat; hockey stick
c01f8a91ec29967e067ed7c6f40ceac8,hoist
fcba692ef6eb6ac59776c4f5331c6993,wheel-wright
46013b7213f9e3931b60b6395bb727a1,mosquito curtain
abb647c22e347e6b22e9e47823fc29e7,sledge
af2c97be6eda83fe61b6d645200c8bdb,creeper for leglets
7b09a8324bdad09d9c0c7212c4ba868c,withered up
7ce672d6a7bec6bf70643ef7b6a26cd6,rat species
584fec79cfd56c35e031fe0ec47a689a,across; go over; exhausted
3b94aaa27f6467057f576a6bf6a293ff,elude one's grasp
2896aafbd3b5b5835edea08d8e20c848,quilt; web; net
3738677206ca7b5cc17fc0060c580b95,summer; hot weather; warm
52343935cdec41890324acff7b5a01cd,black sesamum species
a80a81b2836bc54cc7fba27c3151ba25,suffice; sufficiency; sufficient
d7f3dc66b14b414c9bc30bafc4812e7c,fired
0605681860684955ae41ae5d6c7205ad,shoot up
27b893083c061d19f955dc61f244580d,kill with arrow or gun
f6c826278aa3864d7f612aeec492ae25,volley
3d587f1db53cb5f11a1d45d5a2ff1fc2,roof of mouth; palate
0783bda87eedfce54ec3d62f1b2c56df,palative
d77a37c2b77db818a699c30f80e96b3b,spider's web; cobweb
fb67521cf9736270f343c3d9f8bc73ca,work at cultivation
494dac0564bc55cc149bfa4af23d171f,trot
4a1d0897afcd1eee458745ceb2ce084c,rake; garden fork; pitchfork
47cb44be55a0dffa15dfc900a4c687be,trident
d5f697d237b3bcf51d221565e607809f,toddle
4dbfe57d9d60a4ccc5161aeef49b75fa,fire made of refuse
bcb4fd4e9fc404cd2db784d79493f35a,small bird species
34556ede948d5e885f85afc73d6d69bf,clamber up
8b392feb4f14edcb2b3833e37c1d4f0b,bank of water
cbad714caf19a59e106c3b110e29fd47,castor oil
c520404b12f7ffb0cad95e033b76f50b,citadel; city; town; capital
78334411752a973918263c04fa33c9ca,rustic; swain
59339a687455cd30ab40396aa3d7211e,take a city
9112fbe5b7505b1970f54b03ee463b57,suburbs
801c07d82d0bce07de9c57fedd87a46f,citizen
b20afa1ba2c415b9f4b4675eea5ce6bc,bazar; market
ed2a0d35be5022d2059d657fd8e7bd65,market price
2d4231e21d73799de23dc505588bb881,clerk; scribe; secretary
a9dc27ad9bc57b97090c484147b13649,forward in manner; immodest
a442b5469d33091d0d022b38181dd88f,kettle
2dc8fade6113a5842b82c4f1682660a4,three morning stars
663f4d93445a1db23ae96168f8319002,evanescent; disappear; vanish
fc16b4db0bff11bfe297f6f628d085ee,sulky; sullen; hold aloof
9c10cb62b404fdc776857d134c6c5457,inhospitable
34478ffed2155bd58aea0a6b7605a339,alien; foreigner
1ac0862a1bcf7edcce1b7065af783853,sojourner
fdaac8196dca8d73cf66008cb361fb51,strangers; foreigners; outsiders
7d76fd6569548b7963dcc4b2849649e4,outlandish; foreign
19c15948cb32ed563f63eed6aca55de3,west of Ukhrul section
2f9685898178371fc08abd08293a47d4,utter; utterly; completely
0a401960b98e9bc4f78d1b760508992e,Naga knife; dao
3d44ded6598244db32ed5ccd5c80c007,long saw-like backed fish
9d154dfdb31c6d75e70877f5d6f4746a,toad; frog
7b144da76ec35ea610fb70e1ddec381a,croak
914bfcc80a187ba56ff0007442adf1eb,have a cough
0c5ff2015c12325308613381659899ab,phlegmatic
6bbc2ee8fbbebcacc9f5054fc8e7ed2f,medicine for cough
160754c5d732c031954bb496975fbd28,shank of a dao
f60fbe02538f02b12bb12b981f1bcc82,fishing rod
b5fdfc6a47f926f486a3cd8972c85d52,wild tiger lily species
6a39d7e8f826350f845f1e4cf0690f01,whetstone; hone; strop
0a80bb44145c3f9ae84ec9fa2c7c9939,gill
2a34d272951180b678b6433c3bf5e918,knife; lancet; pen-knife
7029d951c21cc94158986237f6600b5d,large white fish
da3f17e6bfb485a4852c7e4898a30e7e,tree used as fuel
e09278fc449a6251647b0d110b322220,spawn
b31f3cdf59215388b15f13d9812d49bf,large fish; perch kind
7b68e23e98b85058db5143fc1739b13c,fisherman
285a45945ba93119ec14a4907257e494,fisher woman
91203c08c0ae536d175892caaebf1872,fish poison
8150531e26b8d627bacfd4e398ef5d81,thigh; dao handle
435d108fbca982ba3a7bdcdce085440d,thigh bone
d1cec72f2789fd732a29c7cd6f6cc5f6,fish-hook
83b1a588059ff7e208fd752e32c01555,kingfisher
05c65e32188505b67b9d8efbdcde2418,edible bean
7c5b1f5a80770a46514ed3a91b402dbc,blade of knife; dao blade
043ce9c1463de6a136f10fc2680be59a,small flat fish
25d8771427ba8ff4dadf1b90b6dfc9e7,expressed in words
adafb01fd70a3e52da01524fcff116eb,speechless
a4586298b6ac1de1bd675538ce03df9a,weak voice
102677b19d3facfa6f2dfdc99fe78da2,stertorous breathing
04fb53954cd7365481109b25effd21ba,petrified with fear
d5497f29e66e0d1c84b71cf261322785,rhetoric; speech
7ba06b4d31ce28f7848d2d988c5d0e24,rhetorician; eloquent
2ab33fba60c455b84a28728c3cea3af6,ready speaker; fluent speaker
2e7cf08d2eb2977988f108222ba54106,smother
11c779264b05bcfac4afa64da61ea468,inhale; inspire; inspiration
533c9a63366830f1391913a2b445602f,respire
886ad9f73388afe14f2fe4ba1884a2d6,red fox
ebfd10c29d906a65426382e52ff67237,cause friction
fd1ef1f5d4178003c60d55a155471f09,fasten; fix
803ff076222a6b9a4a6acc4a8108699d,self-acquired
460b7f1b743de5673f20659b121cd3a2,bigot
dd8e742a3cebfaf260c04960746c0b7b,self-defence
d4a1dd1a28503840144e8098dbf9e40f,untied
9bff8073ddbf12d0ba7cd55f6093f53b,chief; village chief
3944bae408ab6581aade8bfaf7302c7a,falcon; kite
2da4186322ff2c352b200fee7a937aef,trespass; transgression; error
7b84ce38b14074b9f13089442ee3d8f8,transgressor; offender; delinquent
173ab5d20b094d0619692707b5cb6be5,find fault
bc8fba5b68a7babc05ec51771bf6be21,crime
770fb5b51c753cee2cb7d460793382f3,redress
41dd4bb13058a0040c57baae65050137,more or less
bb7d765a633e165f643e692fca7f7034,situate; present; possess; own
3c34fdec42fdeaa6ae791ff38b48c81c,shortly; soon; by and by
9e2e7ae74c6d36417362ac4c3d71d45e,whole; everything
842e5a39b01fadaead6970f5ff5de1d5,physical
5db89e7472f81a4ea6b7a73f7c6729f1,swagger
45287b9a6f16121a9168059ee383ff97,snare; trap
72cb4f0ced583f1cb7dea2719cd8e80a,steal; rob; purloin
380379b7a4cd4cb1722f983c00bd7585,thief; robber; theft
8c00f87a1100e5d5dca5f5c9b558038c,transplant; set; plant
53dcfe2b29b1b0a3b741c2617ad1f429,spend; buy
6f0cc7edb4e4e828bb4e37be5b93e4c7,purchaser
5255c84d937b1323ab28c51839d5f051,watery; liquid
3950a4dc00d6778c76e5010a563dea1c,robe
a9b2a13e9aef229d077fd1b8405c80b0,ruffle
e2e6ec2004e0afc49ceedacf67bf7e76,chew the cud; digest; digestion
7a44d792b315df1867de58afbd1d21bd,scroll; roll
d35c101d2201aa1b6f6e9498f504f47e,warm; lenient; warmth; kindness
86ba2840c944a323f5505c2f2d47eb9d,lose one's way; go astray
23cd2aa295e53464b105c306bf0293dc,fumigate
e71bcf7f4cbfa714bff97c3d63742792,wash the hands
af7c76f98837b62ef8684a393e4d862a,daunt; chide; upbraid; scolding
2bbda43df80fbbf997c0686c34df366b,wind; colic; bile
c3f64c2c97b687e707d61f0ed8be9a29,vouch; prove; track; witness
672226aa8be8f808ea2508ec7b255c97,frigid; frozen; frost-bitten
86300dc370a5f302f804403a16b3db9e,triumphant; fortunate; lucky
e8a9fbe9d67d3f2c3821859a82bba314,prickly heat; itching skin eruption
686a828c394f57903f8c349af61f271c,poor and useless grain
3d8bf72142ebf6cefc4413e8efec6b77,pagentry; show
13d9173fd8c031b139be36976e39614a,ditto
e6d185f3b0441adace7c08953cb8f58c,selfish person
760d4292f16726e3130fc2d488eccb46,pumpkin; squash
cf879ae03da42a66060f5406d1f335e5,stout; strong; cogent; robust
951c6690aad1efb6fab244cb6206bea0,straddle; stride
9f9814d25af9841f032892453cea430e,sexual intercourse; cohabitation
590d4f0882eb54dcd1b1d801d83d63db,uncleanness; impure; dirt; filthy
56c18029d13e5e106d777bdc12e8d973,unblemished; untainted
293820e95ac5a779350bc965501e3f77,immaculate; pure conversation
893896285041861bf8b2faef33c34319,splenetic
f6500daf4783b99b34c1d386b4c13a32,reprobate; censure; reprove
0296c9e16a1f48659b694eb02d5b4206,chilly; cold
dd15d9d27d01ef1720685d39f8ec78ec,forget; forgetfulness
78a08d256069a761c81650915c3925af,froth
1f47b5548910f7b5128a5d6985875238,blow; puff
1e45ed133d0a6db94baf2b44736f8f21,belch; vomit; retch
b32537a7b8691e0e5a1effb736c1047e,make game of; laugh; ridicule
789b9951946204af6f29d7894940e5dc,satirize
39abb61100a70665400e9eb9124a015a,comical
66b932dfe6b4ebc4cc15025f32eaa5b0,compound; mingle; mixture
31f80359939fa845f2b5e579dbf79673,interspersed; mixture
1a1ecbaae5adf8d1021b6397a16f21ed,ingredient
d1bdedccc67ecfdebac22e0ec16e9379,medly
479e1fdaca523d28c8e9478d039f9231,drink; quaff
12662ca995a01b62cf28a38f1394f98d,a little foolish
b4eee01cdd2290a70d75050c5d0192dc,churlish; discourteous; uncivil
cef2ba517ead5e6550bbb201406ab5c9,glutinous; adhere; stick
a778ab443004ad0ecdf47fa3a0c76003,harrow; weed
dea550f06a500b72ecb2cc84bdbc94f6,peck; cut into; dig into
5a26a40b5d1738a5d6ca4d8ef3c3130a,maimed and halt
3784c8e4efb9eb19a306cad106b777be,zealous; fervent; eager; earnest
3953f514622416ea03e19f6a1f954823,tip; point; spike; cone
31a8d304376db5c16dc80ad3043b47b4,sharp-pointed
0e6345aa7e51c17e8c249d20a36672b3,vivacity; smelt
31546b9715c5b3d3cf266e360f5ea10d,intoxication; drunken; tipsy
7efa11ac5bff9fea206f319148840f8a,drunkard
dd193c4d0e312ccbbb8292130f01cb89,connect; do by degrees; gradation
f91a1e2b74da2c7dd7d4e8a9d8a558f0,stop up a hole; cork
b8e9c840722611595abbd153596ceac7,knot; tie in a knot
17b7b11f03c02e2a2c9e7b7fbc2f5d4a,vacancy; vacuity; vacuum; space
e7c1603da73e6e1edf40cb9ccc3d3fab,vacant; void; blank; empty
ba3174e7c87c27264ec8d317f3671ea8,lease; rental; tenement
688fc1ca0d645407a993fe3bb387b350,die in warfare
7f0564c8b198d35305611999a4361e0d,sound; healthy
44f58680ced2f48d5fab2247fc577a45,taper; make a point
f31c05db34dfaa4c4760a8aeb6b4f560,millet species
9acf88a94a3bc22d4986f4a64eca701f,spacious in all directions
331fe1495059ddd986519b8c1ae83d39,tall; high; make cooler
da336ddfc50c41ffb66b79783d900bff,spacious; roomy; wide
914dc2a7caa1b1e0b2df8d54e4f82bcb,slander; obloquy; slanderous
724658860c8f530caf58d2b120bffe60,amity; intimacy
8393c998300ba4a1ded7245e285415fd,company; friend; fellow
55a04c1c930090aa21373c3b8a654ce5,friendless
b5a65835574a9ca6952d740979ff7535,society; fraternity
bb133c73a8af255180f96e3c48602bb9,combination; combine
65d6de3ca13ec9cc34b9bfa8af22c854,intimately
93349189c5d0219ba8b20ca7cbf068a1,friendship
ae9165f80f3ab6fddb783ce1ac22de73,call upon a friend
5d158f091f029d001177164ffed8505a,headlong
49fc5273aaaff6a69938ef601b0e7c36,reality; truth; justice; righteous
8c5829d4669b52f24fe39774ed422e48,legitimate
c63da6f217396d855f9dda150c82cb97,candidly; correctly
ee58b64c2e355f6a1f465f1a0be03520,direct; veracity; right
8ba0a61dd3418cc66b48d9d694ab0a50,multiplication; predominance; special
4411c7500ea251558c411a785fee5b6e,interval; respite
7396acba53540f6bc7b9e29284c84c5f,relieve pain; kill worms
7640416cc6bc34cc82a70eb6f3f892ef,vindicate; vindication
cc60e04daa10cb82d817739a9ed800e4,wanton; voluptuous; sensual; lewd
54bfe4dd93520fe4366f9a1551f5c5e3,ribaldry
9038d4b8bf3c795cdda1e7b4e1aecef7,pleasant; pretty; delicate
f2ce3f0ea1ce2007e3267652527a66f1,remove bad smell
ad917bdb85c01fbabb7a404382c465b3,probity
29d7dd2cd88b47470665532c06376ada,brisk; blithe; with joy
5b2d4484498235e80d61a233a7c04991,tan
dbaecf021fb50480f6e06650058487e1,tanner; tan
c710fca3f50f7aa0fdfa1dc5eb70cb4a,pure; free from impurities; holy
bdee739ebec162311b5775a6971562d7,diction; talk; speech
949e4dcc78e81487bffab32a87d9837b,first appearance of fruit
ea743aacc837261e04d9bad20a10ae28,accede; acquiesce; allow; yield
e32be614ccdd6a11c827832751a89a01,add to; increase
eda991383fe52ef71397913b8ecb3e0b,flinch from; shiver at
6946930460aa70e817e169b3986dc6e7,cherish; foster; superintend; protect
4e7c3bc63a632da57a12db2dc5c472ef,warder; superintendent; guard
d677d863858070a3777541cac8484af6,fondle; stroke; pull off
fe393cab0dd23523e1863d47b88b34be,sip; taste
e3be64dcb2ef095e707b7347f3c770e3,wound; incision; sore
34dc2cd1276ffaa96102030a72403efc,medicine for wounds
ccaac7d2b924d3d06dbc4bb9199090a2,soften; softness
8221b094b7b977850b65e92d89ce85e3,administer; give; bestow; offer
4ad3b9e99c8c96cd4c99d9cabf181b7d,giver
c93ea60d3baab5ff97458de9d55230ae,maturity; mature; ripe
f6a898459abe013e95ab552a424d4cb1,maturely; ripe manner
ed47412c930c07a149c13fc3f55edec6,south of Ukhrul section
0f8129fb8d26f12edccd004379a13812,mouth; muzzle
12246e27a1e7c246e09a0242f9a4408d,mildew
4903008fdf43e292e75793d2eabd6f97,by the mouth
0d38384a0129ec3f58eb19fac00ac4a5,oral; verbal; vocally
f8754d56a04aef599f7229cc81853893,blow out the cheeks
7913a7ccb6ccf31744bf80aa1875ea4f,bake bread
623466d63908ff643b88d946e2f2fbd6,baker
2e728dd31fb5949bc39cac5a9f066498,biscuit
5f380349ccfa2edc9d7c8f3863c088da,loaf of bread
828d84b57dd720bf4ae1ed34cb80833a,impress; print
3e09a147ecac15fad1fe3ddfc1620edb,stress; pressure
bb2cbde4e0c2208821f5eeedd256569a,with difficulty; with sorrow
28e2587e14e30f555d3482216b5ae1b4,trouble; tribulation
6c1d86957be608adeacc3837d928679e,tire out
1bc9556ae8df0810656741540f686831,afflictive; afflict
234a7f0b6e06fc2d330889dc985d438b,day after to-morrow
7495b47dc714a9ac117cb45f90bb8f87,stun; deafen
601d594cc502f0c9ab0f150ab95d1570,deaf person
380163ce1eb96b75e83509d32342f4ec,ear hole
af2a9af3b8601cfaa666f5bf3764fe71,wind; twine; twist
d3ada804503a648cfb3bd3b388a27912,run over
b4aaa7ad13bbbff0cbfafac7c107b7f9,work to a finish
cd4d55c9f5e18a1cf137b0f1be3a8cbb,usage; habit; ordinance; fashion
fafd4e2003d8ed7fa4d4c2d8052920b0,regularity; modish; regular
b1e40cef79f84add16ee3e691b273987,prevalence
1e6c32f8e1ce3f89e7d4c6c520cf105a,accustomed; unaccustomed
9095783d814d50e9de6d2b554fc7667f,accustom
a09f072dc2bb5d04f214810ac663da17,antiquated
575d568658ddf1123b6bf8d4ecacbbcb,ceremony; rite
c9dcb1b8cccc8c6dc2a5d40cd5b1d010,formal
6fb08a3a04293c0a8209cdbf61da04c2,out of season; out of fashion
797980c83f3b95de75c829a7fb4851d0,barbarian; boor
98d476c24067b51ce111a2335cddd090,barbarity; barbarous
3ec0b201506e6251a59d27dd74566fd9,current; custom; habit
5f5b3970edcd2052a6c1c75ee0a26457,proverbial expression
178ac33dfc50ee56dea6aca5cdb9f470,ordinary
0cee0f539349308fe2503ba97bcfb33d,wear beads
75746a77643fd21b2f1b870a30b1438d,defer; procrastinate; delay
0e49a56afb5c54a6fe7d6a5eb725b345,immutable; constancy; stability
e133521f838801fda6c157411dac0e56,take fright; fear; terror
c942d4e35d141f2b362fa44980f2438e,temerity
2753506f551574d4862c59ecab9d52a3,film; frozen
9d17fdccd5be822253e7484b25a0fdb0,danger; jeopardy
057544ab129457afa3988d6782c280e5,make water; urinate; urine
871d64d0e05d2819788e171622faffbb,frightful; terrible; grim
5362909f7c7b419336571a0169b47ad1,frightful form
21b999b610add7847a682093df98b14a,too large in size
284d51a071ec8addcf73eb118ae37ab1,subsidy; support; recourse; help
0a95f32e366e9f108b8c284e4a76341b,by one means or other
723c25877a86786664edc4b643c08a6f,unsupported
a47b619c65a95dfb02126b80c61ffe40,lay on the back
7676778879b74ab33c9f9bdb9370de11,lessen in size; go down
96f9d9648cf447d64b9587008007ca7d,stand in slanting position
dda8fb44ec377e1cc45fd6bf0a55c67e,edge off; nudge
90bb481e75ed2f6cfa76977f02b98545,emulate; rival; excel; compete
a6727cc0de883be213634a22c0b4a967,ask; question; enquire
c7ccf77ee51ca3c59be6bf099049d9cc,hard question; difficult question
e1014dc70af109d7e12d154600844ed9,represent; representative
cbbc85efb3b071d896cf6479ad8c3cae,simmer; boil; fermentation
db2f805b31ca5e9b069a05a0475fb3c2,pursue; keep in mouth
a822ee8f9d1a65e26e03145ab524832f,put on clothes
fa54ff0e9915ca22ae818084f6a5a27f,put on boots; put on shoes
2a212d18d855bcb12ca840146a41c710,chink in door
c82f70a9f7bb98aa25516f5c98477ee1,assemble in crowd
adc8ca22ab32b24941e7bdca88cf3572,gambler; gamester
fcb2a137da231d64319e35897c257034,call up; induce; persuade
74103bf01a1d7011ffaa34830ec190ef,moan; wail; call out
cc3216b3c60fd8ea5c7a8abcd3de6f82,fade
d033efabfef7d07955247d414ffefebb,cut in two; cut in pieces
e53a1e08bd1c105991f7313a03b7473b,share; shareholder
27ab771ffe99fc7ef20aed156840928b,have compassion; go without
85b4d0a8c8b7cc33ebea79622ff6d01e,phylactery
95c5b7ba639bdf7bbb78dc413229d7fe,call together
ea752ee7439259faad22deba2755bba7,speak through nose
06161779d3c5ad67155e7e14cbe04941,connubial
1555c4347319a502a1927656999a300d,haul; lug
1a53512e2d21de9705ca6ce88e201d85,vicinity; side; near
41159e627c3a65cf4a9aeba8b762e6d0,side by side
448db323c1bfb83f901812a9959a2cdd,adherent
fa0ccf02b03478d964cb0795786a5b0d,strife; fight; fray; conflict
f7042acca8fa6e3519c358c0a29bdbaf,taste; flavour
5ee3e31292ab771f7be227f0137d46b0,combatant
f14c5343b549b6d028e04bc7132e8b92,prime minister
dd0e8ff4245a8d120f02873869e7853d,tender; palatable; good flavour
8b355264d2be401bcb078f6f58110896,insipid; tasteless
7ded6cbd9a1943d3bb332c1e9172948d,persons of rank
3cee80cc852544cfdc0420ec7cd4d33b,persons of weight
689b98740dac1cad0c272b1c40f03cf6,unsatiable; voracious; rapacious
71ea94409b0dd45883410dd453e65f2f,move slowly; begin to cry
277e8e93c16089f494696afc04197a98,dim; make indistinct; fog; darken
807528bd25bbb3e839d17e74845e79da,disappear; cease; non-existent
6504b743be5d1139e78bff094987771c,glutinous paddy species
997cbb68e0b19cfd3ee07fa66d8b80c2,slip; be slippery
e2f9918250d888ed4da5f6a7cf050a55,slip; smooth
fa644fce380c303ab1278c68de80e459,proximate; near; nigh
a560d1c98e056ebfb705fd2e486fd2de,smoothly
34bf3359ebf3f0056fecb489383c61a4,odour; scent; smell; savour
ec87f36f85384b4fe5990f713c511d68,snuffbox
cacd01f3c85d47b00350c735da8ac903,scentless
18b5d5cfd9c9c53739960d0334092fb3,be risky; be afraid; roar
ac4ef074484adf6bdbce2924d5d1b724,light; nimble
174d5c72ff56dd75217daa39bdbdc2c8,stick together; keep firm
6000dfcb48fd954d3e0b1c5e6882fcf5,mind; take heed; heed
ecd74d01715307e34574b3d8dc212420,be anxious; painful suspense
45adcbb94635e78eb93ff08a3066abd5,suspense; suspension
48a21031eb54d690a751e12b63238a3b,nurture; subsist; support
b4d266d389aad3aaef17c90c66d18465,young; fresh; tenor
32ef6d7e4026e7c39d8ecdbff7cd2069,strain
1588c75f85b936ed3ba7b6c1e6f00da9,taker; looter; loot
74e63d7f3d6e684c07442c8e7ad81f63,claimant
6b49035518f9ce1e4c4510776c450564,too short
fe163908bed7a0e511003e944f62ef31,suffuse; overspread; overrun
0c08b2940e218d7cc4a63c8963f0969d,overtake; catch up with
67fd4e148ab43fff7fdedc7b00e10857,surge; wave
da74ee7e4b420776629f7b03419b181d,state a case; give evidence
f436a748807fc7de75f28ee4920c8122,mange; itch
239bbf286f4303bc51ae04123849f1c8,addition; extra; extraneous
3e314297b754d537f6ed1ee83294570e,close up; stop up
d1105453de0fd7a8bd6d8e73e6d13042,overt
7c4c8675d2010d9522b55da73f6b5ddb,strike clothes; washing
e6e31d47fcc44c7dda099ca22b764109,purge; evacuate bowels
74011655449637bf77b8fb1ee7676806,aperient; purge
c6a3b0344d21c38939fc1767c59f1f05,compare measurements
ef008208abe313bd00de0460cee9dc0d,put into taboo; refraining from work
c42185c1035c6854bc97a61f0716d09b,flippant; handy
d0071383c4feeb61a52618db62eac51c,get ready; prepare; arrange
5bec523066677e405ce56c291f2536bd,one who arranges
24e33b9857367fef7ea6dd8b7cf624d5,foil
00cdfe0d41ece528b945dee6dd5532b4,causeless; without preparation
ec0cd3cb91fe82b9501f62a528eb07a9,execute
7d4cb2b4b9010239fb663986319614d0,wind; cleave; twist
d8edd677e1e1881065e4cdaac95bcc64,lop eared; folding over
2e5a2bb55a1076a72d5d9326ade7db2a,play; gambol; game
fabc7773a77e660808b0ebbc4b7d1f7d,anything metamorphosed; mythical beings
4ddc6cb26fd0d475518515dac2b250e2,circumspection; wary; vigilant
e45eb4c0a04271de2f798ced376a071d,hurt; be wounded
8edca8d8be5abe1a06bcbd6a68c39dd6,verity; truth; veracity
fbee03c29d7bd68e321023b6967a2aea,justly; correctly
e09ac3ab73bca0d96030764d853ce241,backslide
8d4262e47ef7d9532e1d2cc8c77b66d1,run through; pierce
809ddfbab648bc20168f272c40089f61,unit; addition; union; combine
e897d057a3354d6da4d790925122fcec,drop off; fall off
2c08ed80ae3ce419d3cb9142f76d1872,wash clothes
75740b6319d7b126fdd16342efe8f6c8,run; bargain for price
808714860d46173b508120971c8f8714,become; turn out
f80870ef8b60e75b62c4270b0761887e,dues; levy
891f1f4d37764e25f1d7df7f9386efb8,press; throng; collusion
a38f3b836bf893ceb0b519d5592a283d,be in debt
a1956e74b10fb0a1256ba0acc44a5843,be together; keep company
a57cca2cd4317199b7402ea925955ac8,watch for enemy; watch for misfortune
2c207c73917614354bf973324429faa3,sexual intercourse; cohabit
f5825d1ea83f339a52d7e438e2ad26ae,subjoin; belong to; affinity
d055d34d6d2b6e71302d7c831f8da843,twin child; second wife
9e48367329eae97bbebe7f503a726338,cast lots; decide; valid; promise
a0acfa46d86f7610b2c73dbb28f64701,period
0e41bd18171723d9bba5de4ce78b4901,reason; intellect; faulty
d651c75ada35eb374b925687356a4140,irrational; instinct
7a0dd6e69d789844dc5cba983f34681c,rumble
0ff0bdb8e4c7a8bc6e8d00d25b8b2515,lay on the side
8f355a3ff05ade5582f06f6e7ac0dc4c,joined; accessory; accomplice
4bac3271902b6b0c7fb7dba69a05d2a8,antagonist
348807e5718c40183af7480a5d6559ed,grind; pulverize
42c2a7ece7a9c5a3dd17f1ebc98572a0,energetic in work
ad833bed2f03297372f7ceae7956aeb2,straight; boil violently
694ca4f78b5bf1894cfe71b07c99cb11,separation; besides; difference
c17e9fc541741c576ce57c04eacb4f78,contingent
de64b878bf1a825bd25aa23b6739d6c3,various opinions
af9f78d95821540d063b364c9bab8df9,bloom; blossom
d4a804947b0754e6dff1d6c7372186cd,wash face; make clay
a1d7850c52bb4e1783e85e8a0e0e7303,exchange; movement; motion
ca789b26f27a84744eef5416e9cb9606,secrecy; privacy; hidden
2def640453d22d6d7e081bbb1b62f081,wrestle; wrestler
dd07a9d3e0f6e7882f158bf55bf0c727,carry on shoulders; shoulder
7def63298b516e56391cd08b9fce31cb,wear clothes
e17cf25503f70bd66ebcb1dc436735c2,wearer
c365acf22425901b3f7847ed55960539,robe; mantle; scarf; vest
783c7e1bd4370d39cc7db1a5477f5ced,good company; fit company
65de988f18fe635725d878f6f965fab2,be thick as milk; curds
59689665b158ce2b20e8d05f89ac528f,fine; finical; thin
8313701e491d6ddc2b54ee4b19346924,be deep in mud and clay
a9b89d2d260158e5658517cad539c988,fleet; slight; light
d5c89d1dbe65c3f2c00fd41f68c4680a,smack the lips; savour; tasteful
1341e7519d23ca8ae53131aa0d320394,trickle; leak; ooze
5f573526c4cfaecd2f318d86900d38e6,brandish
b566deea4909231b56b2d0eaec439013,divide; part; collate; distribute
62e5ae250e1de3dd9e47c57cc3f7e4ce,scatter about
9a698c82ed82ae2fea375185a5c3400b,ghastly; unnatural; mythical
7960f1ef5b1fc937422a3b79f99c9eff,anything metamorphosed; mythical
aa712c19a82f33c88eff467de755d976,refuge; shelter
913007e2422fc5bc76aedc9acfc82da3,weak; helpless; weakness
7c4b97e1d71bf44b9983629ba44c02b5,incapable; weak
79536fe0cabb90cfbba81240a72dbe27,talk; converse; gossip
c137438e8f2baa7aba0a21f9ac1d304c,too small; overcrowded
3105d9e8c60f1fc40a4deeaf28ce7067,immovable; strong; firm; rigid
3b133fecbf19f34484c62c24207a37b0,firmness; steadfastness; steadiness
a670194030b6f05fbec60d5319a16930,eke out; make do; dodge
ec243f8d28ae571040b1ce3d3d7a68fc,bear a hand; lend assistance; aid
fe2427afd73be6459b10608e63e55599,keep watch; tend; resist
882115180a1eb6c04eb83e2d27efce06,pastoral; watchfulness
b63534b6f2abcc0197593c809d89fff4,fry; patch
e9c192634e96061c2dc1a679a50f35eb,fault; inadvertency; pale
1d52212d1ff9c31d225b657e78809048,small fish
7229156aa52126b26a2d2a78b154074a,complete; finely powdered
bce776cbceb8e9ed038f13f75cf324c1,boiled rice mixed with water
fb152ffcdaf7470dbe1817c84dfffd77,both; two; brace; couple
24f1b0a79473250c195c7fb84e393392,duplicate
9fc67323d65332944c3253e195a1d3ba,two-fold
e8cd7da078a86726031ad64f35f5a6c0,double
5fa1b50687d655e8e7e47df31512879c,two and a half
3b72c20f500ff0b02a5e51878846bd29,twice over
d5197d93c063a2b1e22d1630a39b7aef,temporary
5118df4739046c982f6f9220461c767e,equanimity; meekness; mildness
2b28f5fdf64176c466ec4a4384fb7607,measurement; 2 fingers breadth
0644d5f94f4b717c26ac98ab23005d5b,growl; snare
2ca33fdea16c74b8fce2e955db43f337,fourth day
98bd1c45684cf587ac2347a92dd7bb51,last
c07be9dab013825c07e1780f166c795c,ultimate; subsequently; lastly
fc15ba6521d622a600991e21ddc9fa7f,consequent
cc8df9ff8b257c626db8defff519f0cf,prophesy
b0a0c1146cfdd2c67b0d5f359bc53349,prophet
cdfa9d5245d947d5ae7903176678c42d,prophecy
596f34bc457b99b2e69f9d055058993a,futurity
6f988aae3b787b502036913c966fe236,subsequent; latter
5edf658ed971ff35e42d1532cdc26f5d,final happiness
37b83de058473f358576a8b0bd1f465b,ring; ferule; link
dc7a3fb7c064dbd05955c2a6c2cfc559,every day song
1a98b391169c20a153c8a52a4e24b707,doctor; physician
7cbdd4e997c3b8e759f8d579bb30f6f1,medical
b7daf38f1acee25cc9930e8f99ccbce8,sleight of hand
050efa4062e0d92672b3a099a2a95229,sprain; strain
4131d75ed98882566390b88649a3198e,discreet
806b7d85faa58e972fdb4ae3c7046855,imprudent
8bc7340112cd456667f2a973febe5d43,aback; backside
a202f2b736c3efb6a541e00377d2d567,shake a basket
dc6f5f96bc19697b44e4375345118b09,pair of scales; measure
faea76dd11c41e6fc9d117f5167e10f5,cut through
397876c74244de931b5543b3b8c20a8b,scrub off; get off dirt
3b4d678ae6bf5063be3558fc9ff6a4f8,locusts; grasshoppers
6cea595c8cc1817f94848c8ec882f2b3,pocket; purse
baf85ef4c44d41741bd61128ec065c18,fish of all sorts
f3be822fd2331f0df171455adb19a779,Indian fig tree; rubber tree
8fd6a060e3fb5551267245bd952bac70,fig tree
7ac9c60556c4d923d7d3d17f5e9c09a3,pick pocket
9ed0211c2260f0f78ba7e0ce876203dc,cord; creeper; rope; string
fd3696f08ccacdbaa1e28018cb9e6a34,stripe; tattoo; notch
fc594dca07cd7ce730ab6aeaebfea865,cord; tie up
c35e38d578f042c604c04a6c7fcb2be1,creepers of all sorts
f16836df2b231bca8ead02186866b8f2,knit; plait
a79c9cc64d4ec1881fea96d5a0a522f1,dismate
8fd2982e277a9f278bbe23951b90ea7c,pilgrimage; tour; trip; journey
2687429b1602f3019d456c8f6b1d2887,convoy
18d8b4a8951939286e76c7f7d0c1d907,pedlar
122f8e39e40d40764f06eccd9ea5a77b,bird in June
31b97a053320d6d125f3cc59fd14a629,passage boat
2af071d1ff21cc58358dfbf93354adb6,cut off head; execute; posterior
0a85d4c5edd61f5eaf3e1f0bd6e8f7c6,wild fox
186714df571858a06f85f94db5e35a24,species of kite
ff42e257c40823a6daf2836305a894ce,senior; adult; elder; old
d51cc26270066a1c38583deda0b53cdf,story; account; history; tale
8a401877b84c6159eb8469bbe01bc68f,anecdote; memoir; short story
c076e153ec17ae65ff4c974b2f5763f6,angrily
b991d333eb54175580c77914aa73b76b,invective; abuse; reproachful
97990d261fe85f56d8d478a741bbf915,spring; shoot forth; shoot up
df03bcefdb396c05264ee76b4b8e8494,provoke; irritate; exasperate
51e810e3d02a5244a3a1200abc5fa1ac,stop / shut
